-- phpMyAdmin SQL Dump
-- version 4.1.14
-- http://www.phpmyadmin.net
--
-- Host: 127.0.0.1
-- Generation Time: Mar 28, 2016 at 06:18 AM
-- Server version: 5.6.17
-- PHP Version: 5.5.12

SET SQL_MODE = "NO_AUTO_VALUE_ON_ZERO";
SET time_zone = "+00:00";


/*!40101 SET @OLD_CHARACTER_SET_CLIENT=@@CHARACTER_SET_CLIENT */;
/*!40101 SET @OLD_CHARACTER_SET_RESULTS=@@CHARACTER_SET_RESULTS */;
/*!40101 SET @OLD_COLLATION_CONNECTION=@@COLLATION_CONNECTION */;
/*!40101 SET NAMES utf8 */;

--
-- Database: `classifiedsite`
--

--
-- Dumping data for table `category_main`
--

INSERT INTO `category_main` (`main_name`) VALUES
('Business, Services And Industry'),
('Education'),
('Electronics'),
('Fashion, Health And Beauty'),
('Food And Agriculture'),
('Hobby, Sport And Kids'),
('Home And Garden'),
('Job Vacancies'),
('Other'),
('Pets And Animals'),
('Property'),
('Vehicles');

--
-- Dumping data for table `category_sub`
--

INSERT INTO `category_sub` (`sub_name`) VALUES
('Accounting / Finance'),
('Agriculture'),
('All Animals'),
('All Business, Services And Industry'),
('All Education'),
('All Electronics'),
('All Fashion, Health And Beauty'),
('All Food And Agriculture'),
('All Hobby, Sport And Kids'),
('All Home And Garden'),
('All Job Vacancies'),
('All Other'),
('All Pets And Animals'),
('All Property'),
('All Vehicles'),
('Animal Accessories'),
('Apartments'),
('Art And Collectibles'),
('Audio And MP3'),
('Auto Parts And Accessories'),
('Boats And Water Transport'),
('Cameras And Camcorders'),
('Cars'),
('Children''s Items'),
('Civil Engineering / Construction'),
('Clothing'),
('Commercial Property'),
('Computer Accessories'),
('Computers And Tablets'),
('Corporate Management / Business Analyst'),
('Crops, Seeds And Plants'),
('Customer Service'),
('Cycles And Bicycles'),
('Design, Art / Photography'),
('Electricity, AC, Bathroom And Garden'),
('Engineering / Architecture'),
('Farm Animals'),
('Farming Tools And Machinery'),
('Fashion / Beauty'),
('Food'),
('Food / Catering'),
('Furniture'),
('General Labour'),
('Health And Beauty Products'),
('Heavy-Duty Vehicles'),
('Holiday And Short-Term Rental'),
('Home Appliances'),
('Hotels / Hospitality / Tourism'),
('Household Help'),
('Houses'),
('Industry Tools And Machinery'),
('IT / Telecom'),
('Jewellery'),
('Land'),
('Legal'),
('Licenses And Titles'),
('Manufacturing / Operations'),
('Marketing / Advertising'),
('Medical / Biotech'),
('Medical Equipment And Supplies'),
('Mobile Phone Accessories'),
('Mobile Phones'),
('Motorbikes And Scooters'),
('Music, Books And Movies'),
('Musical Instruments'),
('Office Admin, Secretary / Reception'),
('Office Supplies And Stationary'),
('Other Animals'),
('Other Education'),
('Other Electronics'),
('Other Fashion Accessories'),
('Other Food And Agriculture'),
('Other Hobby, Sport & Kids Items'),
('Other Home Items'),
('Other Personal Items'),
('Pets'),
('Portions & Rooms'),
('Raw Materials & Building Supplies'),
('Sales / Retail'),
('Security'),
('Services'),
('Shoes & Footwear'),
('Sports Equipment'),
('Sunglasses'),
('Teaching'),
('Textbooks'),
('Three Wheelers'),
('Tradesmen / Craftsmen'),
('Transportation'),
('Travel / Airline / Marine'),
('Travel, Events & Tickets'),
('Tuition'),
('TV & Video Accessories'),
('TVs'),
('Vans & Buses'),
('Video Games & Consoles'),
('Watches'),
('Wires & Cables'),
('Work Overseas');

--
-- Dumping data for table `category`
--

INSERT INTO `category` (`main`, `sub`) VALUES
('Job Vacancies', 'Accounting / Finance'),
('Job Vacancies', 'Agriculture'),
('Pets And Animals', 'All Animals'),
('Business, Services And Industry', 'All Business, Services And Industry'),
('Education', 'All Education'),
('Electronics', 'All Electronics'),
('Fashion, Health And Beauty', 'All Fashion, Health And Beauty'),
('Food And Agriculture', 'All Food And Agriculture'),
('Hobby, Sport And Kids', 'All Hobby, Sport And Kids'),
('Home And Garden', 'All Home And Garden'),
('Other', 'All Other'),
('Property', 'All Property'),
('Vehicles', 'All Vehicles'),
('Pets And Animals', 'Animal Accessories'),
('Property', 'Apartments'),
('Hobby, Sport And Kids', 'Art And Collectibles'),
('Electronics', 'Audio And MP3'),
('Vehicles', 'Auto Parts And Accessories'),
('Vehicles', 'Boats And Water Transport'),
('Electronics', 'Cameras And Camcorders'),
('Vehicles', 'Cars'),
('Hobby, Sport And Kids', 'Children''s Items'),
('Job Vacancies', 'Civil Engineering / Construction'),
('Fashion, Health And Beauty', 'Clothing'),
('Property', 'Commercial Property'),
('Electronics', 'Computer Accessories'),
('Electronics', 'Computers And Tablets'),
('Job Vacancies', 'Corporate Management / Business Analyst'),
('Food And Agriculture', 'Crops, Seeds And Plants'),
('Job Vacancies', 'Customer Service'),
('Vehicles', 'Cycles And Bicycles'),
('Job Vacancies', 'Design, Art / Photography'),
('Home And Garden', 'Electricity, AC, Bathroom And Garden'),
('Job Vacancies', 'Engineering / Architecture'),
('Pets And Animals', 'Farm Animals'),
('Food And Agriculture', 'Farming Tools And Machinery'),
('Job Vacancies', 'Fashion / Beauty'),
('Food And Agriculture', 'Food'),
('Job Vacancies', 'Food / Catering'),
('Home And Garden', 'Furniture'),
('Job Vacancies', 'General Labour'),
('Fashion, Health And Beauty', 'Health And Beauty Products'),
('Vehicles', 'Heavy-Duty Vehicles'),
('Property', 'Holiday And Short-Term Rental'),
('Home And Garden', 'Home Appliances'),
('Job Vacancies', 'Hotels / Hospitality / Tourism'),
('Job Vacancies', 'Household Help'),
('Property', 'Houses'),
('Business, Services And Industry', 'Industry Tools And Machinery'),
('Job Vacancies', 'IT / Telecom'),
('Fashion, Health And Beauty', 'Jewellery'),
('Property', 'Land'),
('Job Vacancies', 'Legal'),
('Business, Services And Industry', 'Licenses And Titles'),
('Job Vacancies', 'Manufacturing / Operations'),
('Job Vacancies', 'Marketing / Advertising'),
('Job Vacancies', 'Medical / Biotech'),
('Business, Services And Industry', 'Medical Equipment And Supplies'),
('Electronics', 'Mobile Phone Accessories'),
('Electronics', 'Mobile Phones'),
('Vehicles', 'Motorbikes And Scooters'),
('Hobby, Sport And Kids', 'Music, Books And Movies'),
('Hobby, Sport And Kids', 'Musical Instruments'),
('Job Vacancies', 'Office Admin, Secretary / Reception'),
('Business, Services And Industry', 'Office Supplies And Stationary'),
('Pets And Animals', 'Other Animals'),
('Education', 'Other Education'),
('Electronics', 'Other Electronics'),
('Fashion, Health And Beauty', 'Other Fashion Accessories'),
('Food And Agriculture', 'Other Food And Agriculture'),
('Hobby, Sport And Kids', 'Other Hobby, Sport & Kids Items'),
('Home And Garden', 'Other Home Items'),
('Fashion, Health And Beauty', 'Other Personal Items'),
('Pets And Animals', 'Pets'),
('Property', 'Portions & Rooms'),
('Business, Services And Industry', 'Raw Materials & Building Supplies'),
('Job Vacancies', 'Sales / Retail'),
('Job Vacancies', 'Security'),
('Business, Services And Industry', 'Services'),
('Fashion, Health And Beauty', 'Shoes & Footwear'),
('Hobby, Sport And Kids', 'Sports Equipment'),
('Fashion, Health And Beauty', 'Sunglasses'),
('Job Vacancies', 'Teaching'),
('Education', 'Textbooks'),
('Vehicles', 'Three Wheelers'),
('Job Vacancies', 'Tradesmen / Craftsmen'),
('Job Vacancies', 'Transportation'),
('Job Vacancies', 'Travel / Airline / Marine'),
('Hobby, Sport And Kids', 'Travel, Events & Tickets'),
('Education', 'Tuition'),
('Electronics', 'TV & Video Accessories'),
('Electronics', 'TVs'),
('Vehicles', 'Vans & Buses'),
('Electronics', 'Video Games & Consoles'),
('Fashion, Health And Beauty', 'Watches'),
('Electronics', 'Wires & Cables'),
('Job Vacancies', 'Work Overseas');

--
-- Dumping data for table `location_city`
--

INSERT INTO `location_city` (`city_name`) VALUES
('Adalaichenai'),
('Adampan'),
('Adippala'),
('Agalawatta'),
('Agaliya'),
('Agarapathana'),
('Agbopura'),
('Ahangama'),
('Ahungalla'),
('Akaragama'),
('Akarawita'),
('Akarella'),
('Akkarasiyaya'),
('Akkarayankulam'),
('Akkarepattu'),
('Akmeemana'),
('Akuramboda'),
('Akurana'),
('Akuregoda'),
('Akuressa'),
('Aladeniya'),
('Alahengama'),
('Alahitiyawa'),
('Alampil'),
('Alapaladeniya'),
('Alawala'),
('Alawatugoda'),
('Alawatura'),
('Alawatuwala'),
('Alawwa'),
('Alayadiwembu'),
('Algama'),
('Alubomulla'),
('Aludeniya'),
('Alutgama'),
('Aluthwala'),
('Alutnuwara'),
('Alutwewa'),
('Alwatta'),
('Ambagahapelessa'),
('Ambagamuwa Udabulathgama'),
('Ambagasdowa'),
('Ambagaspitiya'),
('Ambakandawila'),
('Ambakote'),
('Ambalakanda'),
('Ambalangoda'),
('Ambalantota'),
('Ambanganga Koralaya'),
('Ambanpola'),
('Ambatalawa'),
('Ambatenna'),
('Ambepussa'),
('Ambewela'),
('Ambulugala'),
('Amitirigala'),
('Ampara'),
('Ampegama'),
('Ampitiya'),
('Amugoda'),
('Anamaduwa'),
('Anangoda'),
('Andiambalama'),
('Andigama'),
('Andiyagala'),
('Angamuwa'),
('Angoda'),
('Angulugaha'),
('Angunakolapelessa'),
('Angunakolawewa'),
('Angunawila'),
('Anguruwatota'),
('Anhandiya'),
('Anhettigama'),
('Aniwatta'),
('Ankokkawala'),
('Ankumbura'),
('Anniyakanda'),
('Anukkane'),
('Anuradhapura'),
('Aparekka'),
('Arachchikattuwa'),
('Aragoda'),
('Aralaganwila'),
('Aranayaka'),
('Arawa'),
('Arawakumbura'),
('Arippu'),
('Aruggammana'),
('Asgiriya'),
('Atabage'),
('Atakalanpanna'),
('Atakiriya'),
('Atale'),
('Ataragalla'),
('Athuraliya'),
('Athurugiriya'),
('Attanagalla'),
('Attanakadawala'),
('Attawilluwa'),
('Aukana'),
('Avissawella'),
('Awulegama'),
('Ayagama'),
('Ayiwela'),
('Badalgama'),
('Badalkumbura'),
('Baddegama'),
('Badulla'),
('Baduluoya'),
('Baduraliya'),
('Bakamuna'),
('Bakinigahawela'),
('Bakmitiyawa'),
('Balabowa'),
('Balagolla'),
('Balalla'),
('Balana'),
('Balangoda'),
('Balapitiya'),
('Ballaketuwa'),
('Bambaragahaela'),
('Bambaragaswewa'),
('Bambarapana'),
('Bamunukotuwa'),
('Banagala'),
('Bandagiriya Colony'),
('Bandara Koswatta'),
('Bandaragama'),
('Bandarawela'),
('Banduragoda'),
('Bangadeniya'),
('Baranankattuwa'),
('Barawakumbuka'),
('Barawardhana Oya'),
('Batagolladeniya'),
('Batapola'),
('Batatota'),
('Batawala'),
('Battaramulla'),
('Batticaloa'),
('Battuluoya'),
('Batugampola'),
('Batugoda'),
('Batumulla'),
('Batuwatta'),
('Batuwita'),
('Bawlana'),
('Beliatta'),
('Beligala'),
('Beligamuwa'),
('Belihuloya'),
('Bellana'),
('Bellanwila'),
('Bemmulla'),
('Bengamuwa'),
('Benthara'),
('Bentota'),
('Beragama'),
('Beralapanathara'),
('Beralihela'),
('Beramada'),
('Berannawa'),
('Beruwala'),
('Bibile'),
('Bibilegama'),
('Bingiriya'),
('Biyagama'),
('Biyagama IPZ'),
('Bogahakumbura'),
('Bogahawewa'),
('Bogamulla'),
('Bogawantalawa'),
('Bokalagama'),
('Bokundara'),
('Bollete'),
('Bolossagama'),
('Bombuwala'),
('Boossa'),
('Bopagama'),
('Bopagoda'),
('Bope'),
('Bope-Poddala'),
('Bopitiya'),
('Boragas'),
('Boralanda'),
('Boralankada'),
('Boralesgamuwa'),
('Boralugoda'),
('Boraluwewa'),
('Bossella'),
('Bowalagama'),
('Boyagane'),
('Buddama'),
('Bujjampola'),
('Bulathkohupitiya'),
('Bulathsinhala'),
('Bulutota'),
('Bundala'),
('Buthpitiya'),
('Buttala'),
('Central Camp'),
('Chavakachcheri'),
('Cheddikulam'),
('Chemamadukkulam'),
('Chilavathurai'),
('Chilaw'),
('Chinabay'),
('Colombo'),
('Colombo 01'),
('Colombo 02'),
('Colombo 03'),
('Colombo 04'),
('Colombo 05'),
('Colombo 06'),
('Colombo 07'),
('Colombo 08'),
('Colombo 09'),
('Colombo 10'),
('Colombo 11'),
('Colombo 12'),
('Colombo 13'),
('Colombo 14'),
('Colombo 15'),
('Dadayamtalawa'),
('Dagonna'),
('Dalugama'),
('Dalukana'),
('Damana'),
('Damanewela'),
('Dambadeniya'),
('Dambagalla'),
('Dambulla'),
('Dambuluwana'),
('Damminna'),
('Dampahala'),
('Damunupola'),
('Danawala Thiniyawala'),
('Dangolla'),
('Dankanda'),
('Dankotuwa'),
('Danowita'),
('Danture'),
('Daraluwa'),
('Daugala'),
('Dayagama Bazaar'),
('Debahera'),
('Debathgama'),
('Dedigamuwa'),
('Dedugala'),
('Dedunupitiya'),
('Deegala Lenama'),
('Deegalla'),
('Deegawapiya'),
('Deewala Pallegama'),
('Dehiattakandiya'),
('Dehiowita'),
('Dehiwala'),
('Deiyandara'),
('Dekatana'),
('Dela'),
('Deldeniya'),
('Delgoda'),
('Dellawa'),
('Delmella'),
('Deloluwa'),
('Deltara'),
('Deltota'),
('Delwala'),
('Delwite'),
('Demalagama'),
('Demanhandiya'),
('Demataluwa'),
('Demodara'),
('Demuwatha'),
('Denagama'),
('Denipitiya'),
('Deniyaya'),
('Derangala'),
('Deraniyagala'),
('Devalahinda'),
('Devinuwara'),
('Dewagala'),
('Dewahuwa'),
('Dewalapola'),
('Dewalegama'),
('Dewanagala'),
('Dharapuram'),
('Dharga Town'),
('Diddeniya'),
('Digamadulla Weeragoda'),
('Digana'),
('Diganatenna'),
('Digannewa'),
('Dikkumbura'),
('Dikoya'),
('Dikwella'),
('Dimbulagala'),
('Divulankadawala'),
('Divulapelessa'),
('Divulapitiya'),
('Divuldamana'),
('Divuldeniya'),
('Diyabeduma'),
('Diyagaha'),
('Diyasenpura'),
('Diyatalawa'),
('Dodampe'),
('Dodanduwa'),
('Dodangaslanda'),
('Dodangoda'),
('Dodanwala'),
('Dolapihilla'),
('Dolosbage'),
('Doluwa'),
('Dombagahawela'),
('Dombagoda'),
('Dompe'),
('Doragala'),
('Doragamuwa'),
('Doratiyawa'),
('Dorawaka'),
('Dullewa'),
('Dummalasuriya'),
('Dunagaha'),
('Dunkannawa'),
('Dunkolawatta'),
('Dunuwila'),
('Dutuwewa'),
('Echchilampattai'),
('Eheliyagoda'),
('Ehetuwewa'),
('Ekala'),
('Ekamutugama'),
('Ekiriya'),
('Elahera'),
('Elapatha'),
('Elayapattuwa'),
('Elephant Pass'),
('Elibichchiya'),
('Elkaduwa'),
('Ella'),
('Ella Tanabaddegama'),
('Ellagala'),
('Ellagawa'),
('Ellakkala'),
('Ellawala'),
('Ellewewa'),
('Elpitiya'),
('Eluwankulama'),
('Embilipitiya'),
('Embogama'),
('Eppawala'),
('Eragama'),
('Eratna'),
('Erawula Junction'),
('Erepola'),
('Erukkalampiddy'),
('Essella'),
('Etanawala'),
('Etawatunuwewa'),
('Etaweeragollewa'),
('Ethkandura'),
('Ethul Kotte'),
('Ettale'),
('Ettampitiya'),
('Ettiliwewa'),
('Galabedda'),
('Galaboda'),
('Galadivulwewa'),
('Galagedara'),
('Galaha'),
('Galamuna'),
('Galapitagala'),
('Galapitamada'),
('Galatara'),
('Galauda'),
('Galenbindunuwewa'),
('Galewela'),
('Galgamuwa'),
('Galhinna'),
('Galigamuwa'),
('Galkadawala'),
('Galkiriyagama'),
('Galkulama'),
('Galle'),
('Gallella'),
('Gallellagama'),
('Gallewa'),
('Galmuruwa'),
('Galnewa'),
('Galoya Junction'),
('Galpatha'),
('Gamagoda'),
('Gambirigaswewa'),
('Gammaduwa'),
('Gampaha'),
('Gampola'),
('Gandara'),
('Ganegoda'),
('Ganemulla'),
('Ganewalpola'),
('Ganewatta'),
('Ganga Ihala Korale'),
('Gangawata Korale'),
('Gangeyaya'),
('Gangodawilla'),
('Ganithapura'),
('Gantuna'),
('Gelioya'),
('Getahetta'),
('Getalawa'),
('Getamanna'),
('Gillimale'),
('Ginigathena'),
('Ginimellagaha'),
('Gintota'),
('Girandurukotte'),
('Girathalana'),
('Giribawa'),
('Giritale'),
('Giriulla'),
('Gnanikulama'),
('Goda Koggalla'),
('Godagama'),
('Godagampola'),
('Godakawela'),
('Godamunna'),
('Godapitiya'),
('Gokaralla'),
('Gomagoda'),
('Gomarankadawala'),
('Gomilamawarala'),
('Gonagala'),
('Gonagalpura'),
('Gonagamuwa Uduwila'),
('Gonagolla'),
('Gonamulla Junction'),
('Gonapinuwala'),
('Gonapola'),
('Gonapola Junction'),
('GonawalaWP'),
('Gonawila'),
('Gonnoruwa'),
('Gothatuwa'),
('Govinna'),
('Gunnepana'),
('Gurubewilagama'),
('Gurudeniya'),
('Gurulubadda'),
('Gurutalawa'),
('Habaraduwa'),
('Habarakada'),
('Habarana'),
('Haburugala'),
('Haggala'),
('Hakahinna'),
('Hakmana'),
('Hakuruwela'),
('Haldummulla'),
('Halgranoya'),
('Hali Ela'),
('Halkandawila'),
('Halloluwa'),
('Halmillawa Dambulla'),
('Halmillawewa'),
('Haltota'),
('Halvitigala Colony'),
('Halwatura'),
('Hambantota'),
('Hambegamuwa'),
('Handapangoda'),
('Handessa'),
('Handungamuwa'),
('Hangarapitiya'),
('Hanguranketha'),
('Hanhamuwa'),
('Hantane'),
('Hanwella'),
('Hapugala'),
('Hapugastalawa'),
('Haputale'),
('Haragama'),
('Harankahawa'),
('Harispattuwa'),
('Hasalaka'),
('Hataraliyadda'),
('Hatton'),
('Hattota Amuna'),
('Hawpe'),
('Hedunuwewa'),
('Heerassagala'),
('Heiyanthuduwa'),
('Helahalpe'),
('Helamada'),
('Helapupula'),
('Hemmatagama'),
('Hendala'),
('Henegama'),
('Hettimulla'),
('Hettipola'),
('Hewadiwela'),
('Hewainna'),
('Hewanakumbura'),
('Hidellana'),
('Hidogama'),
('Hikkaduwa'),
('Hilogama'),
('Hinatigala'),
('Hinatiyana Madawala'),
('Hindagala'),
('Hindagolla'),
('Hingula'),
('Hingurakdamana'),
('Hingurakgoda'),
('Hingurana'),
('Hingurukaduwa'),
('Hiniduma'),
('Hiramadagama'),
('Hiripitya'),
('Hiriwadunna'),
('Hiriyala Lenawa'),
('Hiswella'),
('Hiyare'),
('Hokandara'),
('Homagama'),
('Hondiyadeniya'),
('Horagala'),
('Horambawa'),
('Horampella'),
('Horana'),
('Horapawita'),
('Horawpatana'),
('Hulandawa'),
('Hulogedara'),
('Hulugalla'),
('Hungama'),
('Hunnasgiriya'),
('Hunumulla'),
('Hunupola'),
('Hurigaswewa'),
('Ibbagamuwa'),
('Ihala Beligalla'),
('Ihala Gomugomuwa'),
('Ihala Kadigamuwa'),
('Ihala Katugampola'),
('Ihala Kobbekaduwa'),
('Ihala Kottaramulla'),
('Ihala Madampella'),
('Ihala Puliyankulama'),
('Ihala Walpola'),
('Ihalagama'),
('Ihalahewessa'),
('Ilippadeniya'),
('Illukkumbura'),
('Illuppaikadavai'),
('Ilukhena'),
('Imaduwa'),
('Imbulana'),
('Imbulgasdeniya'),
('Imbulgoda'),
('Imbulpe'),
('Imkkamam'),
('Inamaluwa'),
('Indulgodakanda'),
('Induruwa'),
('Inginiyagala'),
('Ingiriya'),
('Inguruwatta'),
('Ipologama'),
('Iranaitiv'),
('Iriyagolla'),
('Ismailpuram'),
('Ittakanda'),
('Ittapana'),
('Ja-Ela'),
('Jaffna'),
('Jalthara'),
('Jambugahapitiya'),
('Jangulla'),
('Jayanthipura'),
('Jayasiripura'),
('Julampitiya'),
('Kabagamuwa'),
('Kadawatha'),
('Kaddaiparichchan'),
('Kadigawa'),
('Kadirana'),
('Kadugannawa'),
('Kaduruwela'),
('Kaduwela'),
('Kagama'),
('Kahaduwa'),
('Kahandamodara'),
('Kahangama'),
('Kahapathwala'),
('Kahatagasdigiliya'),
('Kahataliyadda'),
('Kahathuduwa'),
('Kahatowita'),
('Kahawa'),
('Kahawala'),
('Kahawatta'),
('Kaikawala'),
('Kakkapalliya'),
('Kala Oya'),
('Kalagedihena'),
('Kalakarambewa'),
('Kalankuttiya'),
('Kalatuwawa'),
('Kalawana'),
('Kalawila Kiranthidiya'),
('Kaleliya'),
('Kalingaela'),
('Kalladiya'),
('Kalmunai'),
('Kalpitiya'),
('Kaltota'),
('Kaluaggala'),
('Kalubowila'),
('Kalubowitiyana'),
('Kalugala'),
('Kalugamuwa'),
('Kalukele Badanagala'),
('Kalundawa'),
('Kalupahana'),
('Kalutara'),
('Kamburugamuwa'),
('Kamburupitiya'),
('Kanadeniyawala'),
('Kanagarayankulam'),
('Kananke Bazaar'),
('Kananwila'),
('Kanattewewa'),
('Kandaketya'),
('Kandakuliya'),
('Kandalama'),
('Kandana'),
('Kandapola'),
('Kandavalai'),
('Kandegedara'),
('Kandepuhulpola'),
('Kandy'),
('Kannattota'),
('Kanniya'),
('Kantalai'),
('Kantalai Sugar Factory'),
('Kapugoda'),
('Kapuliyadde'),
('Karachchi'),
('Karagahagedara'),
('Karagoda'),
('Karagoda Uyangoda'),
('Karandagolla'),
('Karandana'),
('Karandeniya'),
('Karangoda'),
('Karapitiya'),
('Karaputugala'),
('Karativponparappi'),
('Karativu'),
('Karatota'),
('Karawitagara'),
('Kariyamaditta'),
('Karuwalagaswewa'),
('Katana'),
('Kataragama'),
('Katiyawa'),
('Kattuwa'),
('Katubedda'),
('Katudeniya'),
('Katugastota'),
('Katukitula'),
('Katunayake'),
('Katunayake Air Force Camp'),
('Katuneriya'),
('Katupota'),
('Katuwana'),
('Katuwellegama'),
('Kavudupelella'),
('Kawantissapura'),
('Kawudulla'),
('Kebillawela'),
('Kebithigollewa'),
('Keerthi Bandarapura'),
('Kegalle'),
('Kehelwatta'),
('Kekanadurra'),
('Kekirawa'),
('Kekunagolla'),
('Kelaniya'),
('Kella Junction'),
('Kendagolla'),
('Kendewa'),
('Kengalla'),
('Keppetipola'),
('Keppitiwalana'),
('Kesbewa'),
('Ketaboola'),
('Ketakumbura'),
('Ketawala Leula'),
('Ketawatta'),
('Kilinochchi'),
('Kimbulapitiya'),
('Kinniya'),
('Kirama'),
('Kiribathgoda'),
('Kiribathkumbura'),
('Kiriella'),
('Kiriibbanwewa'),
('Kirillawala'),
('Kirimetiyawa'),
('Kirinda'),
('Kirinda-Puhulwella'),
('Kirindawa'),
('Kirindigalla'),
('Kirindiwela'),
('Kiriwattuduwa'),
('Kiriwelkele'),
('Kithalawa'),
('Kitulgala'),
('Kitulgoda'),
('Kitulhitiyawa'),
('Kitulwala'),
('Kiwula'),
('Kobeigane'),
('Kochchikade'),
('Koggala'),
('Kohilagedara'),
('Koholana'),
('Kohuwala'),
('Kokkilai'),
('Kolabissa'),
('Kolambageara'),
('Kolombugama'),
('Kolonna'),
('Kolonnawa'),
('Kondeniya'),
('Kongahawela'),
('Konwewa'),
('Kosgama'),
('Kosgoda'),
('Kosgolla'),
('Koslanda'),
('Koswatta'),
('Kotadeniyawa'),
('Kotagala'),
('Kotamuduna'),
('Kotapola'),
('Kotawehera'),
('Kotikawatta'),
('Kotiyagala'),
('Kotiyakumbura'),
('Kotmale'),
('Kottantivu'),
('Kottapitiya'),
('Kottawa'),
('Kottawagama'),
('Kotte'),
('Kottegoda'),
('Kottukachchiya'),
('Kotugoda'),
('Kuchchaveli'),
('Kuda Uduwa'),
('Kudagalgamuwa'),
('Kudakatnoruwa'),
('Kudawa'),
('Kuleegoda'),
('Kuliyapitiya East'),
('Kuliyapitiya West'),
('Kulugammana'),
('Kumarakattuwa'),
('Kumbalgamuwa'),
('Kumbaloluwa'),
('Kumbuka'),
('Kumbukgeta'),
('Kumbukkana'),
('Kumbukkandura'),
('Kumbukwewa'),
('Kumburegama'),
('Kumburupiddy'),
('Kundasale'),
('Kuratihena'),
('Kurundankulama'),
('Kurunegala'),
('Kuruwita'),
('Kuruwitenna'),
('Kuttiyagolla'),
('Labbala'),
('Labukele'),
('Laggala Pallegama'),
('Lahugala'),
('Lakshauyana'),
('Landewela'),
('Lankapura'),
('Laxapana'),
('Leliambe'),
('Lellopitiya'),
('Lenadora'),
('Lewangama'),
('Lewella'),
('Lihiriyagama'),
('Lindula'),
('Liyangahawela'),
('Loluwagoda'),
('Lonahettiya'),
('Lunama'),
('Lunugala'),
('Lunugama'),
('Lunugamwehera'),
('Lunuketiya Maditta'),
('Lunuwatta'),
('Lunuwila'),
('Mabodale'),
('Madahapola'),
('Madalagama'),
('Madampe'),
('Madapatha'),
('Madatugama'),
('Madawala Bazaar'),
('Madawala Ulpotha'),
('Madelgamuwa'),
('Madhu Church'),
('Madhu Road'),
('Madipola'),
('Madiwela'),
('Madugalla'),
('Madulkele'),
('Madulla'),
('Madulsima'),
('Maduragoda'),
('Madurankuliya'),
('Madurawala'),
('Maeliya'),
('Magama'),
('Magedara'),
('Maggona'),
('Magulagama'),
('Maha Ambagaswewa'),
('Mahabage'),
('Mahabulankulama'),
('Mahadivulwewa'),
('Mahagalkadawala'),
('Mahagalwewa'),
('Mahagama'),
('Mahagirilla'),
('Mahailluppallama'),
('Mahakalupahana'),
('Mahakanadarawa'),
('Mahakanda'),
('Mahakumbukkadawala'),
('Mahamedagama'),
('Mahamukalanyaya'),
('Mahaoya'),
('Mahapallegama'),
('Mahara'),
('Maharachchimulla'),
('Maharagama'),
('Mahauswewa'),
('Mahawa'),
('Mahawela'),
('Mahawela Sinhapura'),
('Mahawewa'),
('Mahawilachchiya'),
('Mahiyanganaya'),
('Maho'),
('Mailagaswewa'),
('Mailapitiya'),
('Makandura'),
('Makandura Sabara'),
('Makehelwala'),
('Makewita'),
('Makkanigama'),
('Makola'),
('Makulpotha'),
('Makulwewa'),
('Malabe'),
('Malagane'),
('Maldeniya'),
('Malgalla Talangalla'),
('Maliboda'),
('Maliduwa'),
('Malimbada'),
('Malkaduwawa'),
('Mallawapitiya'),
('Malmaduwa'),
('Malwala Junction'),
('Malwana'),
('Mamadala'),
('Mamaduwa'),
('Mampitiya'),
('Mampuri'),
('Mandapola'),
('Mandawala'),
('Mangalaeliya'),
('Mannar'),
('Mapakadawewa'),
('Mapalagama'),
('Mapalagama Central'),
('Maradana'),
('Maradankadawala'),
('Maraiyadithakulam'),
('Maramba'),
('Marandagahamula'),
('Marapana'),
('Marassana'),
('Marathamune'),
('Marawila'),
('Marymount Colony'),
('Maskeliya'),
('Maspotha'),
('Maswela'),
('Matale'),
('Matara'),
('Mattaka'),
('Mattegoda'),
('Matugama'),
('Maussagolla'),
('Mawanella'),
('Mawathagama'),
('Mawatura'),
('Mawilmada'),
('Mayinoluwa'),
('Meda-Keembiya'),
('Medagalatur'),
('Medagana'),
('Medamahanuwara'),
('Medamulana'),
('Medawachchiya'),
('Medawala Harispattuwa'),
('Medawela Udukinda'),
('Medirigiriya'),
('Mediripitiya'),
('Meegahakiula'),
('Meegahatenna'),
('Meegalawa'),
('Meegama'),
('Meegoda'),
('Meepe'),
('Meetanwala'),
('Meetiyagoda'),
('Meewellawa'),
('Megoda Kalugamuwa'),
('Megodawewa'),
('Melipitiya'),
('Mellawagedara'),
('Melsiripura'),
('Menikdiwela'),
('Menikhinna'),
('Metihakka'),
('Metikumbura'),
('Metiyagane'),
('Middeniya'),
('Miella'),
('Migahajandur'),
('Mihintale'),
('Millaniya'),
('Millawa'),
('Millawana'),
('Millewa'),
('Minhettiya'),
('Minigamuwa'),
('Minipe'),
('Minipura Dumbara'),
('Minneriya'),
('Minuwangete'),
('Minuwangoda'),
('Mipilimana'),
('Mirahawatta'),
('Mirigama'),
('Mirihana'),
('Mirissa'),
('Miriswatta'),
('Mithirigala'),
('Mitipola'),
('Miyanawita'),
('Molagoda'),
('Molkawa'),
('Moneragala'),
('Monnekulama'),
('Moragahahena'),
('Moragala Kirillapone'),
('Moragane'),
('Moragollagama'),
('Moraketiya'),
('Morapitiya'),
('Morathiha'),
('Moratuwa'),
('Morawaka'),
('Morawewa'),
('Morontota'),
('Morontuduwa'),
('Mount Lavinia'),
('Mudalakkuliya'),
('Muddaragama'),
('Mudukatuwa'),
('Mudungoda'),
('Mugunuwatawana'),
('Mukkutoduwawa'),
('Mulatiyana'),
('Mulatiyana Junction'),
('Mulgama'),
('Mulkirigala'),
('Mullativu'),
('Mullegama'),
('Mulleriyawa'),
('Mullipothana'),
('Mulliyawalai'),
('Munamaldeniya'),
('Mundalama'),
('Mundel'),
('Munwatta'),
('Murasumoddai'),
('Murunkan'),
('Murutalawa'),
('Muruthenge'),
('Mutur'),
('Muwandeniya'),
('Nabadewa'),
('Nachchaduwa'),
('Nadugala'),
('Nagoda'),
('Nagollagama'),
('Nagollagoda'),
('Naimana'),
('Nainamadama'),
('Nakiyadeniya'),
('Nakkala'),
('Nakkawatta'),
('Nakulugamuwa'),
('Nalanda'),
('Nalladarankattuwa'),
('Nallur'),
('Namal Oya'),
('Nanattan'),
('Nannapurawa'),
('Nanuoya'),
('Narammala'),
('Narangala'),
('Narangoda'),
('Naranpanawa'),
('Naranwala'),
('Nattandiya'),
('Nattarampotha'),
('Naula'),
('Navagamuwa'),
('Navithanveli'),
('Nawadagala'),
('Nawagattegama'),
('Nawala'),
('Nawalapitiya'),
('Nawana'),
('Nawathispane'),
('Nawattuduwa'),
('Neboda'),
('Nedungamuwa'),
('Nedunkemy'),
('Neelapola'),
('Negampaha'),
('Negombo'),
('Nelumwewa'),
('Nelundeniya'),
('Neluwa'),
('Neriyakulam'),
('Netolpitiya'),
('Nihiluwa'),
('Nikadalupotha'),
('Nikahetikanda'),
('Nikapotha'),
('Nikaweratiya'),
('Nilaveli'),
('Nildandahinna'),
('Nillambe'),
('Nindana'),
('Nintavur'),
('Niralagama'),
('Nittambuwa'),
('Nivitigala'),
('Niwandama'),
('Niyadurupola'),
('Niyagama'),
('Nochchiyagama'),
('Norachcholai'),
('Norwood'),
('Nugagolla'),
('Nugaliyadda'),
('Nugatalawa'),
('Nugawela'),
('Nugegoda'),
('Nuwara Eliya'),
('Nuwaragala'),
('Nuwaragam Palatha'),
('Obbegoda'),
('Odduchudan'),
('Ohiya'),
('Okewela'),
('Okkampitiya'),
('Oluvil'),
('Omalpe'),
('Omanthai'),
('Onegama'),
('Opanayaka'),
('Opatha'),
('Ovilikanda'),
('P.P.Potkemy'),
('Pachchilaipalli'),
('Padagoda'),
('Padalangala'),
('Padavi Parakramapura'),
('Padavi Sri Pura'),
('Padavi Sritissapura'),
('Padaviya'),
('Padeniya'),
('Padiwela'),
('Padiyapelella'),
('Padiyatalawa'),
('Padukka'),
('Pahala Maragahawe'),
('Pahalahewessa'),
('Pahalalanda'),
('Pahamune'),
('Paiyagala'),
('Palagala'),
('Palamunai'),
('Palapathwela'),
('Palatuwa'),
('Palaviya'),
('Palindanuwara'),
('Pallai'),
('Pallama'),
('Pallebedda'),
('Pallebowala'),
('Pallekanda'),
('Pallekelle'),
('Pallekotuwa'),
('Pallepola'),
('Pallewela'),
('Palliwasalturai'),
('Palugasdamana'),
('Palugaswewa'),
('Pampaimadu'),
('Pamunugama'),
('Pamunuwatta'),
('Panadaragama'),
('Panadura'),
('Panagamuwa'),
('Panaliya'),
('Panama'),
('Panamura'),
('Panangala'),
('Panapitiya'),
('Panapola'),
('Panawala'),
('Pandulagama'),
('Panduwasnuwara'),
('Panirendawa'),
('Pankulam'),
('Panliyadda'),
('Pannala'),
('Pannila'),
('Pannipitiya'),
('Pansiyagama'),
('Panvila'),
('Paradeka'),
('Paragala'),
('Paragastota'),
('Paragoda'),
('Parakaduwa'),
('Parakramasamudraya'),
('Parapamulla'),
('Parape'),
('Parasangahawewa'),
('Pasgoda'),
('Passara'),
('Pasyala'),
('Patana'),
('Pathadumbara'),
('Pattampitiya'),
('Pattipola'),
('Pattitalawa'),
('Pattiya Watta'),
('Pebotuwa'),
('Pelagahatenna'),
('Pelatiyawa'),
('Pelawatta'),
('Peliyagoda'),
('Pelmadulla'),
('Penetiyana'),
('Pepiliyana'),
('Pepiliyawala'),
('Peradeniya'),
('Perakanatta'),
('Perimiyankulama'),
('Periyaneelavanai'),
('Periyaulukkulam'),
('Pesalai'),
('Pethiyagoda'),
('Pihimbiya Ratmale'),
('Pihimbuwa'),
('Pilawala'),
('Pilessa'),
('Pilimatalawa'),
('Piliyandala'),
('Pimbura'),
('Pinnawala'),
('Pita Kotte'),
('Pitabeddara'),
('Pitagaldeniya'),
('Pitapola'),
('Pitawala'),
('Pitigala'),
('Pitipana Homagama'),
('Poddala'),
('Poholiyadda'),
('Pokunuwita'),
('Polgahawela'),
('Polgampola'),
('Polgasowita'),
('Polgolla'),
('Polhena'),
('Polonnaruwa'),
('Polpithimukulana'),
('Polpitigama'),
('Polwaga Janapadaya'),
('Poonakary'),
('Porawagama'),
('Poruwadanda'),
('Pothuhera'),
('Pothukoladeniya'),
('Pothupitiya'),
('Pothuwatawana'),
('Pottuvil'),
('Pubbiliya'),
('Pudukudiyirippu'),
('Pugoda'),
('Puhulwella'),
('Pujapitiya'),
('Pulastigama'),
('Puliyankulama'),
('Pundaluoya'),
('Punewa'),
('Pupuressa'),
('Pussellawa'),
('Puttalam'),
('Puttalam Cement Factory'),
('Puwakpitiya'),
('Radawadunna'),
('Radawana'),
('Radawela'),
('Raddolugama'),
('Ragama'),
('Rajagalatenna'),
('Rajagiriya'),
('Rajakadaluwa'),
('Rajanganaya'),
('Rajawaka'),
('Rajawella'),
('Rakwana'),
('Rambewa'),
('Ramboda'),
('Rambukkana'),
('Rambukpitiya'),
('Rammalawarapitiya'),
('Ranala'),
('Ranawana'),
('Rangala'),
('Ranmuduwewa'),
('Ranna'),
('Ransegoda'),
('Rantembe'),
('Ranwala'),
('Rasnayakapura'),
('Rassagala'),
('Ratgama'),
('Ratkarawwa'),
('Ratmalana'),
('Ratmale'),
('Ratna Hangamuwa'),
('Ratnapura'),
('Rattota'),
('Remunagoda'),
('Ridibendiella'),
('Ridigama'),
('Ridimaliyadda'),
('Ridiyagama'),
('Rikillagaskada'),
('Rotumba'),
('Rozella'),
('Ruggahawila'),
('Rukmale'),
('Ruwaneliya'),
('Ruwanwella'),
('Sainthamaruthu'),
('Saliya Asokapura'),
('Saliyapura'),
('Saliyawewa Junction'),
('Samanalawewa'),
('Samanthurai'),
('Sampaltivu'),
('Sampur'),
('Sandalankawa'),
('Sangarajapura'),
('Santhipura'),
('Seaforth Colony'),
('Seeduwa'),
('Seeppukulama'),
('Sella Kataragama'),
('Senapura'),
('Senarathwela'),
('Serankada'),
('Serukele'),
('Serunuwara'),
('Seruwila'),
('Sevanapitiya'),
('Sewanagala'),
('Siddamulla'),
('Sigiriya'),
('Silmiyapura'),
('Sirajnagar'),
('Sirambiadiya'),
('Sirimalgoda'),
('Siripura'),
('Siyambalagoda'),
('Siyambalagune'),
('Siyambalanduwa'),
('Siyambalangamuwa'),
('Siyambalape'),
('Somapura'),
('Sooriyawewa Town'),
('Soranatota'),
('Spring Valley'),
('Sravasthipura'),
('Sri Jayawardenapura Kotte'),
('Sri Palabaddala'),
('Sultanagoda'),
('Sungavila'),
('Tabbowa'),
('Talagampola'),
('Talagoda Junction'),
('Talahena'),
('Talaimannar'),
('Talakiriyagama'),
('Talatuoya'),
('Talawa'),
('Talawakele'),
('Talawattegedara'),
('Talawatugoda'),
('Talawila Church'),
('Taldena'),
('Talgaswela'),
('Talpe'),
('Talpotha'),
('Tamankaduwa'),
('Tambala'),
('Tambuttegama'),
('Tammennawa'),
('Tampalakamam'),
('Tanamalwila'),
('Tangalla'),
('Tantirimale'),
('Tawalama'),
('Tawalantenna'),
('Tebuwana'),
('Teldeniya'),
('Telijjawila'),
('Tennekumbura'),
('Teripeha'),
('Thalapathpitiya'),
('Thalwita'),
('Thambagalla'),
('Thambiluvil'),
('Tharana Udawela'),
('Thelembugalla'),
('Thihagoda'),
('Thihariya'),
('Thimbirigaskatuwa'),
('Thimbirigasyaya'),
('Thiruketheeswaram Temple'),
('Tholangamuwa'),
('Thummodara'),
('Thumpane'),
('Thunukkai'),
('Timbirigaspitiya'),
('Tiranagama'),
('Tirappane'),
('Tiriyayi'),
('Tirukovil'),
('Tissamaharama'),
('Tittapattara'),
('Toduwawa'),
('Toppur'),
('Torayaya'),
('Trincomalee'),
('Tulhiriya'),
('Tunkama'),
('Tuntota'),
('Uda Peradeniya'),
('Uda Talawinna'),
('Udadumbara'),
('Udaha Hawupe'),
('Udahentenna'),
('Udakarawita'),
('Udalamatta'),
('Udamattala'),
('Udaniriella'),
('Udapalatha'),
('Udapotha'),
('Udappuwa'),
('Udapussallawa'),
('Udatenna'),
('Udathuthiripitiya'),
('Udawalawe'),
('Udayarkaddu'),
('Udispattuwa'),
('Udubaddawa'),
('Ududumbara'),
('Udugama'),
('Udugampola'),
('Udunuwara'),
('Uduwa'),
('Uduwela'),
('Uggalboda'),
('Uhana'),
('Uhumiya'),
('Ukuwela'),
('Ulapane'),
('Ulpotha Pallekele'),
('Uluvitike'),
('Unagalavehera'),
('Unawatuna'),
('Undugoda'),
('Unenwitiya'),
('Unuwinna'),
('Uragaha'),
('Uragasmanhandiya'),
('Uraniya'),
('Urapola'),
('Urubokka'),
('Urugamuwa'),
('Urumutta'),
('Ussapitiya'),
('Uswetakeiyawa'),
('Uswewa'),
('Uva Kudaoya'),
('Uva Mawelagama'),
('Uva Paranagama'),
('Uva Pelwatta'),
('Uva Tissapura'),
('Uva Uduwara'),
('Uyilankulam'),
('Vanathawilluwa'),
('Vannerikkulam'),
('Varikkuttiyoor'),
('Vavunakkulam'),
('Vavuniya'),
('Vavuniya North'),
('Vavuniya South'),
('Veddagala'),
('Velamboda'),
('Vellamanal'),
('Vengalacheddiculam'),
('Veyangalla'),
('Veyangoda'),
('Viharahena'),
('Vijeriya'),
('Vijithapura'),
('Vinayagapuram'),
('Visvamadukulam'),
('Vitharandeniya'),
('Wadakada'),
('Wadduwa'),
('Wadinagala'),
('Wadumunnegedara'),
('Waga'),
('Wahacotte'),
('Wahalkada'),
('Wahamalgollewa'),
('Waharaka'),
('Waikkal'),
('Wakwella'),
('Walagambahuwa'),
('Walagedara'),
('Walahanduwa'),
('Walakanda'),
('Walakumburumulla'),
('Walallawita'),
('Walapane'),
('Walasgala'),
('Walasmulla'),
('Walawela'),
('Walgammulla'),
('Walpita'),
('Walpola'),
('Wanchawela'),
('Wanduramba'),
('Wanela'),
('Wannigama'),
('Waragoda'),
('Warakapola'),
('Waralla'),
('Wariyapola'),
('Warunagama'),
('Waskaduwa'),
('Watagoda'),
('Watapotha'),
('Watapuluwa'),
('Watareka'),
('Watawala'),
('Wathurugama'),
('Watinapaha'),
('Wattala'),
('Wattappola'),
('Wattegama'),
('Watugahamulla'),
('Watugedara'),
('Watura'),
('Weboda'),
('Wedikumbura'),
('Weeraketiya'),
('Weerambugedara'),
('Weerapokuna'),
('Weerawila'),
('Weerawila NewTown'),
('Wegowwa'),
('Weherayaya Handapanagala'),
('Wehigala'),
('Wekandawela'),
('Welawa Juncton'),
('Weligalla'),
('Weligama'),
('Weligatta'),
('Weligepola'),
('Welikanda'),
('Welimada'),
('Welioya Project'),
('Welipathayaya'),
('Welipenna'),
('Welipennagahamulla'),
('Welisara'),
('Weliveriya'),
('Welivitiya-Divithura'),
('Weliwita'),
('Wellagala'),
('Wellampitiya'),
('Wellawa'),
('Wellawatte'),
('Wellawaya'),
('Welmilla Junction'),
('Welpalla'),
('Wennappuwa'),
('Weragala'),
('Weragantota'),
('Werapitiya'),
('Werellagama'),
('Werunketagoda'),
('Wettawa'),
('Weuda'),
('Wewagama'),
('Weweldeniya'),
('Wewelwatta'),
('Widulipura'),
('Wijayabapura'),
('Wilanagama'),
('Wilaoya'),
('Wilgamuwa'),
('Wilpita'),
('Wilpotha'),
('Wineethagama'),
('Yagirala'),
('Yahalatenna'),
('Yakkala'),
('Yakkalamulla'),
('Yakwila'),
('Yala'),
('Yatadolawatta'),
('Yatalamatta'),
('Yatapana'),
('Yatawatta'),
('Yatigala'),
('Yatigaloluwa'),
('Yatihalagala'),
('Yatinuwara'),
('Yatiyana'),
('Yatiyantota'),
('Yattogoda'),
('Yodaela'),
('Yogapuram'),
('Yogiyana');

--
-- Dumping data for table `location_district`
--

INSERT INTO `location_district` (`district_name`) VALUES
('Ampara'),
('Anuradhapura'),
('Badulla'),
('Batticaloa'),
('Colombo'),
('Galle'),
('Gampaha'),
('Hambantota'),
('Jaffna'),
('Kalutara'),
('Kandy'),
('Kegalle'),
('Kilinochchi'),
('Kurunegala'),
('Mannar'),
('Matale'),
('Matara'),
('Monaragala'),
('Mullativu'),
('Nuwara Eliya'),
('Polonnaruwa'),
('Puttalam'),
('Ratnapura'),
('Trincomalee'),
('Vavuniya');

--
-- Dumping data for table `location`
--

INSERT INTO `location` (`district`, `city`) VALUES
('Ampara', 'Adalaichenai'),
('Mannar', 'Adampan'),
('Puttalam', 'Adippala'),
('Kalutara', 'Agalawatta'),
('Galle', 'Agaliya'),
('Nuwara Eliya', 'Agarapathana'),
('Trincomalee', 'Agbopura'),
('Galle', 'Ahangama'),
('Galle', 'Ahungalla'),
('Gampaha', 'Akaragama'),
('Colombo', 'Akarawita'),
('Ratnapura', 'Akarella'),
('Badulla', 'Akkarasiyaya'),
('Vavuniya', 'Akkarayankulam'),
('Ampara', 'Akkarepattu'),
('Galle', 'Akmeemana'),
('Matale', 'Akuramboda'),
('Kandy', 'Akurana'),
('Colombo', 'Akuregoda'),
('Matara', 'Akuressa'),
('Kandy', 'Aladeniya'),
('Kurunegala', 'Alahengama'),
('Kurunegala', 'Alahitiyawa'),
('Mullativu', 'Alampil'),
('Matara', 'Alapaladeniya'),
('Gampaha', 'Alawala'),
('Kandy', 'Alawatugoda'),
('Kegalle', 'Alawatura'),
('Kurunegala', 'Alawatuwala'),
('Kurunegala', 'Alawwa'),
('Ampara', 'Alayadiwembu'),
('Kegalle', 'Algama'),
('Kalutara', 'Alubomulla'),
('Kandy', 'Aludeniya'),
('Kalutara', 'Alutgama'),
('Galle', 'Aluthwala'),
('Kegalle', 'Alutnuwara'),
('Polonnaruwa', 'Alutwewa'),
('Matale', 'Alwatta'),
('Kandy', 'Ambagahapelessa'),
('Nuwara Eliya', 'Ambagamuwa Udabulathgama'),
('Badulla', 'Ambagasdowa'),
('Gampaha', 'Ambagaspitiya'),
('Puttalam', 'Ambakandawila'),
('Kurunegala', 'Ambakote'),
('Kegalle', 'Ambalakanda'),
('Galle', 'Ambalangoda'),
('Hambantota', 'Ambalantota'),
('Matale', 'Ambanganga Koralaya'),
('Kurunegala', 'Ambanpola'),
('Nuwara Eliya', 'Ambatalawa'),
('Kandy', 'Ambatenna'),
('Kegalle', 'Ambepussa'),
('Nuwara Eliya', 'Ambewela'),
('Kegalle', 'Ambulugala'),
('Kegalle', 'Amitirigala'),
('Ampara', 'Ampara'),
('Galle', 'Ampegama'),
('Kandy', 'Ampitiya'),
('Galle', 'Amugoda'),
('Puttalam', 'Anamaduwa'),
('Galle', 'Anangoda'),
('Gampaha', 'Andiambalama'),
('Puttalam', 'Andigama'),
('Anuradhapura', 'Andiyagala'),
('Anuradhapura', 'Angamuwa'),
('Colombo', 'Angoda'),
('Galle', 'Angulugaha'),
('Hambantota', 'Angunakolapelessa'),
('Monaragala', 'Angunakolawewa'),
('Puttalam', 'Angunawila'),
('Kalutara', 'Anguruwatota'),
('Kurunegala', 'Anhandiya'),
('Kegalle', 'Anhettigama'),
('Kandy', 'Aniwatta'),
('Galle', 'Ankokkawala'),
('Kandy', 'Ankumbura'),
('Gampaha', 'Anniyakanda'),
('Kurunegala', 'Anukkane'),
('Anuradhapura', 'Anuradhapura'),
('Matara', 'Aparekka'),
('Puttalam', 'Arachchikattuwa'),
('Kurunegala', 'Aragoda'),
('Polonnaruwa', 'Aralaganwila'),
('Kegalle', 'Aranayaka'),
('Badulla', 'Arawa'),
('Badulla', 'Arawakumbura'),
('Mannar', 'Arippu'),
('Kegalle', 'Aruggammana'),
('Kandy', 'Asgiriya'),
('Kandy', 'Atabage'),
('Ratnapura', 'Atakalanpanna'),
('Badulla', 'Atakiriya'),
('Kegalle', 'Atale'),
('Kurunegala', 'Ataragalla'),
('Matara', 'Athuraliya'),
('Colombo', 'Athurugiriya'),
('Gampaha', 'Attanagalla'),
('Polonnaruwa', 'Attanakadawala'),
('Puttalam', 'Attawilluwa'),
('Anuradhapura', 'Aukana'),
('Colombo', 'Avissawella'),
('Kurunegala', 'Awulegama'),
('Ratnapura', 'Ayagama'),
('Monaragala', 'Ayiwela'),
('Gampaha', 'Badalgama'),
('Monaragala', 'Badalkumbura'),
('Galle', 'Baddegama'),
('Badulla', 'Badulla'),
('Badulla', 'Baduluoya'),
('Kalutara', 'Baduraliya'),
('Polonnaruwa', 'Bakamuna'),
('Monaragala', 'Bakinigahawela'),
('Ampara', 'Bakmitiyawa'),
('Gampaha', 'Balabowa'),
('Kandy', 'Balagolla'),
('Kurunegala', 'Balalla'),
('Kandy', 'Balana'),
('Ratnapura', 'Balangoda'),
('Galle', 'Balapitiya'),
('Badulla', 'Ballaketuwa'),
('Kandy', 'Bambaragahaela'),
('Matale', 'Bambaragaswewa'),
('Badulla', 'Bambarapana'),
('Kurunegala', 'Bamunukotuwa'),
('Galle', 'Banagala'),
('Hambantota', 'Bandagiriya Colony'),
('Kurunegala', 'Bandara Koswatta'),
('Kalutara', 'Bandaragama'),
('Badulla', 'Bandarawela'),
('Gampaha', 'Banduragoda'),
('Puttalam', 'Bangadeniya'),
('Puttalam', 'Baranankattuwa'),
('Hambantota', 'Barawakumbuka'),
('Kandy', 'Barawardhana Oya'),
('Kandy', 'Batagolladeniya'),
('Galle', 'Batapola'),
('Ratnapura', 'Batatota'),
('Colombo', 'Batawala'),
('Colombo', 'Battaramulla'),
('Batticaloa', 'Batticaloa'),
('Puttalam', 'Battuluoya'),
('Colombo', 'Batugampola'),
('Kandy', 'Batugoda'),
('Kandy', 'Batumulla'),
('Gampaha', 'Batuwatta'),
('Kegalle', 'Batuwita'),
('Kandy', 'Bawlana'),
('Hambantota', 'Beliatta'),
('Kegalle', 'Beligala'),
('Matale', 'Beligamuwa'),
('Ratnapura', 'Belihuloya'),
('Kalutara', 'Bellana'),
('Colombo', 'Bellanwila'),
('Gampaha', 'Bemmulla'),
('Matara', 'Bengamuwa'),
('Kalutara', 'Benthara'),
('Galle', 'Bentota'),
('Hambantota', 'Beragama'),
('Matara', 'Beralapanathara'),
('Hambantota', 'Beralihela'),
('Badulla', 'Beramada'),
('Kegalle', 'Berannawa'),
('Kalutara', 'Beruwala'),
('Monaragala', 'Bibile'),
('Badulla', 'Bibilegama'),
('Kurunegala', 'Bingiriya'),
('Gampaha', 'Biyagama'),
('Gampaha', 'Biyagama IPZ'),
('Badulla', 'Bogahakumbura'),
('Anuradhapura', 'Bogahawewa'),
('Kurunegala', 'Bogamulla'),
('Nuwara Eliya', 'Bogawantalawa'),
('Gampaha', 'Bokalagama'),
('Colombo', 'Bokundara'),
('Gampaha', 'Bollete'),
('Kalutara', 'Bolossagama'),
('Kalutara', 'Bombuwala'),
('Galle', 'Boossa'),
('Gampaha', 'Bopagama'),
('Matara', 'Bopagoda'),
('Colombo', 'Bope'),
('Galle', 'Bope-Poddala'),
('Kegalle', 'Bopitiya'),
('Monaragala', 'Boragas'),
('Badulla', 'Boralanda'),
('Kegalle', 'Boralankada'),
('Colombo', 'Boralesgamuwa'),
('Kalutara', 'Boralugoda'),
('Kurunegala', 'Boraluwewa'),
('Kegalle', 'Bossella'),
('Hambantota', 'Bowalagama'),
('Kurunegala', 'Boyagane'),
('Monaragala', 'Buddama'),
('Puttalam', 'Bujjampola'),
('Kegalle', 'Bulathkohupitiya'),
('Kalutara', 'Bulathsinhala'),
('Ratnapura', 'Bulutota'),
('Hambantota', 'Bundala'),
('Gampaha', 'Buthpitiya'),
('Monaragala', 'Buttala'),
('Ampara', 'Central Camp'),
('Jaffna', 'Chavakachcheri'),
('Vavuniya', 'Cheddikulam'),
('Vavuniya', 'Chemamadukkulam'),
('Mannar', 'Chilavathurai'),
('Puttalam', 'Chilaw'),
('Trincomalee', 'Chinabay'),
('Colombo', 'Colombo'),
('Colombo', 'Colombo 01'),
('Colombo', 'Colombo 02'),
('Colombo', 'Colombo 03'),
('Colombo', 'Colombo 04'),
('Colombo', 'Colombo 05'),
('Colombo', 'Colombo 06'),
('Colombo', 'Colombo 07'),
('Colombo', 'Colombo 08'),
('Colombo', 'Colombo 09'),
('Colombo', 'Colombo 10'),
('Colombo', 'Colombo 11'),
('Colombo', 'Colombo 12'),
('Colombo', 'Colombo 13'),
('Colombo', 'Colombo 14'),
('Colombo', 'Colombo 15'),
('Ampara', 'Dadayamtalawa'),
('Gampaha', 'Dagonna'),
('Gampaha', 'Dalugama'),
('Polonnaruwa', 'Dalukana'),
('Ampara', 'Damana'),
('Ampara', 'Damanewela'),
('Kurunegala', 'Dambadeniya'),
('Monaragala', 'Dambagalla'),
('Matale', 'Dambulla'),
('Ratnapura', 'Dambuluwana'),
('Polonnaruwa', 'Damminna'),
('Matara', 'Dampahala'),
('Kegalle', 'Damunupola'),
('Kalutara', 'Danawala Thiniyawala'),
('Kandy', 'Dangolla'),
('Matale', 'Dankanda'),
('Puttalam', 'Dankotuwa'),
('Gampaha', 'Danowita'),
('Kandy', 'Danture'),
('Kurunegala', 'Daraluwa'),
('Ratnapura', 'Daugala'),
('Nuwara Eliya', 'Dayagama Bazaar'),
('Gampaha', 'Debahera'),
('Kegalle', 'Debathgama'),
('Colombo', 'Dedigamuwa'),
('Kegalle', 'Dedugala'),
('Kandy', 'Dedunupitiya'),
('Matara', 'Deegala Lenama'),
('Kurunegala', 'Deegalla'),
('Ampara', 'Deegawapiya'),
('Kegalle', 'Deewala Pallegama'),
('Ampara', 'Dehiattakandiya'),
('Kegalle', 'Dehiowita'),
('Colombo', 'Dehiwala'),
('Matara', 'Deiyandara'),
('Gampaha', 'Dekatana'),
('Ratnapura', 'Dela'),
('Kegalle', 'Deldeniya'),
('Gampaha', 'Delgoda'),
('Matara', 'Dellawa'),
('Kalutara', 'Delmella'),
('Kegalle', 'Deloluwa'),
('Colombo', 'Deltara'),
('Kandy', 'Deltota'),
('Ratnapura', 'Delwala'),
('Kurunegala', 'Delwite'),
('Gampaha', 'Demalagama'),
('Gampaha', 'Demanhandiya'),
('Kurunegala', 'Demataluwa'),
('Badulla', 'Demodara'),
('Ratnapura', 'Demuwatha'),
('Matara', 'Denagama'),
('Matara', 'Denipitiya'),
('Matara', 'Deniyaya'),
('Matara', 'Derangala'),
('Kegalle', 'Deraniyagala'),
('Ampara', 'Devalahinda'),
('Matara', 'Devinuwara'),
('Polonnaruwa', 'Dewagala'),
('Matale', 'Dewahuwa'),
('Gampaha', 'Dewalapola'),
('Kegalle', 'Dewalegama'),
('Kegalle', 'Dewanagala'),
('Mannar', 'Dharapuram'),
('Kalutara', 'Dharga Town'),
('Kurunegala', 'Diddeniya'),
('Ampara', 'Digamadulla Weeragoda'),
('Kandy', 'Digana'),
('Badulla', 'Diganatenna'),
('Kurunegala', 'Digannewa'),
('Galle', 'Dikkumbura'),
('Nuwara Eliya', 'Dikoya'),
('Matara', 'Dikwella'),
('Polonnaruwa', 'Dimbulagala'),
('Polonnaruwa', 'Divulankadawala'),
('Badulla', 'Divulapelessa'),
('Gampaha', 'Divulapitiya'),
('Polonnaruwa', 'Divuldamana'),
('Gampaha', 'Divuldeniya'),
('Polonnaruwa', 'Diyabeduma'),
('Matara', 'Diyagaha'),
('Polonnaruwa', 'Diyasenpura'),
('Badulla', 'Diyatalawa'),
('Ratnapura', 'Dodampe'),
('Galle', 'Dodanduwa'),
('Kurunegala', 'Dodangaslanda'),
('Kalutara', 'Dodangoda'),
('Kandy', 'Dodanwala'),
('Kandy', 'Dolapihilla'),
('Kandy', 'Dolosbage'),
('Kandy', 'Doluwa'),
('Monaragala', 'Dombagahawela'),
('Kalutara', 'Dombagoda'),
('Gampaha', 'Dompe'),
('Nuwara Eliya', 'Doragala'),
('Kandy', 'Doragamuwa'),
('Kurunegala', 'Doratiyawa'),
('Kegalle', 'Dorawaka'),
('Matale', 'Dullewa'),
('Kurunegala', 'Dummalasuriya'),
('Gampaha', 'Dunagaha'),
('Puttalam', 'Dunkannawa'),
('Matale', 'Dunkolawatta'),
('Kandy', 'Dunuwila'),
('Anuradhapura', 'Dutuwewa'),
('Trincomalee', 'Echchilampattai'),
('Ratnapura', 'Eheliyagoda'),
('Kurunegala', 'Ehetuwewa'),
('Gampaha', 'Ekala'),
('Monaragala', 'Ekamutugama'),
('Kandy', 'Ekiriya'),
('Polonnaruwa', 'Elahera'),
('Ratnapura', 'Elapatha'),
('Anuradhapura', 'Elayapattuwa'),
('Vavuniya', 'Elephant Pass'),
('Kurunegala', 'Elibichchiya'),
('Matale', 'Elkaduwa'),
('Badulla', 'Ella'),
('Galle', 'Ella Tanabaddegama'),
('Hambantota', 'Ellagala'),
('Ratnapura', 'Ellagawa'),
('Gampaha', 'Ellakkala'),
('Ratnapura', 'Ellawala'),
('Polonnaruwa', 'Ellewewa'),
('Galle', 'Elpitiya'),
('Puttalam', 'Eluwankulama'),
('Ratnapura', 'Embilipitiya'),
('Kurunegala', 'Embogama'),
('Anuradhapura', 'Eppawala'),
('Ampara', 'Eragama'),
('Ratnapura', 'Eratna'),
('Matale', 'Erawula Junction'),
('Ratnapura', 'Erepola'),
('Mannar', 'Erukkalampiddy'),
('Gampaha', 'Essella'),
('Matale', 'Etanawala'),
('Anuradhapura', 'Etawatunuwewa'),
('Anuradhapura', 'Etaweeragollewa'),
('Galle', 'Ethkandura'),
('Colombo', 'Ethul Kotte'),
('Puttalam', 'Ettale'),
('Badulla', 'Ettampitiya'),
('Monaragala', 'Ettiliwewa'),
('Monaragala', 'Galabedda'),
('Kandy', 'Galaboda'),
('Anuradhapura', 'Galadivulwewa'),
('Kandy', 'Galagedara'),
('Kandy', 'Galaha'),
('Polonnaruwa', 'Galamuna'),
('Ampara', 'Galapitagala'),
('Kegalle', 'Galapitamada'),
('Kegalle', 'Galatara'),
('Badulla', 'Galauda'),
('Anuradhapura', 'Galenbindunuwewa'),
('Matale', 'Galewela'),
('Kurunegala', 'Galgamuwa'),
('Kandy', 'Galhinna'),
('Kegalle', 'Galigamuwa'),
('Anuradhapura', 'Galkadawala'),
('Anuradhapura', 'Galkiriyagama'),
('Anuradhapura', 'Galkulama'),
('Galle', 'Galle'),
('Ratnapura', 'Gallella'),
('Kandy', 'Gallellagama'),
('Kurunegala', 'Gallewa'),
('Puttalam', 'Galmuruwa'),
('Anuradhapura', 'Galnewa'),
('Polonnaruwa', 'Galoya Junction'),
('Kalutara', 'Galpatha'),
('Kalutara', 'Gamagoda'),
('Anuradhapura', 'Gambirigaswewa'),
('Matale', 'Gammaduwa'),
('Gampaha', 'Gampaha'),
('Kandy', 'Gampola'),
('Matara', 'Gandara'),
('Galle', 'Ganegoda'),
('Gampaha', 'Ganemulla'),
('Anuradhapura', 'Ganewalpola'),
('Kurunegala', 'Ganewatta'),
('Kandy', 'Ganga Ihala Korale'),
('Kandy', 'Gangawata Korale'),
('Ratnapura', 'Gangeyaya'),
('Colombo', 'Gangodawilla'),
('Kegalle', 'Ganithapura'),
('Kegalle', 'Gantuna'),
('Kandy', 'Gelioya'),
('Ratnapura', 'Getahetta'),
('Anuradhapura', 'Getalawa'),
('Hambantota', 'Getamanna'),
('Ratnapura', 'Gillimale'),
('Nuwara Eliya', 'Ginigathena'),
('Galle', 'Ginimellagaha'),
('Galle', 'Gintota'),
('Badulla', 'Girandurukotte'),
('Kurunegala', 'Girathalana'),
('Kurunegala', 'Giribawa'),
('Polonnaruwa', 'Giritale'),
('Kurunegala', 'Giriulla'),
('Anuradhapura', 'Gnanikulama'),
('Hambantota', 'Goda Koggalla'),
('Colombo', 'Godagama'),
('Ratnapura', 'Godagampola'),
('Ratnapura', 'Godakawela'),
('Kandy', 'Godamunna'),
('Matara', 'Godapitiya'),
('Kurunegala', 'Gokaralla'),
('Kandy', 'Gomagoda'),
('Trincomalee', 'Gomarankadawala'),
('Matara', 'Gomilamawarala'),
('Kegalle', 'Gonagala'),
('Galle', 'Gonagalpura'),
('Hambantota', 'Gonagamuwa Uduwila'),
('Ampara', 'Gonagolla'),
('Galle', 'Gonamulla Junction'),
('Galle', 'Gonapinuwala'),
('Colombo', 'Gonapola'),
('Kalutara', 'Gonapola Junction'),
('Gampaha', 'GonawalaWP'),
('Kurunegala', 'Gonawila'),
('Hambantota', 'Gonnoruwa'),
('Colombo', 'Gothatuwa'),
('Kalutara', 'Govinna'),
('Kandy', 'Gunnepana'),
('Ratnapura', 'Gurubewilagama'),
('Kandy', 'Gurudeniya'),
('Kalutara', 'Gurulubadda'),
('Badulla', 'Gurutalawa'),
('Galle', 'Habaraduwa'),
('Colombo', 'Habarakada'),
('Anuradhapura', 'Habarana'),
('Galle', 'Haburugala'),
('Nuwara Eliya', 'Haggala'),
('Kegalle', 'Hakahinna'),
('Matara', 'Hakmana'),
('Hambantota', 'Hakuruwela'),
('Badulla', 'Haldummulla'),
('Nuwara Eliya', 'Halgranoya'),
('Badulla', 'Hali Ela'),
('Kalutara', 'Halkandawila'),
('Kandy', 'Halloluwa'),
('Anuradhapura', 'Halmillawa Dambulla'),
('Kurunegala', 'Halmillawewa'),
('Kalutara', 'Haltota'),
('Galle', 'Halvitigala Colony'),
('Kalutara', 'Halwatura'),
('Hambantota', 'Hambantota'),
('Monaragala', 'Hambegamuwa'),
('Colombo', 'Handapangoda'),
('Kandy', 'Handessa'),
('Matale', 'Handungamuwa'),
('Nuwara Eliya', 'Hangarapitiya'),
('Kandy', 'Hanguranketha'),
('Kurunegala', 'Hanhamuwa'),
('Kandy', 'Hantane'),
('Colombo', 'Hanwella'),
('Galle', 'Hapugala'),
('Nuwara Eliya', 'Hapugastalawa'),
('Badulla', 'Haputale'),
('Kandy', 'Haragama'),
('Kandy', 'Harankahawa'),
('Kandy', 'Harispattuwa'),
('Kandy', 'Hasalaka'),
('Kandy', 'Hataraliyadda'),
('Nuwara Eliya', 'Hatton'),
('Matale', 'Hattota Amuna'),
('Galle', 'Hawpe'),
('Nuwara Eliya', 'Hedunuwewa'),
('Kandy', 'Heerassagala'),
('Gampaha', 'Heiyanthuduwa'),
('Badulla', 'Helahalpe'),
('Kegalle', 'Helamada'),
('Badulla', 'Helapupula'),
('Kegalle', 'Hemmatagama'),
('Gampaha', 'Hendala'),
('Gampaha', 'Henegama'),
('Kegalle', 'Hettimulla'),
('Kurunegala', 'Hettipola'),
('Kegalle', 'Hewadiwela'),
('Colombo', 'Hewainna'),
('Badulla', 'Hewanakumbura'),
('Ratnapura', 'Hidellana'),
('Anuradhapura', 'Hidogama'),
('Galle', 'Hikkaduwa'),
('Kurunegala', 'Hilogama'),
('Galle', 'Hinatigala'),
('Gampaha', 'Hinatiyana Madawala'),
('Kandy', 'Hindagala'),
('Kurunegala', 'Hindagolla'),
('Kegalle', 'Hingula'),
('Polonnaruwa', 'Hingurakdamana'),
('Polonnaruwa', 'Hingurakgoda'),
('Ampara', 'Hingurana'),
('Badulla', 'Hingurukaduwa'),
('Galle', 'Hiniduma'),
('Ratnapura', 'Hiramadagama'),
('Colombo', 'Hiripitya'),
('Kegalle', 'Hiriwadunna'),
('Kurunegala', 'Hiriyala Lenawa'),
('Gampaha', 'Hiswella'),
('Galle', 'Hiyare'),
('Colombo', 'Hokandara'),
('Colombo', 'Homagama'),
('Kandy', 'Hondiyadeniya'),
('Colombo', 'Horagala'),
('Kurunegala', 'Horambawa'),
('Gampaha', 'Horampella'),
('Kalutara', 'Horana'),
('Matara', 'Horapawita'),
('Anuradhapura', 'Horawpatana'),
('Monaragala', 'Hulandawa'),
('Kurunegala', 'Hulogedara'),
('Kurunegala', 'Hulugalla'),
('Hambantota', 'Hungama'),
('Kandy', 'Hunnasgiriya'),
('Gampaha', 'Hunumulla'),
('Kurunegala', 'Hunupola'),
('Anuradhapura', 'Hurigaswewa'),
('Kurunegala', 'Ibbagamuwa'),
('Hambantota', 'Ihala Beligalla'),
('Kurunegala', 'Ihala Gomugomuwa'),
('Kurunegala', 'Ihala Kadigamuwa'),
('Kurunegala', 'Ihala Katugampola'),
('Kandy', 'Ihala Kobbekaduwa'),
('Puttalam', 'Ihala Kottaramulla'),
('Gampaha', 'Ihala Madampella'),
('Puttalam', 'Ihala Puliyankulama'),
('Galle', 'Ihala Walpola'),
('Anuradhapura', 'Ihalagama'),
('Galle', 'Ihalahewessa'),
('Puttalam', 'Ilippadeniya'),
('Matale', 'Illukkumbura'),
('Mannar', 'Illuppaikadavai'),
('Kurunegala', 'Ilukhena'),
('Galle', 'Imaduwa'),
('Kegalle', 'Imbulana'),
('Kegalle', 'Imbulgasdeniya'),
('Gampaha', 'Imbulgoda'),
('Ratnapura', 'Imbulpe'),
('Ampara', 'Imkkamam'),
('Matale', 'Inamaluwa'),
('Kurunegala', 'Indulgodakanda'),
('Galle', 'Induruwa'),
('Monaragala', 'Inginiyagala'),
('Colombo', 'Ingiriya'),
('Kurunegala', 'Inguruwatta'),
('Anuradhapura', 'Ipologama'),
('Vavuniya', 'Iranaitiv'),
('Kurunegala', 'Iriyagolla'),
('Puttalam', 'Ismailpuram'),
('Ratnapura', 'Ittakanda'),
('Kalutara', 'Ittapana'),
('Gampaha', 'Ja-Ela'),
('Jaffna', 'Jaffna'),
('Colombo', 'Jalthara'),
('Kandy', 'Jambugahapitiya'),
('Badulla', 'Jangulla'),
('Polonnaruwa', 'Jayanthipura'),
('Polonnaruwa', 'Jayasiripura'),
('Hambantota', 'Julampitiya'),
('Kegalle', 'Kabagamuwa'),
('Gampaha', 'Kadawatha'),
('Trincomalee', 'Kaddaiparichchan'),
('Kurunegala', 'Kadigawa'),
('Gampaha', 'Kadirana'),
('Kandy', 'Kadugannawa'),
('Polonnaruwa', 'Kaduruwela'),
('Colombo', 'Kaduwela'),
('Anuradhapura', 'Kagama'),
('Galle', 'Kahaduwa'),
('Hambantota', 'Kahandamodara'),
('Ratnapura', 'Kahangama'),
('Kurunegala', 'Kahapathwala'),
('Anuradhapura', 'Kahatagasdigiliya'),
('Kandy', 'Kahataliyadda'),
('Colombo', 'Kahathuduwa'),
('Gampaha', 'Kahatowita'),
('Galle', 'Kahawa'),
('Colombo', 'Kahawala'),
('Ratnapura', 'Kahawatta'),
('Matale', 'Kaikawala'),
('Puttalam', 'Kakkapalliya'),
('Anuradhapura', 'Kala Oya'),
('Gampaha', 'Kalagedihena'),
('Anuradhapura', 'Kalakarambewa'),
('Anuradhapura', 'Kalankuttiya'),
('Colombo', 'Kalatuwawa'),
('Ratnapura', 'Kalawana'),
('Kalutara', 'Kalawila Kiranthidiya'),
('Gampaha', 'Kaleliya'),
('Polonnaruwa', 'Kalingaela'),
('Puttalam', 'Kalladiya'),
('Ampara', 'Kalmunai'),
('Puttalam', 'Kalpitiya'),
('Ratnapura', 'Kaltota'),
('Colombo', 'Kaluaggala'),
('Colombo', 'Kalubowila'),
('Matara', 'Kalubowitiyana'),
('Kandy', 'Kalugala'),
('Kurunegala', 'Kalugamuwa'),
('Polonnaruwa', 'Kalukele Badanagala'),
('Matale', 'Kalundawa'),
('Badulla', 'Kalupahana'),
('Kalutara', 'Kalutara'),
('Matara', 'Kamburugamuwa'),
('Matara', 'Kamburupitiya'),
('Kurunegala', 'Kanadeniyawala'),
('Vavuniya', 'Kanagarayankulam'),
('Galle', 'Kananke Bazaar'),
('Kalutara', 'Kananwila'),
('Kurunegala', 'Kanattewewa'),
('Badulla', 'Kandaketya'),
('Puttalam', 'Kandakuliya'),
('Matale', 'Kandalama'),
('Gampaha', 'Kandana'),
('Nuwara Eliya', 'Kandapola'),
('Vavuniya', 'Kandavalai'),
('Badulla', 'Kandegedara'),
('Badulla', 'Kandepuhulpola'),
('Kandy', 'Kandy'),
('Kegalle', 'Kannattota'),
('Trincomalee', 'Kanniya'),
('Trincomalee', 'Kantalai'),
('Trincomalee', 'Kantalai Sugar Factory'),
('Gampaha', 'Kapugoda'),
('Kandy', 'Kapuliyadde'),
('Kilinochchi', 'Karachchi'),
('Kurunegala', 'Karagahagedara'),
('Galle', 'Karagoda'),
('Matara', 'Karagoda Uyangoda'),
('Kandy', 'Karandagolla'),
('Ratnapura', 'Karandana'),
('Galle', 'Karandeniya'),
('Ratnapura', 'Karangoda'),
('Galle', 'Karapitiya'),
('Matara', 'Karaputugala'),
('Puttalam', 'Karativponparappi'),
('Ampara', 'Karativu'),
('Matara', 'Karatota'),
('Puttalam', 'Karawitagara'),
('Hambantota', 'Kariyamaditta'),
('Puttalam', 'Karuwalagaswewa'),
('Gampaha', 'Katana'),
('Monaragala', 'Kataragama'),
('Anuradhapura', 'Katiyawa'),
('Gampaha', 'Kattuwa'),
('Colombo', 'Katubedda'),
('Matale', 'Katudeniya'),
('Kandy', 'Katugastota'),
('Nuwara Eliya', 'Katukitula'),
('Gampaha', 'Katunayake'),
('Gampaha', 'Katunayake Air Force Camp'),
('Puttalam', 'Katuneriya'),
('Kurunegala', 'Katupota'),
('Hambantota', 'Katuwana'),
('Gampaha', 'Katuwellegama'),
('Matale', 'Kavudupelella'),
('Hambantota', 'Kawantissapura'),
('Polonnaruwa', 'Kawudulla'),
('Badulla', 'Kebillawela'),
('Anuradhapura', 'Kebithigollewa'),
('Nuwara Eliya', 'Keerthi Bandarapura'),
('Kegalle', 'Kegalle'),
('Kalutara', 'Kehelwatta'),
('Matara', 'Kekanadurra'),
('Anuradhapura', 'Kekirawa'),
('Kurunegala', 'Kekunagolla'),
('Colombo', 'Kelaniya'),
('Ratnapura', 'Kella Junction'),
('Badulla', 'Kendagolla'),
('Anuradhapura', 'Kendewa'),
('Kandy', 'Kengalla'),
('Badulla', 'Keppetipola'),
('Kurunegala', 'Keppitiwalana'),
('Colombo', 'Kesbewa'),
('Nuwara Eliya', 'Ketaboola'),
('Kandy', 'Ketakumbura'),
('Kandy', 'Ketawala Leula'),
('Badulla', 'Ketawatta'),
('Kilinochchi', 'Kilinochchi'),
('Vavuniya', 'Kilinochchi'),
('Gampaha', 'Kimbulapitiya'),
('Trincomalee', 'Kinniya'),
('Hambantota', 'Kirama'),
('Gampaha', 'Kiribathgoda'),
('Kandy', 'Kiribathkumbura'),
('Ratnapura', 'Kiriella'),
('Monaragala', 'Kiriibbanwewa'),
('Gampaha', 'Kirillawala'),
('Kurunegala', 'Kirimetiyawa'),
('Hambantota', 'Kirinda'),
('Matara', 'Kirinda-Puhulwella'),
('Kurunegala', 'Kirindawa'),
('Kurunegala', 'Kirindigalla'),
('Gampaha', 'Kirindiwela'),
('Colombo', 'Kiriwattuduwa'),
('Matara', 'Kiriwelkele'),
('Kurunegala', 'Kithalawa'),
('Kegalle', 'Kitulgala'),
('Kalutara', 'Kitulgoda'),
('Anuradhapura', 'Kitulhitiyawa'),
('Gampaha', 'Kitulwala'),
('Matale', 'Kiwula'),
('Kurunegala', 'Kobeigane'),
('Gampaha', 'Kochchikade'),
('Galle', 'Koggala'),
('Kurunegala', 'Kohilagedara'),
('Kalutara', 'Koholana'),
('Colombo', 'Kohuwala'),
('Mullativu', 'Kokkilai'),
('Kandy', 'Kolabissa'),
('Ratnapura', 'Kolambageara'),
('Ratnapura', 'Kolombugama'),
('Ratnapura', 'Kolonna'),
('Colombo', 'Kolonnawa'),
('Kegalle', 'Kondeniya'),
('Matale', 'Kongahawela'),
('Kurunegala', 'Konwewa'),
('Colombo', 'Kosgama'),
('Galle', 'Kosgoda'),
('Kurunegala', 'Kosgolla'),
('Badulla', 'Koslanda'),
('Colombo', 'Koswatta'),
('Gampaha', 'Kotadeniyawa'),
('Nuwara Eliya', 'Kotagala'),
('Badulla', 'Kotamuduna'),
('Matara', 'Kotapola'),
('Kurunegala', 'Kotawehera'),
('Colombo', 'Kotikawatta'),
('Monaragala', 'Kotiyagala'),
('Kegalle', 'Kotiyakumbura'),
('Nuwara Eliya', 'Kotmale'),
('Puttalam', 'Kottantivu'),
('Polonnaruwa', 'Kottapitiya'),
('Colombo', 'Kottawa'),
('Galle', 'Kottawagama'),
('Colombo', 'Kotte'),
('Matara', 'Kottegoda'),
('Puttalam', 'Kottukachchiya'),
('Gampaha', 'Kotugoda'),
('Trincomalee', 'Kuchchaveli'),
('Kalutara', 'Kuda Uduwa'),
('Kurunegala', 'Kudagalgamuwa'),
('Kurunegala', 'Kudakatnoruwa'),
('Ratnapura', 'Kudawa'),
('Galle', 'Kuleegoda'),
('Kurunegala', 'Kuliyapitiya East'),
('Kurunegala', 'Kuliyapitiya West'),
('Kandy', 'Kulugammana'),
('Puttalam', 'Kumarakattuwa'),
('Nuwara Eliya', 'Kumbalgamuwa'),
('Gampaha', 'Kumbaloluwa'),
('Kalutara', 'Kumbuka'),
('Kurunegala', 'Kumbukgeta'),
('Monaragala', 'Kumbukkana'),
('Kandy', 'Kumbukkandura'),
('Kurunegala', 'Kumbukwewa'),
('Kandy', 'Kumburegama'),
('Trincomalee', 'Kumburupiddy'),
('Kandy', 'Kundasale'),
('Kurunegala', 'Kuratihena'),
('Anuradhapura', 'Kurundankulama'),
('Kurunegala', 'Kurunegala'),
('Ratnapura', 'Kuruwita'),
('Badulla', 'Kuruwitenna'),
('Badulla', 'Kuttiyagolla'),
('Kurunegala', 'Labbala'),
('Nuwara Eliya', 'Labukele'),
('Matale', 'Laggala Pallegama'),
('Ampara', 'Lahugala'),
('Polonnaruwa', 'Lakshauyana'),
('Badulla', 'Landewela'),
('Polonnaruwa', 'Lankapura'),
('Nuwara Eliya', 'Laxapana'),
('Matale', 'Leliambe'),
('Ratnapura', 'Lellopitiya'),
('Matale', 'Lenadora'),
('Kegalle', 'Lewangama'),
('Kandy', 'Lewella'),
('Puttalam', 'Lihiriyagama'),
('Nuwara Eliya', 'Lindula'),
('Badulla', 'Liyangahawela'),
('Gampaha', 'Loluwagoda'),
('Kurunegala', 'Lonahettiya'),
('Hambantota', 'Lunama'),
('Badulla', 'Lunugala'),
('Gampaha', 'Lunugama'),
('Hambantota', 'Lunugamwehera'),
('Kandy', 'Lunuketiya Maditta'),
('Badulla', 'Lunuwatta'),
('Puttalam', 'Lunuwila'),
('Gampaha', 'Mabodale'),
('Kurunegala', 'Madahapola'),
('Ratnapura', 'Madalagama'),
('Puttalam', 'Madampe'),
('Colombo', 'Madapatha'),
('Anuradhapura', 'Madatugama'),
('Kandy', 'Madawala Bazaar'),
('Matale', 'Madawala Ulpotha'),
('Gampaha', 'Madelgamuwa'),
('Mannar', 'Madhu Church'),
('Mannar', 'Madhu Road'),
('Matale', 'Madipola'),
('Colombo', 'Madiwela'),
('Kandy', 'Madugalla'),
('Kandy', 'Madulkele'),
('Nuwara Eliya', 'Madulla'),
('Badulla', 'Madulsima'),
('Kurunegala', 'Maduragoda'),
('Puttalam', 'Madurankuliya'),
('Kalutara', 'Madurawala'),
('Kurunegala', 'Maeliya'),
('Hambantota', 'Magama'),
('Galle', 'Magedara'),
('Kalutara', 'Maggona'),
('Kurunegala', 'Magulagama'),
('Polonnaruwa', 'Maha Ambagaswewa'),
('Gampaha', 'Mahabage'),
('Anuradhapura', 'Mahabulankulama'),
('Trincomalee', 'Mahadivulwewa'),
('Kurunegala', 'Mahagalkadawala'),
('Hambantota', 'Mahagalwewa'),
('Kalutara', 'Mahagama'),
('Kurunegala', 'Mahagirilla'),
('Anuradhapura', 'Mahailluppallama'),
('Kalutara', 'Mahakalupahana'),
('Anuradhapura', 'Mahakanadarawa'),
('Kandy', 'Mahakanda'),
('Puttalam', 'Mahakumbukkadawala'),
('Kandy', 'Mahamedagama'),
('Kurunegala', 'Mahamukalanyaya'),
('Ampara', 'Mahaoya'),
('Kegalle', 'Mahapallegama'),
('Gampaha', 'Mahara'),
('Kurunegala', 'Maharachchimulla'),
('Colombo', 'Maharagama'),
('Puttalam', 'Mahauswewa'),
('Kurunegala', 'Mahawa'),
('Matale', 'Mahawela'),
('Polonnaruwa', 'Mahawela Sinhapura'),
('Puttalam', 'Mahawewa'),
('Anuradhapura', 'Mahawilachchiya'),
('Badulla', 'Mahiyanganaya'),
('Kurunegala', 'Maho'),
('Anuradhapura', 'Mailagaswewa'),
('Kandy', 'Mailapitiya'),
('Matara', 'Makandura'),
('Ratnapura', 'Makandura Sabara'),
('Kegalle', 'Makehelwala'),
('Gampaha', 'Makewita'),
('Kandy', 'Makkanigama'),
('Gampaha', 'Makola'),
('Kurunegala', 'Makulpotha'),
('Kurunegala', 'Makulwewa'),
('Colombo', 'Malabe'),
('Kurunegala', 'Malagane'),
('Nuwara Eliya', 'Maldeniya'),
('Galle', 'Malgalla Talangalla'),
('Kegalle', 'Maliboda'),
('Matara', 'Maliduwa'),
('Matara', 'Malimbada'),
('Kurunegala', 'Malkaduwawa'),
('Kurunegala', 'Mallawapitiya'),
('Kegalle', 'Malmaduwa'),
('Ratnapura', 'Malwala Junction'),
('Gampaha', 'Malwana'),
('Hambantota', 'Mamadala'),
('Vavuniya', 'Mamaduwa'),
('Polonnaruwa', 'Mampitiya'),
('Puttalam', 'Mampuri'),
('Kurunegala', 'Mandapola'),
('Gampaha', 'Mandawala'),
('Puttalam', 'Mangalaeliya'),
('Mannar', 'Mannar'),
('Badulla', 'Mapakadawewa'),
('Galle', 'Mapalagama'),
('Galle', 'Mapalagama Central'),
('Colombo', 'Maradana'),
('Anuradhapura', 'Maradankadawala'),
('Vavuniya', 'Maraiyadithakulam'),
('Matara', 'Maramba'),
('Gampaha', 'Marandagahamula'),
('Ratnapura', 'Marapana'),
('Kandy', 'Marassana'),
('Ampara', 'Marathamune'),
('Puttalam', 'Marawila'),
('Kandy', 'Marymount Colony'),
('Nuwara Eliya', 'Maskeliya'),
('Kurunegala', 'Maspotha'),
('Nuwara Eliya', 'Maswela'),
('Matale', 'Matale'),
('Matara', 'Matara'),
('Galle', 'Mattaka'),
('Colombo', 'Mattegoda'),
('Kalutara', 'Matugama'),
('Badulla', 'Maussagolla'),
('Kegalle', 'Mawanella'),
('Kurunegala', 'Mawathagama'),
('Kandy', 'Mawatura'),
('Kandy', 'Mawilmada'),
('Kegalle', 'Mayinoluwa'),
('Galle', 'Meda-Keembiya'),
('Ratnapura', 'Medagalatur'),
('Monaragala', 'Medagana'),
('Kandy', 'Medamahanuwara'),
('Hambantota', 'Medamulana'),
('Anuradhapura', 'Medawachchiya'),
('Kandy', 'Medawala Harispattuwa'),
('Badulla', 'Medawela Udukinda'),
('Polonnaruwa', 'Medirigiriya'),
('Matara', 'Mediripitiya'),
('Badulla', 'Meegahakiula'),
('Kalutara', 'Meegahatenna'),
('Kurunegala', 'Meegalawa'),
('Kalutara', 'Meegama'),
('Colombo', 'Meegoda'),
('Colombo', 'Meepe'),
('Kurunegala', 'Meetanwala'),
('Galle', 'Meetiyagoda'),
('Kurunegala', 'Meewellawa'),
('Kandy', 'Megoda Kalugamuwa'),
('Anuradhapura', 'Megodawewa'),
('Matale', 'Melipitiya'),
('Gampaha', 'Mellawagedara'),
('Kurunegala', 'Melsiripura'),
('Kandy', 'Menikdiwela'),
('Kandy', 'Menikhinna'),
('Matale', 'Metihakka'),
('Kurunegala', 'Metikumbura'),
('Kurunegala', 'Metiyagane'),
('Hambantota', 'Middeniya'),
('Matara', 'Miella'),
('Hambantota', 'Migahajandur'),
('Anuradhapura', 'Mihintale'),
('Kalutara', 'Millaniya'),
('Kurunegala', 'Millawa'),
('Matale', 'Millawana'),
('Kalutara', 'Millewa'),
('Kurunegala', 'Minhettiya'),
('Kandy', 'Minigamuwa'),
('Kandy', 'Minipe'),
('Ratnapura', 'Minipura Dumbara'),
('Polonnaruwa', 'Minneriya'),
('Kurunegala', 'Minuwangete'),
('Gampaha', 'Minuwangoda'),
('Nuwara Eliya', 'Mipilimana'),
('Badulla', 'Mirahawatta'),
('Gampaha', 'Mirigama'),
('Colombo', 'Mirihana'),
('Matara', 'Mirissa'),
('Gampaha', 'Miriswatta'),
('Gampaha', 'Mithirigala'),
('Ratnapura', 'Mitipola'),
('Kegalle', 'Miyanawita'),
('Kegalle', 'Molagoda'),
('Kalutara', 'Molkawa'),
('Monaragala', 'Moneragala'),
('Kurunegala', 'Monnekulama'),
('Colombo', 'Moragahahena'),
('Matara', 'Moragala Kirillapone'),
('Kurunegala', 'Moragane'),
('Kurunegala', 'Moragollagama'),
('Colombo', 'Moraketiya'),
('Kalutara', 'Morapitiya'),
('Kurunegala', 'Morathiha'),
('Colombo', 'Moratuwa'),
('Matara', 'Morawaka'),
('Trincomalee', 'Morawewa'),
('Kegalle', 'Morontota'),
('Kalutara', 'Morontuduwa'),
('Colombo', 'Mount Lavinia'),
('Puttalam', 'Mudalakkuliya'),
('Gampaha', 'Muddaragama'),
('Puttalam', 'Mudukatuwa'),
('Gampaha', 'Mudungoda'),
('Puttalam', 'Mugunuwatawana'),
('Puttalam', 'Mukkutoduwawa'),
('Matara', 'Mulatiyana'),
('Matara', 'Mulatiyana Junction'),
('Ratnapura', 'Mulgama'),
('Hambantota', 'Mulkirigala'),
('Mullativu', 'Mullativu'),
('Colombo', 'Mullegama'),
('Colombo', 'Mulleriyawa'),
('Trincomalee', 'Mullipothana'),
('Mullativu', 'Mulliyawalai'),
('Kurunegala', 'Munamaldeniya'),
('Puttalam', 'Mundalama'),
('Puttalam', 'Mundel'),
('Nuwara Eliya', 'Munwatta'),
('Vavuniya', 'Murasumoddai'),
('Mannar', 'Murunkan'),
('Kandy', 'Murutalawa'),
('Kurunegala', 'Muruthenge'),
('Trincomalee', 'Mutur'),
('Matale', 'Muwandeniya'),
('Kurunegala', 'Nabadewa'),
('Anuradhapura', 'Nachchaduwa'),
('Matara', 'Nadugala'),
('Galle', 'Nagoda'),
('Kurunegala', 'Nagollagama'),
('Kurunegala', 'Nagollagoda'),
('Matara', 'Naimana'),
('Puttalam', 'Nainamadama'),
('Galle', 'Nakiyadeniya'),
('Monaragala', 'Nakkala'),
('Kurunegala', 'Nakkawatta'),
('Hambantota', 'Nakulugamuwa'),
('Matale', 'Nalanda'),
('Puttalam', 'Nalladarankattuwa'),
('Jaffna', 'Nallur'),
('Ampara', 'Namal Oya'),
('Mannar', 'Nanattan'),
('Monaragala', 'Nannapurawa'),
('Nuwara Eliya', 'Nanuoya'),
('Kurunegala', 'Narammala'),
('Badulla', 'Narangala'),
('Kurunegala', 'Narangoda'),
('Kandy', 'Naranpanawa'),
('Gampaha', 'Naranwala'),
('Puttalam', 'Nattandiya'),
('Kandy', 'Nattarampotha'),
('Matale', 'Naula'),
('Colombo', 'Navagamuwa'),
('Ampara', 'Navithanveli'),
('Galle', 'Nawadagala'),
('Puttalam', 'Nawagattegama'),
('Colombo', 'Nawala'),
('Kandy', 'Nawalapitiya'),
('Gampaha', 'Nawana'),
('Nuwara Eliya', 'Nawathispane'),
('Kalutara', 'Nawattuduwa'),
('Kalutara', 'Neboda'),
('Gampaha', 'Nedungamuwa'),
('Vavuniya', 'Nedunkemy'),
('Trincomalee', 'Neelapola'),
('Anuradhapura', 'Negampaha'),
('Gampaha', 'Negombo'),
('Polonnaruwa', 'Nelumwewa'),
('Kegalle', 'Nelundeniya'),
('Galle', 'Neluwa'),
('Vavuniya', 'Neriyakulam'),
('Hambantota', 'Netolpitiya'),
('Hambantota', 'Nihiluwa'),
('Kurunegala', 'Nikadalupotha'),
('Gampaha', 'Nikahetikanda'),
('Badulla', 'Nikapotha'),
('Kurunegala', 'Nikaweratiya'),
('Trincomalee', 'Nilaveli'),
('Nuwara Eliya', 'Nildandahinna'),
('Kandy', 'Nillambe'),
('Galle', 'Nindana'),
('Ampara', 'Nintavur'),
('Ratnapura', 'Niralagama'),
('Gampaha', 'Nittambuwa'),
('Ratnapura', 'Nivitigala'),
('Gampaha', 'Niwandama'),
('Kegalle', 'Niyadurupola'),
('Galle', 'Niyagama'),
('Anuradhapura', 'Nochchiyagama'),
('Puttalam', 'Norachcholai'),
('Nuwara Eliya', 'Norwood'),
('Matale', 'Nugagolla'),
('Kandy', 'Nugaliyadda'),
('Badulla', 'Nugatalawa'),
('Kandy', 'Nugawela'),
('Colombo', 'Nugegoda'),
('Nuwara Eliya', 'Nuwara Eliya'),
('Polonnaruwa', 'Nuwaragala'),
('Anuradhapura', 'Nuwaragam Palatha'),
('Monaragala', 'Obbegoda'),
('Mullativu', 'Odduchudan'),
('Badulla', 'Ohiya'),
('Hambantota', 'Okewela'),
('Monaragala', 'Okkampitiya'),
('Ampara', 'Oluvil'),
('Ratnapura', 'Omalpe'),
('Vavuniya', 'Omanthai'),
('Polonnaruwa', 'Onegama'),
('Ratnapura', 'Opanayaka'),
('Galle', 'Opatha'),
('Matale', 'Ovilikanda'),
('Mannar', 'P.P.Potkemy'),
('Kilinochchi', 'Pachchilaipalli'),
('Kalutara', 'Padagoda'),
('Ratnapura', 'Padalangala'),
('Anuradhapura', 'Padavi Parakramapura'),
('Anuradhapura', 'Padavi Sri Pura'),
('Anuradhapura', 'Padavi Sritissapura'),
('Anuradhapura', 'Padaviya'),
('Kurunegala', 'Padeniya'),
('Kurunegala', 'Padiwela'),
('Nuwara Eliya', 'Padiyapelella'),
('Ampara', 'Padiyatalawa'),
('Colombo', 'Padukka'),
('Anuradhapura', 'Pahala Maragahawe'),
('Kalutara', 'Pahalahewessa'),
('Ampara', 'Pahalalanda'),
('Kurunegala', 'Pahamune'),
('Kalutara', 'Paiyagala'),
('Anuradhapura', 'Palagala'),
('Ampara', 'Palamunai'),
('Matale', 'Palapathwela'),
('Matara', 'Palatuwa'),
('Puttalam', 'Palaviya'),
('Kalutara', 'Palindanuwara'),
('Vavuniya', 'Pallai'),
('Puttalam', 'Pallama'),
('Ratnapura', 'Pallebedda'),
('Kandy', 'Pallebowala'),
('Hambantota', 'Pallekanda'),
('Kandy', 'Pallekelle'),
('Kandy', 'Pallekotuwa'),
('Matale', 'Pallepola'),
('Gampaha', 'Pallewela'),
('Puttalam', 'Palliwasalturai'),
('Polonnaruwa', 'Palugasdamana'),
('Anuradhapura', 'Palugaswewa'),
('Vavuniya', 'Pampaimadu'),
('Gampaha', 'Pamunugama'),
('Gampaha', 'Pamunuwatta'),
('Kurunegala', 'Panadaragama'),
('Kalutara', 'Panadura'),
('Kurunegala', 'Panagamuwa'),
('Kurunegala', 'Panaliya'),
('Ampara', 'Panama'),
('Ratnapura', 'Panamura'),
('Galle', 'Panangala'),
('Ratnapura', 'Panapitiya'),
('Ratnapura', 'Panapola'),
('Ratnapura', 'Panawala'),
('Anuradhapura', 'Pandulagama'),
('Kurunegala', 'Panduwasnuwara'),
('Puttalam', 'Panirendawa'),
('Trincomalee', 'Pankulam'),
('Kurunegala', 'Panliyadda'),
('Kurunegala', 'Pannala'),
('Kalutara', 'Pannila'),
('Colombo', 'Pannipitiya'),
('Kurunegala', 'Pansiyagama'),
('Kandy', 'Panvila'),
('Kandy', 'Paradeka'),
('Matara', 'Paragala'),
('Kalutara', 'Paragastota'),
('Kalutara', 'Paragoda'),
('Ratnapura', 'Parakaduwa'),
('Polonnaruwa', 'Parakramasamudraya'),
('Matara', 'Parapamulla'),
('Kegalle', 'Parape'),
('Anuradhapura', 'Parasangahawewa'),
('Matara', 'Pasgoda'),
('Badulla', 'Passara'),
('Gampaha', 'Pasyala'),
('Nuwara Eliya', 'Patana'),
('Kandy', 'Pathadumbara'),
('Kegalle', 'Pattampitiya'),
('Nuwara Eliya', 'Pattipola'),
('Kandy', 'Pattitalawa'),
('Kandy', 'Pattiya Watta'),
('Ratnapura', 'Pebotuwa'),
('Badulla', 'Pelagahatenna'),
('Polonnaruwa', 'Pelatiyawa'),
('Colombo', 'Pelawatta'),
('Colombo', 'Peliyagoda'),
('Ratnapura', 'Pelmadulla'),
('Matara', 'Penetiyana'),
('Colombo', 'Pepiliyana'),
('Gampaha', 'Pepiliyawala'),
('Kandy', 'Peradeniya'),
('Matale', 'Perakanatta'),
('Anuradhapura', 'Perimiyankulama'),
('Ampara', 'Periyaneelavanai'),
('Vavuniya', 'Periyaulukkulam'),
('Mannar', 'Pesalai'),
('Gampaha', 'Pethiyagoda'),
('Kurunegala', 'Pihimbiya Ratmale'),
('Kurunegala', 'Pihimbuwa'),
('Kandy', 'Pilawala'),
('Kurunegala', 'Pilessa'),
('Kandy', 'Pilimatalawa'),
('Colombo', 'Piliyandala'),
('Ratnapura', 'Pimbura'),
('Kegalle', 'Pinnawala'),
('Colombo', 'Pita Kotte'),
('Matara', 'Pitabeddara'),
('Kegalle', 'Pitagaldeniya'),
('Badulla', 'Pitapola'),
('Nuwara Eliya', 'Pitawala'),
('Galle', 'Pitigala'),
('Colombo', 'Pitipana Homagama'),
('Galle', 'Poddala'),
('Kandy', 'Poholiyadda'),
('Kalutara', 'Pokunuwita'),
('Kurunegala', 'Polgahawela'),
('Kalutara', 'Polgampola'),
('Colombo', 'Polgasowita'),
('Kandy', 'Polgolla'),
('Matara', 'Polhena'),
('Polonnaruwa', 'Polonnaruwa'),
('Gampaha', 'Polpithimukulana'),
('Kurunegala', 'Polpitigama'),
('Ampara', 'Polwaga Janapadaya'),
('Kilinochchi', 'Poonakary'),
('Galle', 'Porawagama'),
('Kalutara', 'Poruwadanda'),
('Kurunegala', 'Pothuhera'),
('Kegalle', 'Pothukoladeniya'),
('Ratnapura', 'Pothupitiya'),
('Puttalam', 'Pothuwatawana'),
('Ampara', 'Pottuvil'),
('Matale', 'Pubbiliya'),
('Mullativu', 'Pudukudiyirippu'),
('Gampaha', 'Pugoda'),
('Matara', 'Puhulwella'),
('Kandy', 'Pujapitiya'),
('Polonnaruwa', 'Pulastigama'),
('Anuradhapura', 'Puliyankulama'),
('Nuwara Eliya', 'Pundaluoya'),
('Anuradhapura', 'Punewa'),
('Kandy', 'Pupuressa'),
('Kandy', 'Pussellawa'),
('Puttalam', 'Puttalam'),
('Puttalam', 'Puttalam Cement Factory'),
('Colombo', 'Puwakpitiya'),
('Gampaha', 'Radawadunna'),
('Gampaha', 'Radawana'),
('Matara', 'Radawela'),
('Gampaha', 'Raddolugama'),
('Gampaha', 'Ragama'),
('Ampara', 'Rajagalatenna'),
('Colombo', 'Rajagiriya'),
('Puttalam', 'Rajakadaluwa'),
('Anuradhapura', 'Rajanganaya'),
('Ratnapura', 'Rajawaka'),
('Kandy', 'Rajawella'),
('Ratnapura', 'Rakwana'),
('Anuradhapura', 'Rambewa'),
('Nuwara Eliya', 'Ramboda'),
('Kegalle', 'Rambukkana'),
('Kandy', 'Rambukpitiya'),
('Hambantota', 'Rammalawarapitiya'),
('Colombo', 'Ranala'),
('Kurunegala', 'Ranawana'),
('Kandy', 'Rangala'),
('Hambantota', 'Ranmuduwewa'),
('Hambantota', 'Ranna'),
('Matara', 'Ransegoda'),
('Kandy', 'Rantembe'),
('Ratnapura', 'Ranwala'),
('Kurunegala', 'Rasnayakapura'),
('Ratnapura', 'Rassagala'),
('Galle', 'Ratgama'),
('Badulla', 'Ratkarawwa'),
('Colombo', 'Ratmalana'),
('Matara', 'Ratmale'),
('Ratnapura', 'Ratna Hangamuwa'),
('Ratnapura', 'Ratnapura'),
('Matale', 'Rattota'),
('Kalutara', 'Remunagoda'),
('Kurunegala', 'Ridibendiella'),
('Kurunegala', 'Ridigama'),
('Badulla', 'Ridimaliyadda'),
('Hambantota', 'Ridiyagama'),
('Kandy', 'Rikillagaskada'),
('Matara', 'Rotumba'),
('Nuwara Eliya', 'Rozella'),
('Gampaha', 'Ruggahawila'),
('Gampaha', 'Rukmale'),
('Nuwara Eliya', 'Ruwaneliya'),
('Kegalle', 'Ruwanwella'),
('Ampara', 'Sainthamaruthu'),
('Kurunegala', 'Saliya Asokapura'),
('Anuradhapura', 'Saliyapura'),
('Puttalam', 'Saliyawewa Junction'),
('Ratnapura', 'Samanalawewa'),
('Ampara', 'Samanthurai'),
('Trincomalee', 'Sampaltivu'),
('Trincomalee', 'Sampur'),
('Kurunegala', 'Sandalankawa'),
('Kandy', 'Sangarajapura'),
('Nuwara Eliya', 'Santhipura'),
('Kegalle', 'Seaforth Colony'),
('Gampaha', 'Seeduwa'),
('Anuradhapura', 'Seeppukulama'),
('Monaragala', 'Sella Kataragama'),
('Anuradhapura', 'Senapura'),
('Kandy', 'Senarathwela'),
('Ampara', 'Serankada'),
('Puttalam', 'Serukele'),
('Trincomalee', 'Serunuwara'),
('Trincomalee', 'Seruwila'),
('Polonnaruwa', 'Sevanapitiya'),
('Monaragala', 'Sewanagala'),
('Colombo', 'Siddamulla'),
('Matale', 'Sigiriya'),
('Badulla', 'Silmiyapura'),
('Trincomalee', 'Sirajnagar'),
('Puttalam', 'Sirambiadiya'),
('Badulla', 'Sirimalgoda'),
('Ampara', 'Siripura'),
('Matara', 'Siyambalagoda'),
('Monaragala', 'Siyambalagune'),
('Monaragala', 'Siyambalanduwa'),
('Kurunegala', 'Siyambalangamuwa'),
('Gampaha', 'Siyambalape'),
('Trincomalee', 'Somapura'),
('Hambantota', 'Sooriyawewa Town'),
('Badulla', 'Soranatota'),
('Badulla', 'Spring Valley'),
('Anuradhapura', 'Sravasthipura'),
('Colombo', 'Sri Jayawardenapura Kotte'),
('Ratnapura', 'Sri Palabaddala'),
('Matara', 'Sultanagoda'),
('Polonnaruwa', 'Sungavila'),
('Puttalam', 'Tabbowa'),
('Galle', 'Talagampola'),
('Matale', 'Talagoda Junction'),
('Gampaha', 'Talahena'),
('Mannar', 'Talaimannar'),
('Matale', 'Talakiriyagama'),
('Kandy', 'Talatuoya'),
('Anuradhapura', 'Talawa'),
('Nuwara Eliya', 'Talawakele'),
('Kurunegala', 'Talawattegedara'),
('Colombo', 'Talawatugoda'),
('Puttalam', 'Talawila Church'),
('Badulla', 'Taldena'),
('Galle', 'Talgaswela'),
('Galle', 'Talpe'),
('Polonnaruwa', 'Talpotha'),
('Polonnaruwa', 'Tamankaduwa'),
('Polonnaruwa', 'Tambala'),
('Anuradhapura', 'Tambuttegama'),
('Anuradhapura', 'Tammennawa'),
('Trincomalee', 'Tampalakamam'),
('Monaragala', 'Tanamalwila'),
('Hambantota', 'Tangalla'),
('Anuradhapura', 'Tantirimale'),
('Galle', 'Tawalama'),
('Kandy', 'Tawalantenna'),
('Kalutara', 'Tebuwana'),
('Kandy', 'Teldeniya'),
('Matara', 'Telijjawila'),
('Kandy', 'Tennekumbura'),
('Nuwara Eliya', 'Teripeha'),
('Colombo', 'Thalapathpitiya'),
('Kurunegala', 'Thalwita'),
('Kurunegala', 'Thambagalla'),
('Ampara', 'Thambiluvil'),
('Kurunegala', 'Tharana Udawela'),
('Kurunegala', 'Thelembugalla'),
('Matara', 'Thihagoda'),
('Gampaha', 'Thihariya'),
('Gampaha', 'Thimbirigaskatuwa'),
('Colombo', 'Thimbirigasyaya'),
('Mannar', 'Thiruketheeswaram Temple'),
('Kegalle', 'Tholangamuwa'),
('Colombo', 'Thummodara'),
('Kandy', 'Thumpane'),
('Mullativu', 'Thunukkai'),
('Badulla', 'Timbirigaspitiya'),
('Galle', 'Tiranagama'),
('Anuradhapura', 'Tirappane'),
('Trincomalee', 'Tiriyayi'),
('Ampara', 'Tirukovil'),
('Hambantota', 'Tissamaharama'),
('Gampaha', 'Tittapattara'),
('Puttalam', 'Toduwawa'),
('Trincomalee', 'Toppur'),
('Kurunegala', 'Torayaya'),
('Trincomalee', 'Trincomalee'),
('Kegalle', 'Tulhiriya'),
('Ratnapura', 'Tunkama'),
('Kegalle', 'Tuntota'),
('Kandy', 'Uda Peradeniya'),
('Kandy', 'Uda Talawinna'),
('Kandy', 'Udadumbara'),
('Ratnapura', 'Udaha Hawupe'),
('Kandy', 'Udahentenna'),
('Ratnapura', 'Udakarawita'),
('Galle', 'Udalamatta'),
('Hambantota', 'Udamattala'),
('Ratnapura', 'Udaniriella'),
('Kandy', 'Udapalatha'),
('Kegalle', 'Udapotha'),
('Puttalam', 'Udappuwa'),
('Nuwara Eliya', 'Udapussallawa'),
('Matale', 'Udatenna'),
('Gampaha', 'Udathuthiripitiya'),
('Ratnapura', 'Udawalawe'),
('Mullativu', 'Udayarkaddu'),
('Kandy', 'Udispattuwa'),
('Kurunegala', 'Udubaddawa'),
('Kandy', 'Ududumbara'),
('Galle', 'Udugama'),
('Gampaha', 'Udugampola'),
('Kandy', 'Udunuwara'),
('Kandy', 'Uduwa'),
('Kandy', 'Uduwela'),
('Gampaha', 'Uggalboda'),
('Ampara', 'Uhana'),
('Kurunegala', 'Uhumiya'),
('Matale', 'Ukuwela'),
('Kandy', 'Ulapane'),
('Kurunegala', 'Ulpotha Pallekele'),
('Galle', 'Uluvitike'),
('Polonnaruwa', 'Unagalavehera'),
('Galle', 'Unawatuna'),
('Kegalle', 'Undugoda'),
('Galle', 'Unenwitiya'),
('Kandy', 'Unuwinna'),
('Galle', 'Uragaha'),
('Galle', 'Uragasmanhandiya'),
('Badulla', 'Uraniya'),
('Gampaha', 'Urapola'),
('Matara', 'Urubokka'),
('Matara', 'Urugamuwa'),
('Matara', 'Urumutta'),
('Kegalle', 'Ussapitiya'),
('Gampaha', 'Uswetakeiyawa'),
('Hambantota', 'Uswewa'),
('Monaragala', 'Uva Kudaoya'),
('Badulla', 'Uva Mawelagama'),
('Badulla', 'Uva Paranagama'),
('Monaragala', 'Uva Pelwatta'),
('Badulla', 'Uva Tissapura'),
('Badulla', 'Uva Uduwara'),
('Mannar', 'Uyilankulam'),
('Puttalam', 'Vanathawilluwa'),
('Vavuniya', 'Vannerikkulam'),
('Vavuniya', 'Varikkuttiyoor'),
('Mullativu', 'Vavunakkulam'),
('Vavuniya', 'Vavuniya'),
('Vavuniya', 'Vavuniya North'),
('Vavuniya', 'Vavuniya South'),
('Ratnapura', 'Veddagala'),
('Kandy', 'Velamboda'),
('Trincomalee', 'Vellamanal'),
('Vavuniya', 'Vengalacheddiculam'),
('Kalutara', 'Veyangalla'),
('Gampaha', 'Veyangoda'),
('Matara', 'Viharahena'),
('Ratnapura', 'Vijeriya'),
('Anuradhapura', 'Vijithapura'),
('Vavuniya', 'Vinayagapuram'),
('Mullativu', 'Visvamadukulam'),
('Hambantota', 'Vitharandeniya'),
('Kurunegala', 'Wadakada'),
('Kalutara', 'Wadduwa'),
('Ampara', 'Wadinagala'),
('Kurunegala', 'Wadumunnegedara'),
('Colombo', 'Waga'),
('Matale', 'Wahacotte'),
('Anuradhapura', 'Wahalkada'),
('Anuradhapura', 'Wahamalgollewa'),
('Kegalle', 'Waharaka'),
('Puttalam', 'Waikkal'),
('Galle', 'Wakwella'),
('Anuradhapura', 'Walagambahuwa'),
('Kalutara', 'Walagedara'),
('Galle', 'Walahanduwa'),
('Matara', 'Walakanda'),
('Kurunegala', 'Walakumburumulla'),
('Kalutara', 'Walallawita'),
('Nuwara Eliya', 'Walapane'),
('Matara', 'Walasgala'),
('Hambantota', 'Walasmulla'),
('Matale', 'Walawela'),
('Gampaha', 'Walgammulla'),
('Gampaha', 'Walpita'),
('Gampaha', 'Walpola'),
('Galle', 'Wanchawela'),
('Galle', 'Wanduramba'),
('Trincomalee', 'Wanela'),
('Kurunegala', 'Wannigama'),
('Gampaha', 'Waragoda'),
('Kegalle', 'Warakapola'),
('Matara', 'Waralla'),
('Kurunegala', 'Wariyapola'),
('Monaragala', 'Warunagama'),
('Kalutara', 'Waskaduwa'),
('Nuwara Eliya', 'Watagoda'),
('Ratnapura', 'Watapotha'),
('Kandy', 'Watapuluwa'),
('Colombo', 'Watareka'),
('Nuwara Eliya', 'Watawala'),
('Gampaha', 'Wathurugama'),
('Gampaha', 'Watinapaha'),
('Gampaha', 'Wattala'),
('Kandy', 'Wattappola'),
('Kandy', 'Wattegama'),
('Puttalam', 'Watugahamulla'),
('Galle', 'Watugedara'),
('Kegalle', 'Watura'),
('Gampaha', 'Weboda'),
('Monaragala', 'Wedikumbura'),
('Hambantota', 'Weeraketiya'),
('Kurunegala', 'Weerambugedara'),
('Kurunegala', 'Weerapokuna'),
('Hambantota', 'Weerawila'),
('Hambantota', 'Weerawila NewTown'),
('Gampaha', 'Wegowwa'),
('Monaragala', 'Weherayaya Handapanagala'),
('Matale', 'Wehigala'),
('Hambantota', 'Wekandawela'),
('Kurunegala', 'Welawa Juncton'),
('Kandy', 'Weligalla'),
('Matara', 'Weligama'),
('Hambantota', 'Weligatta'),
('Ratnapura', 'Weligepola'),
('Polonnaruwa', 'Welikanda'),
('Badulla', 'Welimada'),
('Anuradhapura', 'Welioya Project'),
('Ratnapura', 'Welipathayaya'),
('Kalutara', 'Welipenna'),
('Kurunegala', 'Welipennagahamulla'),
('Gampaha', 'Welisara'),
('Gampaha', 'Weliveriya'),
('Galle', 'Welivitiya-Divithura'),
('Colombo', 'Weliwita'),
('Kurunegala', 'Wellagala'),
('Colombo', 'Wellampitiya'),
('Kurunegala', 'Wellawa'),
('Colombo', 'Wellawatte'),
('Monaragala', 'Wellawaya'),
('Kalutara', 'Welmilla Junction'),
('Kurunegala', 'Welpalla'),
('Puttalam', 'Wennappuwa'),
('Kegalle', 'Weragala'),
('Kandy', 'Weragantota'),
('Kandy', 'Werapitiya'),
('Kandy', 'Werellagama'),
('Ampara', 'Werunketagoda'),
('Kandy', 'Wettawa'),
('Kurunegala', 'Weuda'),
('Kurunegala', 'Wewagama'),
('Gampaha', 'Weweldeniya'),
('Ratnapura', 'Wewelwatta'),
('Nuwara Eliya', 'Widulipura'),
('Polonnaruwa', 'Wijayabapura'),
('Kandy', 'Wilanagama'),
('Monaragala', 'Wilaoya'),
('Matale', 'Wilgamuwa'),
('Matara', 'Wilpita'),
('Puttalam', 'Wilpotha'),
('Badulla', 'Wineethagama'),
('Kalutara', 'Yagirala'),
('Kandy', 'Yahalatenna'),
('Gampaha', 'Yakkala'),
('Galle', 'Yakkalamulla'),
('Kurunegala', 'Yakwila'),
('Hambantota', 'Yala'),
('Kalutara', 'Yatadolawatta'),
('Galle', 'Yatalamatta'),
('Kegalle', 'Yatapana'),
('Matale', 'Yatawatta'),
('Hambantota', 'Yatigala'),
('Kurunegala', 'Yatigaloluwa'),
('Kandy', 'Yatihalagala'),
('Kandy', 'Yatinuwara'),
('Gampaha', 'Yatiyana'),
('Kegalle', 'Yatiyantota'),
('Kegalle', 'Yattogoda'),
('Polonnaruwa', 'Yodaela'),
('Mullativu', 'Yogapuram'),
('Puttalam', 'Yogiyana');

/*!40101 SET CHARACTER_SET_CLIENT=@OLD_CHARACTER_SET_CLIENT */;
/*!40101 SET CHARACTER_SET_RESULTS=@OLD_CHARACTER_SET_RESULTS */;
/*!40101 SET COLLATION_CONNECTION=@OLD_COLLATION_CONNECTION */;
