-- phpMyAdmin SQL Dump
-- version 4.1.14
-- http://www.phpmyadmin.net
--
-- Host: 127.0.0.1
-- Generation Time: Jan 21, 2017 at 07:20 PM
-- Server version: 5.6.17
-- PHP Version: 5.5.12

SET SQL_MODE = "NO_AUTO_VALUE_ON_ZERO";
SET time_zone = "+00:00";


/*!40101 SET @OLD_CHARACTER_SET_CLIENT=@@CHARACTER_SET_CLIENT */;
/*!40101 SET @OLD_CHARACTER_SET_RESULTS=@@CHARACTER_SET_RESULTS */;
/*!40101 SET @OLD_COLLATION_CONNECTION=@@COLLATION_CONNECTION */;
/*!40101 SET NAMES utf8 */;

--
-- Database: `superb_classified`
--
CREATE DATABASE IF NOT EXISTS `superb_classified` DEFAULT CHARACTER SET latin1 COLLATE latin1_swedish_ci;
USE `superb_classified`;

DELIMITER $$
--
-- Procedures
--
CREATE DEFINER=`root`@`localhost` PROCEDURE `getInbox`(IN `receiver` VARCHAR(25), IN `sender` VARCHAR(25))
    NO SQL
Begin

SELECT message_id As inbox_items FROM `messageview` WHERE `msg_from` = sender AND `msg_to` = receiver;

End$$

CREATE DEFINER=`root`@`localhost` PROCEDURE `getOutbox`(IN `receiver` VARCHAR(25), IN `sender` VARCHAR(25))
    NO SQL
Begin

SELECT message_id As outbox_items FROM `messageview` WHERE `msg_from` = sender AND `msg_to` = receiver;

End$$

CREATE DEFINER=`root`@`localhost` PROCEDURE `readAllMessags`(IN `receiver` VARCHAR(25))
    NO SQL
Begin

UPDATE `messageview` SET `read_state`= 1 WHERE `receiver` = receiver;

End$$

CREATE DEFINER=`root`@`localhost` PROCEDURE `resetPassword`(IN `login` VARCHAR(255), IN `rcode` INT(9), IN `pass` VARCHAR(225))
    NO SQL
Begin

SELECT `username`into @user FROM `user` WHERE `username` = login OR `email` = login;

SELECT count(*) into @count FROM `reset_password` WHERE `username` = @user AND `reset_code` = rcode;

if @count > 0 then

UPDATE `user` SET `pass`= pass WHERE `username` = @user;

DELETE FROM `reset_password` WHERE `username` = @user AND `reset_code` = rcode;

end if;

End$$

CREATE DEFINER=`root`@`localhost` PROCEDURE `sendMessage`(IN `sender` VARCHAR(25), IN `receiver` VARCHAR(25), IN `message` TEXT, IN `tstamp` TIMESTAMP)
    NO SQL
Begin

INSERT INTO `user_messages`(`msg_from`, `msg_to`, `content`, `time_stamp`) VALUES (sender,receiver,message,tstamp);

Select  LAST_INSERT_ID() into @id from user_messages limit 1;

INSERT INTO `user_messages_inbox`(`message_id`, `sender`) VALUES (@id,sender);

INSERT INTO `user_messages_outbox`(`message_id`, `receiver`) VALUES (@id,receiver);

End$$

DELIMITER ;

-- --------------------------------------------------------

--
-- Table structure for table `admin_blacklisted_emails`
--

CREATE TABLE IF NOT EXISTS `admin_blacklisted_emails` (
  `email_address` varchar(100) NOT NULL,
  `time_stamp` timestamp NOT NULL DEFAULT CURRENT_TIMESTAMP,
  PRIMARY KEY (`email_address`)
) ENGINE=InnoDB DEFAULT CHARSET=latin1;

-- --------------------------------------------------------

--
-- Table structure for table `admin_newsletter_subscribers`
--

CREATE TABLE IF NOT EXISTS `admin_newsletter_subscribers` (
  `email_address` varchar(100) NOT NULL,
  `time_stamp` timestamp NOT NULL DEFAULT CURRENT_TIMESTAMP,
  PRIMARY KEY (`email_address`)
) ENGINE=InnoDB DEFAULT CHARSET=latin1;

-- --------------------------------------------------------

--
-- Table structure for table `admin_reported_inquiries`
--

CREATE TABLE IF NOT EXISTS `admin_reported_inquiries` (
  `inquiry_id` int(25) NOT NULL,
  `time_stamp` timestamp NOT NULL DEFAULT CURRENT_TIMESTAMP,
  `read_state` tinyint(4) NOT NULL,
  PRIMARY KEY (`inquiry_id`)
) ENGINE=InnoDB DEFAULT CHARSET=latin1;

-- --------------------------------------------------------

--
-- Stand-in structure for view `admin_reported_inquiryview`
--
CREATE TABLE IF NOT EXISTS `admin_reported_inquiryview` (
`inquiry_id` int(25)
,`time_stamp` timestamp
,`item_number` int(20)
,`message_to` varchar(25)
,`message_from` varchar(25)
,`inquiry_message` text
,`inquiry_time_stamp` timestamp
,`inquiry_response` text
,`response_time_stamp` timestamp
,`inquiry_state` tinyint(1)
);
-- --------------------------------------------------------

--
-- Table structure for table `admin_reported_items`
--

CREATE TABLE IF NOT EXISTS `admin_reported_items` (
  `report_id` int(25) NOT NULL AUTO_INCREMENT,
  `item_number` int(25) NOT NULL,
  `reporter_email` varchar(100) NOT NULL,
  `report_reason` text NOT NULL,
  `reporter_message` text NOT NULL,
  `read_state` tinyint(1) NOT NULL DEFAULT '0' COMMENT '0=unread, 1=read',
  PRIMARY KEY (`report_id`),
  KEY `item_number` (`item_number`)
) ENGINE=InnoDB DEFAULT CHARSET=latin1 AUTO_INCREMENT=1 ;

-- --------------------------------------------------------

--
-- Stand-in structure for view `admin_reported_itemview`
--
CREATE TABLE IF NOT EXISTS `admin_reported_itemview` (
`item_number` int(25)
,`report_id` int(25)
,`reporter_email` varchar(100)
,`report_reason` text
,`reporter_message` text
,`read_state` tinyint(1)
,`username` varchar(25)
,`time_stamp` timestamp
,`category_main` varchar(100)
,`category_sub` varchar(150)
,`district` varchar(20)
,`city` varchar(30)
,`ad_form` set('For Sale','For Rent','Wanted')
,`title` varchar(255)
,`content` text
,`contact_number` varchar(10)
,`negotiable` set('Yes','No')
,`price` int(10)
,`view_count` int(5)
,`status` set('Pending','Modifying','Active','Sold','Disabled')
,`reason` text
);
-- --------------------------------------------------------

--
-- Table structure for table `admin_reported_messages`
--

CREATE TABLE IF NOT EXISTS `admin_reported_messages` (
  `message_id` int(25) NOT NULL,
  `sender` varchar(25) NOT NULL,
  `receiver` varchar(25) NOT NULL,
  `content` text NOT NULL,
  `message_time_stamp` timestamp NULL DEFAULT NULL,
  `reported_time_stamp` timestamp NULL DEFAULT CURRENT_TIMESTAMP,
  `read_state` smallint(6) NOT NULL,
  PRIMARY KEY (`message_id`),
  KEY `sender` (`sender`),
  KEY `receiver` (`receiver`)
) ENGINE=InnoDB DEFAULT CHARSET=latin1;

-- --------------------------------------------------------

--
-- Table structure for table `admin_saved_reply`
--

CREATE TABLE IF NOT EXISTS `admin_saved_reply` (
  `reply_id` int(11) NOT NULL AUTO_INCREMENT,
  `reply` text NOT NULL,
  `reply_type` set('inbox','email') NOT NULL,
  PRIMARY KEY (`reply_id`)
) ENGINE=InnoDB  DEFAULT CHARSET=latin1 AUTO_INCREMENT=14 ;

--
-- Dumping data for table `admin_saved_reply`
--

INSERT INTO `admin_saved_reply` (`reply_id`, `reply`, `reply_type`) VALUES
(13, '- Illegal item or service:- \nYour ad features an item or service that is illegal, which we cannot allow on our site. Please change the item or service that you are offering in your ad.', 'email');

-- --------------------------------------------------------

--
-- Table structure for table `category`
--

CREATE TABLE IF NOT EXISTS `category` (
  `main` varchar(100) NOT NULL,
  `sub` varchar(150) NOT NULL,
  PRIMARY KEY (`main`,`sub`),
  KEY `category_sub` (`sub`),
  KEY `categories` (`main`,`sub`)
) ENGINE=InnoDB DEFAULT CHARSET=latin1;

--
-- Dumping data for table `category`
--

INSERT INTO `category` (`main`, `sub`) VALUES
('Job Vacancies', 'Accounting / Finance'),
('Job Vacancies', 'Agriculture'),
('Other', 'All Other'),
('Pets And Animals', 'Animal Accessories'),
('Property', 'Apartments'),
('Hobby, Sport And Kids', 'Art And Collectibles'),
('Electronics', 'Audio And MP3'),
('Vehicles', 'Auto Parts And Accessories'),
('Vehicles', 'Boats And Water Transport'),
('Electronics', 'Cameras And Camcorders'),
('Vehicles', 'Cars'),
('Hobby, Sport And Kids', 'Children''s Items'),
('Job Vacancies', 'Civil Engineering / Construction'),
('Fashion, Health And Beauty', 'Clothing'),
('Property', 'Commercial Property'),
('Electronics', 'Computer Accessories'),
('Electronics', 'Computers And Tablets'),
('Job Vacancies', 'Corporate Management / Business Analyst'),
('Food And Agriculture', 'Crops, Seeds And Plants'),
('Job Vacancies', 'Customer Service'),
('Vehicles', 'Cycles And Bicycles'),
('Job Vacancies', 'Design, Art / Photography'),
('Home And Garden', 'Electricity, AC, Bathroom And Garden'),
('Job Vacancies', 'Engineering / Architecture'),
('Pets And Animals', 'Farm Animals'),
('Food And Agriculture', 'Farming Tools And Machinery'),
('Job Vacancies', 'Fashion / Beauty'),
('Food And Agriculture', 'Food'),
('Job Vacancies', 'Food / Catering'),
('Home And Garden', 'Furniture'),
('Job Vacancies', 'General Labour'),
('Fashion, Health And Beauty', 'Health And Beauty Products'),
('Vehicles', 'Heavy-Duty Vehicles'),
('Property', 'Holiday And Short-Term Rental'),
('Home And Garden', 'Home Appliances'),
('Job Vacancies', 'Hotels / Hospitality / Tourism'),
('Job Vacancies', 'Household Help'),
('Property', 'Houses'),
('Business, Services And Industry', 'Industry Tools And Machinery'),
('Job Vacancies', 'IT / Telecom'),
('Fashion, Health And Beauty', 'Jewellery'),
('Property', 'Land'),
('Job Vacancies', 'Legal'),
('Business, Services And Industry', 'Licenses And Titles'),
('Job Vacancies', 'Manufacturing / Operations'),
('Job Vacancies', 'Marketing / Advertising'),
('Job Vacancies', 'Medical / Biotech'),
('Business, Services And Industry', 'Medical Equipment And Supplies'),
('Electronics', 'Mobile Phone Accessories'),
('Electronics', 'Mobile Phones'),
('Vehicles', 'Motorbikes And Scooters'),
('Hobby, Sport And Kids', 'Music, Books And Movies'),
('Hobby, Sport And Kids', 'Musical Instruments'),
('Job Vacancies', 'Office Admin, Secretary / Reception'),
('Business, Services And Industry', 'Office Supplies And Stationary'),
('Pets And Animals', 'Pets'),
('Property', 'Portions & Rooms'),
('Business, Services And Industry', 'Raw Materials & Building Supplies'),
('Job Vacancies', 'Sales / Retail'),
('Job Vacancies', 'Security'),
('Business, Services And Industry', 'Services'),
('Fashion, Health And Beauty', 'Shoes & Footwear'),
('Hobby, Sport And Kids', 'Sports Equipment'),
('Fashion, Health And Beauty', 'Sunglasses'),
('Job Vacancies', 'Teaching'),
('Education', 'Textbooks'),
('Vehicles', 'Three Wheelers'),
('Job Vacancies', 'Tradesmen / Craftsmen'),
('Job Vacancies', 'Transportation'),
('Job Vacancies', 'Travel / Airline / Marine'),
('Hobby, Sport And Kids', 'Travel, Events & Tickets'),
('Education', 'Tuition'),
('Electronics', 'TV & Video Accessories'),
('Electronics', 'TVs'),
('Vehicles', 'Vans & Buses'),
('Electronics', 'Video Games & Consoles'),
('Fashion, Health And Beauty', 'Watches'),
('Electronics', 'Wires & Cables'),
('Job Vacancies', 'Work Overseas');

-- --------------------------------------------------------

--
-- Table structure for table `category_main`
--

CREATE TABLE IF NOT EXISTS `category_main` (
  `main_name` varchar(100) NOT NULL,
  PRIMARY KEY (`main_name`)
) ENGINE=InnoDB DEFAULT CHARSET=latin1;

--
-- Dumping data for table `category_main`
--

INSERT INTO `category_main` (`main_name`) VALUES
('Business, Services And Industry'),
('Education'),
('Electronics'),
('Fashion, Health And Beauty'),
('Food And Agriculture'),
('Hobby, Sport And Kids'),
('Home And Garden'),
('Job Vacancies'),
('Other'),
('Pets And Animals'),
('Property'),
('Vehicles');

-- --------------------------------------------------------

--
-- Table structure for table `category_sub`
--

CREATE TABLE IF NOT EXISTS `category_sub` (
  `sub_name` varchar(150) NOT NULL,
  PRIMARY KEY (`sub_name`)
) ENGINE=InnoDB DEFAULT CHARSET=latin1;

--
-- Dumping data for table `category_sub`
--

INSERT INTO `category_sub` (`sub_name`) VALUES
('Accounting / Finance'),
('Agriculture'),
('All Other'),
('Animal Accessories'),
('Apartments'),
('Art And Collectibles'),
('Audio And MP3'),
('Auto Parts And Accessories'),
('Boats And Water Transport'),
('Cameras And Camcorders'),
('Cars'),
('Children''s Items'),
('Civil Engineering / Construction'),
('Clothing'),
('Commercial Property'),
('Computer Accessories'),
('Computers And Tablets'),
('Corporate Management / Business Analyst'),
('Crops, Seeds And Plants'),
('Customer Service'),
('Cycles And Bicycles'),
('Design, Art / Photography'),
('Electricity, AC, Bathroom And Garden'),
('Engineering / Architecture'),
('Farm Animals'),
('Farming Tools And Machinery'),
('Fashion / Beauty'),
('Food'),
('Food / Catering'),
('Furniture'),
('General Labour'),
('Health And Beauty Products'),
('Heavy-Duty Vehicles'),
('Holiday And Short-Term Rental'),
('Home Appliances'),
('Hotels / Hospitality / Tourism'),
('Household Help'),
('Houses'),
('Industry Tools And Machinery'),
('IT / Telecom'),
('Jewellery'),
('Land'),
('Legal'),
('Licenses And Titles'),
('Manufacturing / Operations'),
('Marketing / Advertising'),
('Medical / Biotech'),
('Medical Equipment And Supplies'),
('Mobile Phone Accessories'),
('Mobile Phones'),
('Motorbikes And Scooters'),
('Music, Books And Movies'),
('Musical Instruments'),
('Office Admin, Secretary / Reception'),
('Office Supplies And Stationary'),
('Pets'),
('Portions & Rooms'),
('Raw Materials & Building Supplies'),
('Sales / Retail'),
('Security'),
('Services'),
('Shoes & Footwear'),
('Sports Equipment'),
('Sunglasses'),
('Teaching'),
('Textbooks'),
('Three Wheelers'),
('Tradesmen / Craftsmen'),
('Transportation'),
('Travel / Airline / Marine'),
('Travel, Events & Tickets'),
('Tuition'),
('TV & Video Accessories'),
('TVs'),
('Vans & Buses'),
('Video Games & Consoles'),
('Watches'),
('Wires & Cables'),
('Work Overseas');

-- --------------------------------------------------------

--
-- Stand-in structure for view `favoriteview`
--
CREATE TABLE IF NOT EXISTS `favoriteview` (
`record_id` int(25)
,`item_number` int(25)
,`favorite_of` varchar(25)
,`seller` varchar(25)
,`time_stamp` timestamp
,`category_main` varchar(100)
,`category_sub` varchar(150)
,`district` varchar(20)
,`city` varchar(30)
,`ad_form` set('For Sale','For Rent','Wanted')
,`title` varchar(255)
,`content` text
,`contact_number` varchar(10)
,`negotiable` set('Yes','No')
,`price` int(10)
,`view_count` int(5)
,`status` set('Pending','Modifying','Active','Sold','Disabled')
,`reason` text
);
-- --------------------------------------------------------

--
-- Table structure for table `item`
--

CREATE TABLE IF NOT EXISTS `item` (
  `item_number` int(25) NOT NULL AUTO_INCREMENT,
  `username` varchar(25) NOT NULL,
  `time_stamp` timestamp NOT NULL DEFAULT CURRENT_TIMESTAMP,
  `category_main` varchar(100) NOT NULL,
  `category_sub` varchar(150) NOT NULL,
  `district` varchar(20) NOT NULL,
  `city` varchar(30) NOT NULL,
  `ad_form` set('For Sale','For Rent','Wanted') NOT NULL DEFAULT 'For Sale',
  PRIMARY KEY (`item_number`),
  KEY `category_main` (`category_main`,`category_sub`,`district`,`city`),
  KEY `seller` (`username`),
  KEY `category_sub` (`category_sub`),
  KEY `district` (`district`),
  KEY `city` (`city`)
) ENGINE=InnoDB  DEFAULT CHARSET=latin1 AUTO_INCREMENT=3 ;

--
-- Dumping data for table `item`
--

INSERT INTO `item` (`item_number`, `username`, `time_stamp`, `category_main`, `category_sub`, `district`, `city`, `ad_form`) VALUES
(2, 'indunil', '2016-10-04 08:25:34', 'Business, Services And Industry', 'Industry Tools And Machinery', 'Ampara', 'Adalaichenai', 'For Sale');

--
-- Triggers `item`
--
DROP TRIGGER IF EXISTS `AFTER_ITEM_DELETE`;
DELIMITER //
CREATE TRIGGER `AFTER_ITEM_DELETE` AFTER DELETE ON `item`
 FOR EACH ROW Begin

Select count(*) into @total from item where username = old.username;

update user_info set total_ads = @total where username = old.username;

End
//
DELIMITER ;
DROP TRIGGER IF EXISTS `AFTER_ITEM_INSERT`;
DELIMITER //
CREATE TRIGGER `AFTER_ITEM_INSERT` AFTER INSERT ON `item`
 FOR EACH ROW Begin

Select count(*) into @total from item where username = new.username;

update user_info set total_ads = @total where username = new.username;

End
//
DELIMITER ;
DROP TRIGGER IF EXISTS `AFTER_ITEM_UPDATE`;
DELIMITER //
CREATE TRIGGER `AFTER_ITEM_UPDATE` AFTER UPDATE ON `item`
 FOR EACH ROW Begin

if(old.username != new.username) then

Select count(*) into @oldUserTotal from item where username = old.username;

update user_info set total_ads = @oldUserTotal where username = old.username;

Select count(*) into @newUserTotal from item where username = new.username;

update user_info set total_ads = @newUserTotal where username = new.username;

end if;

End
//
DELIMITER ;

-- --------------------------------------------------------

--
-- Stand-in structure for view `itemview`
--
CREATE TABLE IF NOT EXISTS `itemview` (
`item_number` int(25)
,`username` varchar(25)
,`time_stamp` timestamp
,`category_main` varchar(100)
,`category_sub` varchar(150)
,`district` varchar(20)
,`city` varchar(30)
,`ad_form` set('For Sale','For Rent','Wanted')
,`title` varchar(255)
,`content` text
,`contact_number` varchar(10)
,`negotiable` set('Yes','No')
,`price` int(10)
,`view_count` int(5)
,`status` set('Pending','Modifying','Active','Sold','Disabled')
,`reason` text
);
-- --------------------------------------------------------

--
-- Table structure for table `item_approval`
--

CREATE TABLE IF NOT EXISTS `item_approval` (
  `item_number` int(25) NOT NULL,
  `status` set('Pending','Modifying','Active','Sold','Disabled') NOT NULL DEFAULT 'Pending',
  `reason` text,
  PRIMARY KEY (`item_number`)
) ENGINE=InnoDB DEFAULT CHARSET=latin1;

--
-- Dumping data for table `item_approval`
--

INSERT INTO `item_approval` (`item_number`, `status`, `reason`) VALUES
(2, 'Pending', NULL);

-- --------------------------------------------------------

--
-- Table structure for table `item_info`
--

CREATE TABLE IF NOT EXISTS `item_info` (
  `item_number` int(25) NOT NULL,
  `title` varchar(255) NOT NULL,
  `content` text NOT NULL,
  `contact_number` varchar(10) NOT NULL,
  `negotiable` set('Yes','No') NOT NULL DEFAULT 'No',
  `price` int(10) NOT NULL DEFAULT '0',
  `view_count` int(5) NOT NULL DEFAULT '0',
  PRIMARY KEY (`item_number`)
) ENGINE=InnoDB DEFAULT CHARSET=latin1;

--
-- Dumping data for table `item_info`
--

INSERT INTO `item_info` (`item_number`, `title`, `content`, `contact_number`, `negotiable`, `price`, `view_count`) VALUES
(2, 'Natural Un-heated Earth Mined Blue Sapphire Gemstone 1Ct. VVS-1', 'Gemstone: Blue Sapphire\r\nCaret Weight: 1.00 Ct.\r\nColor: Blue [Transparent]\r\nCut: Rectangilar cusion / mixed cut\r\nClarity: VVS-I\r\nMesurements: 5.97 x 5.00 x 3.79 mm.\r\nCertification: GIC\r\n\r\nPlease refer GIC certificate from the images to see more details.', '0712408745', 'No', 30000, 0);

--
-- Triggers `item_info`
--
DROP TRIGGER IF EXISTS `Before_itemInfo_insert`;
DELIMITER //
CREATE TRIGGER `Before_itemInfo_insert` BEFORE INSERT ON `item_info`
 FOR EACH ROW Begin

if(new.price<=0)then

set new.price = 0;
set new.negotiable = 'Yes';

end if;

End
//
DELIMITER ;
DROP TRIGGER IF EXISTS `Before_itemInfo_update`;
DELIMITER //
CREATE TRIGGER `Before_itemInfo_update` BEFORE UPDATE ON `item_info`
 FOR EACH ROW Begin

if(new.price<=0)then

set new.price = 0;
set new.negotiable = 'Yes';

end if;

End
//
DELIMITER ;

-- --------------------------------------------------------

--
-- Table structure for table `item_inquiry`
--

CREATE TABLE IF NOT EXISTS `item_inquiry` (
  `inquiry_id` int(25) NOT NULL AUTO_INCREMENT,
  `item_number` int(20) NOT NULL COMMENT 'inquiry item',
  `message_to` varchar(25) NOT NULL COMMENT 'inquiry receiver',
  `message_from` varchar(25) NOT NULL COMMENT 'inquiry sender',
  `inquiry_message` text NOT NULL COMMENT 'inquiry message/content',
  `inquiry_time_stamp` timestamp NOT NULL DEFAULT CURRENT_TIMESTAMP,
  `inquiry_response` text COMMENT 'inquiry response message',
  `response_time_stamp` timestamp NULL DEFAULT NULL,
  `inquiry_state` tinyint(1) NOT NULL DEFAULT '0' COMMENT '1 = responded, 0 = not responded',
  PRIMARY KEY (`inquiry_id`),
  KEY `message_to` (`message_to`),
  KEY `message_from` (`message_from`),
  KEY `item_number` (`item_number`)
) ENGINE=InnoDB DEFAULT CHARSET=latin1 AUTO_INCREMENT=1 ;

-- --------------------------------------------------------

--
-- Table structure for table `location`
--

CREATE TABLE IF NOT EXISTS `location` (
  `district` varchar(15) NOT NULL,
  `city` varchar(30) NOT NULL,
  PRIMARY KEY (`district`,`city`),
  KEY `location_city` (`city`)
) ENGINE=InnoDB DEFAULT CHARSET=latin1;

--
-- Dumping data for table `location`
--

INSERT INTO `location` (`district`, `city`) VALUES
('Ampara', 'Adalaichenai'),
('Mannar', 'Adampan'),
('Puttalam', 'Adippala'),
('Kalutara', 'Agalawatta'),
('Galle', 'Agaliya'),
('Nuwara Eliya', 'Agarapathana'),
('Trincomalee', 'Agbopura'),
('Galle', 'Ahangama'),
('Galle', 'Ahungalla'),
('Gampaha', 'Akaragama'),
('Colombo', 'Akarawita'),
('Ratnapura', 'Akarella'),
('Badulla', 'Akkarasiyaya'),
('Vavuniya', 'Akkarayankulam'),
('Ampara', 'Akkarepattu'),
('Galle', 'Akmeemana'),
('Matale', 'Akuramboda'),
('Kandy', 'Akurana'),
('Colombo', 'Akuregoda'),
('Matara', 'Akuressa'),
('Kandy', 'Aladeniya'),
('Kurunegala', 'Alahengama'),
('Kurunegala', 'Alahitiyawa'),
('Mullativu', 'Alampil'),
('Matara', 'Alapaladeniya'),
('Gampaha', 'Alawala'),
('Kandy', 'Alawatugoda'),
('Kegalle', 'Alawatura'),
('Kurunegala', 'Alawatuwala'),
('Kurunegala', 'Alawwa'),
('Ampara', 'Alayadiwembu'),
('Kegalle', 'Algama'),
('Kalutara', 'Alubomulla'),
('Kandy', 'Aludeniya'),
('Kalutara', 'Alutgama'),
('Galle', 'Aluthwala'),
('Kegalle', 'Alutnuwara'),
('Polonnaruwa', 'Alutwewa'),
('Matale', 'Alwatta'),
('Kandy', 'Ambagahapelessa'),
('Nuwara Eliya', 'Ambagamuwa Udabulathgama'),
('Badulla', 'Ambagasdowa'),
('Gampaha', 'Ambagaspitiya'),
('Puttalam', 'Ambakandawila'),
('Kurunegala', 'Ambakote'),
('Kegalle', 'Ambalakanda'),
('Galle', 'Ambalangoda'),
('Hambantota', 'Ambalantota'),
('Matale', 'Ambanganga Koralaya'),
('Kurunegala', 'Ambanpola'),
('Nuwara Eliya', 'Ambatalawa'),
('Kandy', 'Ambatenna'),
('Kegalle', 'Ambepussa'),
('Nuwara Eliya', 'Ambewela'),
('Kegalle', 'Ambulugala'),
('Kegalle', 'Amitirigala'),
('Ampara', 'Ampara'),
('Galle', 'Ampegama'),
('Kandy', 'Ampitiya'),
('Galle', 'Amugoda'),
('Puttalam', 'Anamaduwa'),
('Galle', 'Anangoda'),
('Gampaha', 'Andiambalama'),
('Puttalam', 'Andigama'),
('Anuradhapura', 'Andiyagala'),
('Anuradhapura', 'Angamuwa'),
('Colombo', 'Angoda'),
('Galle', 'Angulugaha'),
('Hambantota', 'Angunakolapelessa'),
('Monaragala', 'Angunakolawewa'),
('Puttalam', 'Angunawila'),
('Kalutara', 'Anguruwatota'),
('Kurunegala', 'Anhandiya'),
('Kegalle', 'Anhettigama'),
('Kandy', 'Aniwatta'),
('Galle', 'Ankokkawala'),
('Kandy', 'Ankumbura'),
('Gampaha', 'Anniyakanda'),
('Kurunegala', 'Anukkane'),
('Anuradhapura', 'Anuradhapura'),
('Matara', 'Aparekka'),
('Puttalam', 'Arachchikattuwa'),
('Kurunegala', 'Aragoda'),
('Polonnaruwa', 'Aralaganwila'),
('Kegalle', 'Aranayaka'),
('Badulla', 'Arawa'),
('Badulla', 'Arawakumbura'),
('Mannar', 'Arippu'),
('Kegalle', 'Aruggammana'),
('Kandy', 'Asgiriya'),
('Kandy', 'Atabage'),
('Ratnapura', 'Atakalanpanna'),
('Badulla', 'Atakiriya'),
('Kegalle', 'Atale'),
('Kurunegala', 'Ataragalla'),
('Matara', 'Athuraliya'),
('Colombo', 'Athurugiriya'),
('Gampaha', 'Attanagalla'),
('Polonnaruwa', 'Attanakadawala'),
('Puttalam', 'Attawilluwa'),
('Anuradhapura', 'Aukana'),
('Colombo', 'Avissawella'),
('Kurunegala', 'Awulegama'),
('Ratnapura', 'Ayagama'),
('Monaragala', 'Ayiwela'),
('Gampaha', 'Badalgama'),
('Monaragala', 'Badalkumbura'),
('Galle', 'Baddegama'),
('Badulla', 'Badulla'),
('Badulla', 'Baduluoya'),
('Kalutara', 'Baduraliya'),
('Polonnaruwa', 'Bakamuna'),
('Monaragala', 'Bakinigahawela'),
('Ampara', 'Bakmitiyawa'),
('Gampaha', 'Balabowa'),
('Kandy', 'Balagolla'),
('Kurunegala', 'Balalla'),
('Kandy', 'Balana'),
('Ratnapura', 'Balangoda'),
('Galle', 'Balapitiya'),
('Badulla', 'Ballaketuwa'),
('Kandy', 'Bambaragahaela'),
('Matale', 'Bambaragaswewa'),
('Badulla', 'Bambarapana'),
('Kurunegala', 'Bamunukotuwa'),
('Galle', 'Banagala'),
('Hambantota', 'Bandagiriya Colony'),
('Kurunegala', 'Bandara Koswatta'),
('Kalutara', 'Bandaragama'),
('Badulla', 'Bandarawela'),
('Gampaha', 'Banduragoda'),
('Puttalam', 'Bangadeniya'),
('Puttalam', 'Baranankattuwa'),
('Hambantota', 'Barawakumbuka'),
('Kandy', 'Barawardhana Oya'),
('Kandy', 'Batagolladeniya'),
('Galle', 'Batapola'),
('Ratnapura', 'Batatota'),
('Colombo', 'Batawala'),
('Colombo', 'Battaramulla'),
('Batticaloa', 'Batticaloa'),
('Puttalam', 'Battuluoya'),
('Colombo', 'Batugampola'),
('Kandy', 'Batugoda'),
('Kandy', 'Batumulla'),
('Gampaha', 'Batuwatta'),
('Kegalle', 'Batuwita'),
('Kandy', 'Bawlana'),
('Hambantota', 'Beliatta'),
('Kegalle', 'Beligala'),
('Matale', 'Beligamuwa'),
('Ratnapura', 'Belihuloya'),
('Kalutara', 'Bellana'),
('Colombo', 'Bellanwila'),
('Gampaha', 'Bemmulla'),
('Matara', 'Bengamuwa'),
('Kalutara', 'Benthara'),
('Galle', 'Bentota'),
('Hambantota', 'Beragama'),
('Matara', 'Beralapanathara'),
('Hambantota', 'Beralihela'),
('Badulla', 'Beramada'),
('Kegalle', 'Berannawa'),
('Kalutara', 'Beruwala'),
('Monaragala', 'Bibile'),
('Badulla', 'Bibilegama'),
('Kurunegala', 'Bingiriya'),
('Gampaha', 'Biyagama'),
('Gampaha', 'Biyagama IPZ'),
('Badulla', 'Bogahakumbura'),
('Anuradhapura', 'Bogahawewa'),
('Kurunegala', 'Bogamulla'),
('Nuwara Eliya', 'Bogawantalawa'),
('Gampaha', 'Bokalagama'),
('Colombo', 'Bokundara'),
('Gampaha', 'Bollete'),
('Kalutara', 'Bolossagama'),
('Kalutara', 'Bombuwala'),
('Galle', 'Boossa'),
('Gampaha', 'Bopagama'),
('Matara', 'Bopagoda'),
('Colombo', 'Bope'),
('Galle', 'Bope-Poddala'),
('Kegalle', 'Bopitiya'),
('Monaragala', 'Boragas'),
('Badulla', 'Boralanda'),
('Kegalle', 'Boralankada'),
('Colombo', 'Boralesgamuwa'),
('Kalutara', 'Boralugoda'),
('Kurunegala', 'Boraluwewa'),
('Kegalle', 'Bossella'),
('Hambantota', 'Bowalagama'),
('Kurunegala', 'Boyagane'),
('Monaragala', 'Buddama'),
('Puttalam', 'Bujjampola'),
('Kegalle', 'Bulathkohupitiya'),
('Kalutara', 'Bulathsinhala'),
('Ratnapura', 'Bulutota'),
('Hambantota', 'Bundala'),
('Gampaha', 'Buthpitiya'),
('Monaragala', 'Buttala'),
('Ampara', 'Central Camp'),
('Jaffna', 'Chavakachcheri'),
('Vavuniya', 'Cheddikulam'),
('Vavuniya', 'Chemamadukkulam'),
('Mannar', 'Chilavathurai'),
('Puttalam', 'Chilaw'),
('Trincomalee', 'Chinabay'),
('Colombo', 'Colombo'),
('Colombo', 'Colombo 01'),
('Colombo', 'Colombo 02'),
('Colombo', 'Colombo 03'),
('Colombo', 'Colombo 04'),
('Colombo', 'Colombo 05'),
('Colombo', 'Colombo 06'),
('Colombo', 'Colombo 07'),
('Colombo', 'Colombo 08'),
('Colombo', 'Colombo 09'),
('Colombo', 'Colombo 10'),
('Colombo', 'Colombo 11'),
('Colombo', 'Colombo 12'),
('Colombo', 'Colombo 13'),
('Colombo', 'Colombo 14'),
('Colombo', 'Colombo 15'),
('Ampara', 'Dadayamtalawa'),
('Gampaha', 'Dagonna'),
('Gampaha', 'Dalugama'),
('Polonnaruwa', 'Dalukana'),
('Ampara', 'Damana'),
('Ampara', 'Damanewela'),
('Kurunegala', 'Dambadeniya'),
('Monaragala', 'Dambagalla'),
('Matale', 'Dambulla'),
('Ratnapura', 'Dambuluwana'),
('Polonnaruwa', 'Damminna'),
('Matara', 'Dampahala'),
('Kegalle', 'Damunupola'),
('Kalutara', 'Danawala Thiniyawala'),
('Kandy', 'Dangolla'),
('Matale', 'Dankanda'),
('Puttalam', 'Dankotuwa'),
('Gampaha', 'Danowita'),
('Kandy', 'Danture'),
('Kurunegala', 'Daraluwa'),
('Ratnapura', 'Daugala'),
('Nuwara Eliya', 'Dayagama Bazaar'),
('Gampaha', 'Debahera'),
('Kegalle', 'Debathgama'),
('Colombo', 'Dedigamuwa'),
('Kegalle', 'Dedugala'),
('Kandy', 'Dedunupitiya'),
('Matara', 'Deegala Lenama'),
('Kurunegala', 'Deegalla'),
('Ampara', 'Deegawapiya'),
('Kegalle', 'Deewala Pallegama'),
('Ampara', 'Dehiattakandiya'),
('Kegalle', 'Dehiowita'),
('Colombo', 'Dehiwala'),
('Matara', 'Deiyandara'),
('Gampaha', 'Dekatana'),
('Ratnapura', 'Dela'),
('Kegalle', 'Deldeniya'),
('Gampaha', 'Delgoda'),
('Matara', 'Dellawa'),
('Kalutara', 'Delmella'),
('Kegalle', 'Deloluwa'),
('Colombo', 'Deltara'),
('Kandy', 'Deltota'),
('Ratnapura', 'Delwala'),
('Kurunegala', 'Delwite'),
('Gampaha', 'Demalagama'),
('Gampaha', 'Demanhandiya'),
('Kurunegala', 'Demataluwa'),
('Badulla', 'Demodara'),
('Ratnapura', 'Demuwatha'),
('Matara', 'Denagama'),
('Matara', 'Denipitiya'),
('Matara', 'Deniyaya'),
('Matara', 'Derangala'),
('Kegalle', 'Deraniyagala'),
('Ampara', 'Devalahinda'),
('Matara', 'Devinuwara'),
('Polonnaruwa', 'Dewagala'),
('Matale', 'Dewahuwa'),
('Gampaha', 'Dewalapola'),
('Kegalle', 'Dewalegama'),
('Kegalle', 'Dewanagala'),
('Mannar', 'Dharapuram'),
('Kalutara', 'Dharga Town'),
('Kurunegala', 'Diddeniya'),
('Ampara', 'Digamadulla Weeragoda'),
('Kandy', 'Digana'),
('Badulla', 'Diganatenna'),
('Kurunegala', 'Digannewa'),
('Galle', 'Dikkumbura'),
('Nuwara Eliya', 'Dikoya'),
('Matara', 'Dikwella'),
('Polonnaruwa', 'Dimbulagala'),
('Polonnaruwa', 'Divulankadawala'),
('Badulla', 'Divulapelessa'),
('Gampaha', 'Divulapitiya'),
('Polonnaruwa', 'Divuldamana'),
('Gampaha', 'Divuldeniya'),
('Polonnaruwa', 'Diyabeduma'),
('Matara', 'Diyagaha'),
('Polonnaruwa', 'Diyasenpura'),
('Badulla', 'Diyatalawa'),
('Ratnapura', 'Dodampe'),
('Galle', 'Dodanduwa'),
('Kurunegala', 'Dodangaslanda'),
('Kalutara', 'Dodangoda'),
('Kandy', 'Dodanwala'),
('Kandy', 'Dolapihilla'),
('Kandy', 'Dolosbage'),
('Kandy', 'Doluwa'),
('Monaragala', 'Dombagahawela'),
('Kalutara', 'Dombagoda'),
('Gampaha', 'Dompe'),
('Nuwara Eliya', 'Doragala'),
('Kandy', 'Doragamuwa'),
('Kurunegala', 'Doratiyawa'),
('Kegalle', 'Dorawaka'),
('Matale', 'Dullewa'),
('Kurunegala', 'Dummalasuriya'),
('Gampaha', 'Dunagaha'),
('Puttalam', 'Dunkannawa'),
('Matale', 'Dunkolawatta'),
('Kandy', 'Dunuwila'),
('Anuradhapura', 'Dutuwewa'),
('Trincomalee', 'Echchilampattai'),
('Ratnapura', 'Eheliyagoda'),
('Kurunegala', 'Ehetuwewa'),
('Gampaha', 'Ekala'),
('Monaragala', 'Ekamutugama'),
('Kandy', 'Ekiriya'),
('Polonnaruwa', 'Elahera'),
('Ratnapura', 'Elapatha'),
('Anuradhapura', 'Elayapattuwa'),
('Vavuniya', 'Elephant Pass'),
('Kurunegala', 'Elibichchiya'),
('Matale', 'Elkaduwa'),
('Badulla', 'Ella'),
('Galle', 'Ella Tanabaddegama'),
('Hambantota', 'Ellagala'),
('Ratnapura', 'Ellagawa'),
('Gampaha', 'Ellakkala'),
('Ratnapura', 'Ellawala'),
('Polonnaruwa', 'Ellewewa'),
('Galle', 'Elpitiya'),
('Puttalam', 'Eluwankulama'),
('Ratnapura', 'Embilipitiya'),
('Kurunegala', 'Embogama'),
('Anuradhapura', 'Eppawala'),
('Ampara', 'Eragama'),
('Ratnapura', 'Eratna'),
('Matale', 'Erawula Junction'),
('Ratnapura', 'Erepola'),
('Mannar', 'Erukkalampiddy'),
('Gampaha', 'Essella'),
('Matale', 'Etanawala'),
('Anuradhapura', 'Etawatunuwewa'),
('Anuradhapura', 'Etaweeragollewa'),
('Galle', 'Ethkandura'),
('Colombo', 'Ethul Kotte'),
('Puttalam', 'Ettale'),
('Badulla', 'Ettampitiya'),
('Monaragala', 'Ettiliwewa'),
('Monaragala', 'Galabedda'),
('Kandy', 'Galaboda'),
('Anuradhapura', 'Galadivulwewa'),
('Kandy', 'Galagedara'),
('Kandy', 'Galaha'),
('Polonnaruwa', 'Galamuna'),
('Ampara', 'Galapitagala'),
('Kegalle', 'Galapitamada'),
('Kegalle', 'Galatara'),
('Badulla', 'Galauda'),
('Anuradhapura', 'Galenbindunuwewa'),
('Matale', 'Galewela'),
('Kurunegala', 'Galgamuwa'),
('Kandy', 'Galhinna'),
('Kegalle', 'Galigamuwa'),
('Anuradhapura', 'Galkadawala'),
('Anuradhapura', 'Galkiriyagama'),
('Anuradhapura', 'Galkulama'),
('Galle', 'Galle'),
('Ratnapura', 'Gallella'),
('Kandy', 'Gallellagama'),
('Kurunegala', 'Gallewa'),
('Puttalam', 'Galmuruwa'),
('Anuradhapura', 'Galnewa'),
('Polonnaruwa', 'Galoya Junction'),
('Kalutara', 'Galpatha'),
('Kalutara', 'Gamagoda'),
('Anuradhapura', 'Gambirigaswewa'),
('Matale', 'Gammaduwa'),
('Gampaha', 'Gampaha'),
('Kandy', 'Gampola'),
('Matara', 'Gandara'),
('Galle', 'Ganegoda'),
('Gampaha', 'Ganemulla'),
('Anuradhapura', 'Ganewalpola'),
('Kurunegala', 'Ganewatta'),
('Kandy', 'Ganga Ihala Korale'),
('Kandy', 'Gangawata Korale'),
('Ratnapura', 'Gangeyaya'),
('Colombo', 'Gangodawilla'),
('Kegalle', 'Ganithapura'),
('Kegalle', 'Gantuna'),
('Kandy', 'Gelioya'),
('Ratnapura', 'Getahetta'),
('Anuradhapura', 'Getalawa'),
('Hambantota', 'Getamanna'),
('Ratnapura', 'Gillimale'),
('Nuwara Eliya', 'Ginigathena'),
('Galle', 'Ginimellagaha'),
('Galle', 'Gintota'),
('Badulla', 'Girandurukotte'),
('Kurunegala', 'Girathalana'),
('Kurunegala', 'Giribawa'),
('Polonnaruwa', 'Giritale'),
('Kurunegala', 'Giriulla'),
('Anuradhapura', 'Gnanikulama'),
('Hambantota', 'Goda Koggalla'),
('Colombo', 'Godagama'),
('Ratnapura', 'Godagampola'),
('Ratnapura', 'Godakawela'),
('Kandy', 'Godamunna'),
('Matara', 'Godapitiya'),
('Kurunegala', 'Gokaralla'),
('Kandy', 'Gomagoda'),
('Trincomalee', 'Gomarankadawala'),
('Matara', 'Gomilamawarala'),
('Kegalle', 'Gonagala'),
('Galle', 'Gonagalpura'),
('Hambantota', 'Gonagamuwa Uduwila'),
('Ampara', 'Gonagolla'),
('Galle', 'Gonamulla Junction'),
('Galle', 'Gonapinuwala'),
('Colombo', 'Gonapola'),
('Kalutara', 'Gonapola Junction'),
('Gampaha', 'GonawalaWP'),
('Kurunegala', 'Gonawila'),
('Hambantota', 'Gonnoruwa'),
('Colombo', 'Gothatuwa'),
('Kalutara', 'Govinna'),
('Kandy', 'Gunnepana'),
('Ratnapura', 'Gurubewilagama'),
('Kandy', 'Gurudeniya'),
('Kalutara', 'Gurulubadda'),
('Badulla', 'Gurutalawa'),
('Galle', 'Habaraduwa'),
('Colombo', 'Habarakada'),
('Anuradhapura', 'Habarana'),
('Galle', 'Haburugala'),
('Nuwara Eliya', 'Haggala'),
('Kegalle', 'Hakahinna'),
('Matara', 'Hakmana'),
('Hambantota', 'Hakuruwela'),
('Badulla', 'Haldummulla'),
('Nuwara Eliya', 'Halgranoya'),
('Badulla', 'Hali Ela'),
('Kalutara', 'Halkandawila'),
('Kandy', 'Halloluwa'),
('Anuradhapura', 'Halmillawa Dambulla'),
('Kurunegala', 'Halmillawewa'),
('Kalutara', 'Haltota'),
('Galle', 'Halvitigala Colony'),
('Kalutara', 'Halwatura'),
('Hambantota', 'Hambantota'),
('Monaragala', 'Hambegamuwa'),
('Colombo', 'Handapangoda'),
('Kandy', 'Handessa'),
('Matale', 'Handungamuwa'),
('Nuwara Eliya', 'Hangarapitiya'),
('Kandy', 'Hanguranketha'),
('Kurunegala', 'Hanhamuwa'),
('Kandy', 'Hantane'),
('Colombo', 'Hanwella'),
('Galle', 'Hapugala'),
('Nuwara Eliya', 'Hapugastalawa'),
('Badulla', 'Haputale'),
('Kandy', 'Haragama'),
('Kandy', 'Harankahawa'),
('Kandy', 'Harispattuwa'),
('Kandy', 'Hasalaka'),
('Kandy', 'Hataraliyadda'),
('Nuwara Eliya', 'Hatton'),
('Matale', 'Hattota Amuna'),
('Galle', 'Hawpe'),
('Nuwara Eliya', 'Hedunuwewa'),
('Kandy', 'Heerassagala'),
('Gampaha', 'Heiyanthuduwa'),
('Badulla', 'Helahalpe'),
('Kegalle', 'Helamada'),
('Badulla', 'Helapupula'),
('Kegalle', 'Hemmatagama'),
('Gampaha', 'Hendala'),
('Gampaha', 'Henegama'),
('Kegalle', 'Hettimulla'),
('Kurunegala', 'Hettipola'),
('Kegalle', 'Hewadiwela'),
('Colombo', 'Hewainna'),
('Badulla', 'Hewanakumbura'),
('Ratnapura', 'Hidellana'),
('Anuradhapura', 'Hidogama'),
('Galle', 'Hikkaduwa'),
('Kurunegala', 'Hilogama'),
('Galle', 'Hinatigala'),
('Gampaha', 'Hinatiyana Madawala'),
('Kandy', 'Hindagala'),
('Kurunegala', 'Hindagolla'),
('Kegalle', 'Hingula'),
('Polonnaruwa', 'Hingurakdamana'),
('Polonnaruwa', 'Hingurakgoda'),
('Ampara', 'Hingurana'),
('Badulla', 'Hingurukaduwa'),
('Galle', 'Hiniduma'),
('Ratnapura', 'Hiramadagama'),
('Colombo', 'Hiripitya'),
('Kegalle', 'Hiriwadunna'),
('Kurunegala', 'Hiriyala Lenawa'),
('Gampaha', 'Hiswella'),
('Galle', 'Hiyare'),
('Colombo', 'Hokandara'),
('Colombo', 'Homagama'),
('Kandy', 'Hondiyadeniya'),
('Colombo', 'Horagala'),
('Kurunegala', 'Horambawa'),
('Gampaha', 'Horampella'),
('Kalutara', 'Horana'),
('Matara', 'Horapawita'),
('Anuradhapura', 'Horawpatana'),
('Monaragala', 'Hulandawa'),
('Kurunegala', 'Hulogedara'),
('Kurunegala', 'Hulugalla'),
('Hambantota', 'Hungama'),
('Kandy', 'Hunnasgiriya'),
('Gampaha', 'Hunumulla'),
('Kurunegala', 'Hunupola'),
('Anuradhapura', 'Hurigaswewa'),
('Kurunegala', 'Ibbagamuwa'),
('Hambantota', 'Ihala Beligalla'),
('Kurunegala', 'Ihala Gomugomuwa'),
('Kurunegala', 'Ihala Kadigamuwa'),
('Kurunegala', 'Ihala Katugampola'),
('Kandy', 'Ihala Kobbekaduwa'),
('Puttalam', 'Ihala Kottaramulla'),
('Gampaha', 'Ihala Madampella'),
('Puttalam', 'Ihala Puliyankulama'),
('Galle', 'Ihala Walpola'),
('Anuradhapura', 'Ihalagama'),
('Galle', 'Ihalahewessa'),
('Puttalam', 'Ilippadeniya'),
('Matale', 'Illukkumbura'),
('Mannar', 'Illuppaikadavai'),
('Kurunegala', 'Ilukhena'),
('Galle', 'Imaduwa'),
('Kegalle', 'Imbulana'),
('Kegalle', 'Imbulgasdeniya'),
('Gampaha', 'Imbulgoda'),
('Ratnapura', 'Imbulpe'),
('Ampara', 'Imkkamam'),
('Matale', 'Inamaluwa'),
('Kurunegala', 'Indulgodakanda'),
('Galle', 'Induruwa'),
('Monaragala', 'Inginiyagala'),
('Colombo', 'Ingiriya'),
('Kurunegala', 'Inguruwatta'),
('Anuradhapura', 'Ipologama'),
('Vavuniya', 'Iranaitiv'),
('Kurunegala', 'Iriyagolla'),
('Puttalam', 'Ismailpuram'),
('Ratnapura', 'Ittakanda'),
('Kalutara', 'Ittapana'),
('Gampaha', 'Ja-Ela'),
('Jaffna', 'Jaffna'),
('Colombo', 'Jalthara'),
('Kandy', 'Jambugahapitiya'),
('Badulla', 'Jangulla'),
('Polonnaruwa', 'Jayanthipura'),
('Polonnaruwa', 'Jayasiripura'),
('Hambantota', 'Julampitiya'),
('Kegalle', 'Kabagamuwa'),
('Gampaha', 'Kadawatha'),
('Trincomalee', 'Kaddaiparichchan'),
('Kurunegala', 'Kadigawa'),
('Gampaha', 'Kadirana'),
('Kandy', 'Kadugannawa'),
('Polonnaruwa', 'Kaduruwela'),
('Colombo', 'Kaduwela'),
('Anuradhapura', 'Kagama'),
('Galle', 'Kahaduwa'),
('Hambantota', 'Kahandamodara'),
('Ratnapura', 'Kahangama'),
('Kurunegala', 'Kahapathwala'),
('Anuradhapura', 'Kahatagasdigiliya'),
('Kandy', 'Kahataliyadda'),
('Colombo', 'Kahathuduwa'),
('Gampaha', 'Kahatowita'),
('Galle', 'Kahawa'),
('Colombo', 'Kahawala'),
('Ratnapura', 'Kahawatta'),
('Matale', 'Kaikawala'),
('Puttalam', 'Kakkapalliya'),
('Anuradhapura', 'Kala Oya'),
('Gampaha', 'Kalagedihena'),
('Anuradhapura', 'Kalakarambewa'),
('Anuradhapura', 'Kalankuttiya'),
('Colombo', 'Kalatuwawa'),
('Ratnapura', 'Kalawana'),
('Kalutara', 'Kalawila Kiranthidiya'),
('Gampaha', 'Kaleliya'),
('Polonnaruwa', 'Kalingaela'),
('Puttalam', 'Kalladiya'),
('Ampara', 'Kalmunai'),
('Puttalam', 'Kalpitiya'),
('Ratnapura', 'Kaltota'),
('Colombo', 'Kaluaggala'),
('Colombo', 'Kalubowila'),
('Matara', 'Kalubowitiyana'),
('Kandy', 'Kalugala'),
('Kurunegala', 'Kalugamuwa'),
('Polonnaruwa', 'Kalukele Badanagala'),
('Matale', 'Kalundawa'),
('Badulla', 'Kalupahana'),
('Kalutara', 'Kalutara'),
('Matara', 'Kamburugamuwa'),
('Matara', 'Kamburupitiya'),
('Kurunegala', 'Kanadeniyawala'),
('Vavuniya', 'Kanagarayankulam'),
('Galle', 'Kananke Bazaar'),
('Kalutara', 'Kananwila'),
('Kurunegala', 'Kanattewewa'),
('Badulla', 'Kandaketya'),
('Puttalam', 'Kandakuliya'),
('Matale', 'Kandalama'),
('Gampaha', 'Kandana'),
('Nuwara Eliya', 'Kandapola'),
('Vavuniya', 'Kandavalai'),
('Badulla', 'Kandegedara'),
('Badulla', 'Kandepuhulpola'),
('Kandy', 'Kandy'),
('Kegalle', 'Kannattota'),
('Trincomalee', 'Kanniya'),
('Trincomalee', 'Kantalai'),
('Trincomalee', 'Kantalai Sugar Factory'),
('Gampaha', 'Kapugoda'),
('Kandy', 'Kapuliyadde'),
('Kilinochchi', 'Karachchi'),
('Kurunegala', 'Karagahagedara'),
('Galle', 'Karagoda'),
('Matara', 'Karagoda Uyangoda'),
('Kandy', 'Karandagolla'),
('Ratnapura', 'Karandana'),
('Galle', 'Karandeniya'),
('Ratnapura', 'Karangoda'),
('Galle', 'Karapitiya'),
('Matara', 'Karaputugala'),
('Puttalam', 'Karativponparappi'),
('Ampara', 'Karativu'),
('Matara', 'Karatota'),
('Puttalam', 'Karawitagara'),
('Hambantota', 'Kariyamaditta'),
('Puttalam', 'Karuwalagaswewa'),
('Gampaha', 'Katana'),
('Monaragala', 'Kataragama'),
('Anuradhapura', 'Katiyawa'),
('Gampaha', 'Kattuwa'),
('Colombo', 'Katubedda'),
('Matale', 'Katudeniya'),
('Kandy', 'Katugastota'),
('Nuwara Eliya', 'Katukitula'),
('Gampaha', 'Katunayake'),
('Gampaha', 'Katunayake Air Force Camp'),
('Puttalam', 'Katuneriya'),
('Kurunegala', 'Katupota'),
('Hambantota', 'Katuwana'),
('Gampaha', 'Katuwellegama'),
('Matale', 'Kavudupelella'),
('Hambantota', 'Kawantissapura'),
('Polonnaruwa', 'Kawudulla'),
('Badulla', 'Kebillawela'),
('Anuradhapura', 'Kebithigollewa'),
('Nuwara Eliya', 'Keerthi Bandarapura'),
('Kegalle', 'Kegalle'),
('Kalutara', 'Kehelwatta'),
('Matara', 'Kekanadurra'),
('Anuradhapura', 'Kekirawa'),
('Kurunegala', 'Kekunagolla'),
('Colombo', 'Kelaniya'),
('Ratnapura', 'Kella Junction'),
('Badulla', 'Kendagolla'),
('Anuradhapura', 'Kendewa'),
('Kandy', 'Kengalla'),
('Badulla', 'Keppetipola'),
('Kurunegala', 'Keppitiwalana'),
('Colombo', 'Kesbewa'),
('Nuwara Eliya', 'Ketaboola'),
('Kandy', 'Ketakumbura'),
('Kandy', 'Ketawala Leula'),
('Badulla', 'Ketawatta'),
('Kilinochchi', 'Kilinochchi'),
('Vavuniya', 'Kilinochchi'),
('Gampaha', 'Kimbulapitiya'),
('Trincomalee', 'Kinniya'),
('Hambantota', 'Kirama'),
('Gampaha', 'Kiribathgoda'),
('Kandy', 'Kiribathkumbura'),
('Ratnapura', 'Kiriella'),
('Monaragala', 'Kiriibbanwewa'),
('Gampaha', 'Kirillawala'),
('Kurunegala', 'Kirimetiyawa'),
('Hambantota', 'Kirinda'),
('Matara', 'Kirinda-Puhulwella'),
('Kurunegala', 'Kirindawa'),
('Kurunegala', 'Kirindigalla'),
('Gampaha', 'Kirindiwela'),
('Colombo', 'Kiriwattuduwa'),
('Matara', 'Kiriwelkele'),
('Kurunegala', 'Kithalawa'),
('Kegalle', 'Kitulgala'),
('Kalutara', 'Kitulgoda'),
('Anuradhapura', 'Kitulhitiyawa'),
('Gampaha', 'Kitulwala'),
('Matale', 'Kiwula'),
('Kurunegala', 'Kobeigane'),
('Gampaha', 'Kochchikade'),
('Galle', 'Koggala'),
('Kurunegala', 'Kohilagedara'),
('Kalutara', 'Koholana'),
('Colombo', 'Kohuwala'),
('Mullativu', 'Kokkilai'),
('Kandy', 'Kolabissa'),
('Ratnapura', 'Kolambageara'),
('Ratnapura', 'Kolombugama'),
('Ratnapura', 'Kolonna'),
('Colombo', 'Kolonnawa'),
('Kegalle', 'Kondeniya'),
('Matale', 'Kongahawela'),
('Kurunegala', 'Konwewa'),
('Colombo', 'Kosgama'),
('Galle', 'Kosgoda'),
('Kurunegala', 'Kosgolla'),
('Badulla', 'Koslanda'),
('Colombo', 'Koswatta'),
('Gampaha', 'Kotadeniyawa'),
('Nuwara Eliya', 'Kotagala'),
('Badulla', 'Kotamuduna'),
('Matara', 'Kotapola'),
('Kurunegala', 'Kotawehera'),
('Colombo', 'Kotikawatta'),
('Monaragala', 'Kotiyagala'),
('Kegalle', 'Kotiyakumbura'),
('Nuwara Eliya', 'Kotmale'),
('Puttalam', 'Kottantivu'),
('Polonnaruwa', 'Kottapitiya'),
('Colombo', 'Kottawa'),
('Galle', 'Kottawagama'),
('Colombo', 'Kotte'),
('Matara', 'Kottegoda'),
('Puttalam', 'Kottukachchiya'),
('Gampaha', 'Kotugoda'),
('Trincomalee', 'Kuchchaveli'),
('Kalutara', 'Kuda Uduwa'),
('Kurunegala', 'Kudagalgamuwa'),
('Kurunegala', 'Kudakatnoruwa'),
('Ratnapura', 'Kudawa'),
('Galle', 'Kuleegoda'),
('Kurunegala', 'Kuliyapitiya East'),
('Kurunegala', 'Kuliyapitiya West'),
('Kandy', 'Kulugammana'),
('Puttalam', 'Kumarakattuwa'),
('Nuwara Eliya', 'Kumbalgamuwa'),
('Gampaha', 'Kumbaloluwa'),
('Kalutara', 'Kumbuka'),
('Kurunegala', 'Kumbukgeta'),
('Monaragala', 'Kumbukkana'),
('Kandy', 'Kumbukkandura'),
('Kurunegala', 'Kumbukwewa'),
('Kandy', 'Kumburegama'),
('Trincomalee', 'Kumburupiddy'),
('Kandy', 'Kundasale'),
('Kurunegala', 'Kuratihena'),
('Anuradhapura', 'Kurundankulama'),
('Kurunegala', 'Kurunegala'),
('Ratnapura', 'Kuruwita'),
('Badulla', 'Kuruwitenna'),
('Badulla', 'Kuttiyagolla'),
('Kurunegala', 'Labbala'),
('Nuwara Eliya', 'Labukele'),
('Matale', 'Laggala Pallegama'),
('Ampara', 'Lahugala'),
('Polonnaruwa', 'Lakshauyana'),
('Badulla', 'Landewela'),
('Polonnaruwa', 'Lankapura'),
('Nuwara Eliya', 'Laxapana'),
('Matale', 'Leliambe'),
('Ratnapura', 'Lellopitiya'),
('Matale', 'Lenadora'),
('Kegalle', 'Lewangama'),
('Kandy', 'Lewella'),
('Puttalam', 'Lihiriyagama'),
('Nuwara Eliya', 'Lindula'),
('Badulla', 'Liyangahawela'),
('Gampaha', 'Loluwagoda'),
('Kurunegala', 'Lonahettiya'),
('Hambantota', 'Lunama'),
('Badulla', 'Lunugala'),
('Gampaha', 'Lunugama'),
('Hambantota', 'Lunugamwehera'),
('Kandy', 'Lunuketiya Maditta'),
('Badulla', 'Lunuwatta'),
('Puttalam', 'Lunuwila'),
('Gampaha', 'Mabodale'),
('Kurunegala', 'Madahapola'),
('Ratnapura', 'Madalagama'),
('Puttalam', 'Madampe'),
('Colombo', 'Madapatha'),
('Anuradhapura', 'Madatugama'),
('Kandy', 'Madawala Bazaar'),
('Matale', 'Madawala Ulpotha'),
('Gampaha', 'Madelgamuwa'),
('Mannar', 'Madhu Church'),
('Mannar', 'Madhu Road'),
('Matale', 'Madipola'),
('Colombo', 'Madiwela'),
('Kandy', 'Madugalla'),
('Kandy', 'Madulkele'),
('Nuwara Eliya', 'Madulla'),
('Badulla', 'Madulsima'),
('Kurunegala', 'Maduragoda'),
('Puttalam', 'Madurankuliya'),
('Kalutara', 'Madurawala'),
('Kurunegala', 'Maeliya'),
('Hambantota', 'Magama'),
('Galle', 'Magedara'),
('Kalutara', 'Maggona'),
('Kurunegala', 'Magulagama'),
('Polonnaruwa', 'Maha Ambagaswewa'),
('Gampaha', 'Mahabage'),
('Anuradhapura', 'Mahabulankulama'),
('Trincomalee', 'Mahadivulwewa'),
('Kurunegala', 'Mahagalkadawala'),
('Hambantota', 'Mahagalwewa'),
('Kalutara', 'Mahagama'),
('Kurunegala', 'Mahagirilla'),
('Anuradhapura', 'Mahailluppallama'),
('Kalutara', 'Mahakalupahana'),
('Anuradhapura', 'Mahakanadarawa'),
('Kandy', 'Mahakanda'),
('Puttalam', 'Mahakumbukkadawala'),
('Kandy', 'Mahamedagama'),
('Kurunegala', 'Mahamukalanyaya'),
('Ampara', 'Mahaoya'),
('Kegalle', 'Mahapallegama'),
('Gampaha', 'Mahara'),
('Kurunegala', 'Maharachchimulla'),
('Colombo', 'Maharagama'),
('Puttalam', 'Mahauswewa'),
('Kurunegala', 'Mahawa'),
('Matale', 'Mahawela'),
('Polonnaruwa', 'Mahawela Sinhapura'),
('Puttalam', 'Mahawewa'),
('Anuradhapura', 'Mahawilachchiya'),
('Badulla', 'Mahiyanganaya'),
('Kurunegala', 'Maho'),
('Anuradhapura', 'Mailagaswewa'),
('Kandy', 'Mailapitiya'),
('Matara', 'Makandura'),
('Ratnapura', 'Makandura Sabara'),
('Kegalle', 'Makehelwala'),
('Gampaha', 'Makewita'),
('Kandy', 'Makkanigama'),
('Gampaha', 'Makola'),
('Kurunegala', 'Makulpotha'),
('Kurunegala', 'Makulwewa'),
('Colombo', 'Malabe'),
('Kurunegala', 'Malagane'),
('Nuwara Eliya', 'Maldeniya'),
('Galle', 'Malgalla Talangalla'),
('Kegalle', 'Maliboda'),
('Matara', 'Maliduwa'),
('Matara', 'Malimbada'),
('Kurunegala', 'Malkaduwawa'),
('Kurunegala', 'Mallawapitiya'),
('Kegalle', 'Malmaduwa'),
('Ratnapura', 'Malwala Junction'),
('Gampaha', 'Malwana'),
('Hambantota', 'Mamadala'),
('Vavuniya', 'Mamaduwa'),
('Polonnaruwa', 'Mampitiya'),
('Puttalam', 'Mampuri'),
('Kurunegala', 'Mandapola'),
('Gampaha', 'Mandawala'),
('Puttalam', 'Mangalaeliya'),
('Mannar', 'Mannar'),
('Badulla', 'Mapakadawewa'),
('Galle', 'Mapalagama'),
('Galle', 'Mapalagama Central'),
('Colombo', 'Maradana'),
('Anuradhapura', 'Maradankadawala'),
('Vavuniya', 'Maraiyadithakulam'),
('Matara', 'Maramba'),
('Gampaha', 'Marandagahamula'),
('Ratnapura', 'Marapana'),
('Kandy', 'Marassana'),
('Ampara', 'Marathamune'),
('Puttalam', 'Marawila'),
('Kandy', 'Marymount Colony'),
('Nuwara Eliya', 'Maskeliya'),
('Kurunegala', 'Maspotha'),
('Nuwara Eliya', 'Maswela'),
('Matale', 'Matale'),
('Matara', 'Matara'),
('Galle', 'Mattaka'),
('Colombo', 'Mattegoda'),
('Kalutara', 'Matugama'),
('Badulla', 'Maussagolla'),
('Kegalle', 'Mawanella'),
('Kurunegala', 'Mawathagama'),
('Kandy', 'Mawatura'),
('Kandy', 'Mawilmada'),
('Kegalle', 'Mayinoluwa'),
('Galle', 'Meda-Keembiya'),
('Ratnapura', 'Medagalatur'),
('Monaragala', 'Medagana'),
('Kandy', 'Medamahanuwara'),
('Hambantota', 'Medamulana'),
('Anuradhapura', 'Medawachchiya'),
('Kandy', 'Medawala Harispattuwa'),
('Badulla', 'Medawela Udukinda'),
('Polonnaruwa', 'Medirigiriya'),
('Matara', 'Mediripitiya'),
('Badulla', 'Meegahakiula'),
('Kalutara', 'Meegahatenna'),
('Kurunegala', 'Meegalawa'),
('Kalutara', 'Meegama'),
('Colombo', 'Meegoda'),
('Colombo', 'Meepe'),
('Kurunegala', 'Meetanwala'),
('Galle', 'Meetiyagoda'),
('Kurunegala', 'Meewellawa'),
('Kandy', 'Megoda Kalugamuwa'),
('Anuradhapura', 'Megodawewa'),
('Matale', 'Melipitiya'),
('Gampaha', 'Mellawagedara'),
('Kurunegala', 'Melsiripura'),
('Kandy', 'Menikdiwela'),
('Kandy', 'Menikhinna'),
('Matale', 'Metihakka'),
('Kurunegala', 'Metikumbura'),
('Kurunegala', 'Metiyagane'),
('Hambantota', 'Middeniya'),
('Matara', 'Miella'),
('Hambantota', 'Migahajandur'),
('Anuradhapura', 'Mihintale'),
('Kalutara', 'Millaniya'),
('Kurunegala', 'Millawa'),
('Matale', 'Millawana'),
('Kalutara', 'Millewa'),
('Kurunegala', 'Minhettiya'),
('Kandy', 'Minigamuwa'),
('Kandy', 'Minipe'),
('Ratnapura', 'Minipura Dumbara'),
('Polonnaruwa', 'Minneriya'),
('Kurunegala', 'Minuwangete'),
('Gampaha', 'Minuwangoda'),
('Nuwara Eliya', 'Mipilimana'),
('Badulla', 'Mirahawatta'),
('Gampaha', 'Mirigama'),
('Colombo', 'Mirihana'),
('Matara', 'Mirissa'),
('Gampaha', 'Miriswatta'),
('Gampaha', 'Mithirigala'),
('Ratnapura', 'Mitipola'),
('Kegalle', 'Miyanawita'),
('Kegalle', 'Molagoda'),
('Kalutara', 'Molkawa'),
('Monaragala', 'Moneragala'),
('Kurunegala', 'Monnekulama'),
('Colombo', 'Moragahahena'),
('Matara', 'Moragala Kirillapone'),
('Kurunegala', 'Moragane'),
('Kurunegala', 'Moragollagama'),
('Colombo', 'Moraketiya'),
('Kalutara', 'Morapitiya'),
('Kurunegala', 'Morathiha'),
('Colombo', 'Moratuwa'),
('Matara', 'Morawaka'),
('Trincomalee', 'Morawewa'),
('Kegalle', 'Morontota'),
('Kalutara', 'Morontuduwa'),
('Colombo', 'Mount Lavinia'),
('Puttalam', 'Mudalakkuliya'),
('Gampaha', 'Muddaragama'),
('Puttalam', 'Mudukatuwa'),
('Gampaha', 'Mudungoda'),
('Puttalam', 'Mugunuwatawana'),
('Puttalam', 'Mukkutoduwawa'),
('Matara', 'Mulatiyana'),
('Matara', 'Mulatiyana Junction'),
('Ratnapura', 'Mulgama'),
('Hambantota', 'Mulkirigala'),
('Mullativu', 'Mullativu'),
('Colombo', 'Mullegama'),
('Colombo', 'Mulleriyawa'),
('Trincomalee', 'Mullipothana'),
('Mullativu', 'Mulliyawalai'),
('Kurunegala', 'Munamaldeniya'),
('Puttalam', 'Mundalama'),
('Puttalam', 'Mundel'),
('Nuwara Eliya', 'Munwatta'),
('Vavuniya', 'Murasumoddai'),
('Mannar', 'Murunkan'),
('Kandy', 'Murutalawa'),
('Kurunegala', 'Muruthenge'),
('Trincomalee', 'Mutur'),
('Matale', 'Muwandeniya'),
('Kurunegala', 'Nabadewa'),
('Anuradhapura', 'Nachchaduwa'),
('Matara', 'Nadugala'),
('Galle', 'Nagoda'),
('Kurunegala', 'Nagollagama'),
('Kurunegala', 'Nagollagoda'),
('Matara', 'Naimana'),
('Puttalam', 'Nainamadama'),
('Galle', 'Nakiyadeniya'),
('Monaragala', 'Nakkala'),
('Kurunegala', 'Nakkawatta'),
('Hambantota', 'Nakulugamuwa'),
('Matale', 'Nalanda'),
('Puttalam', 'Nalladarankattuwa'),
('Jaffna', 'Nallur'),
('Ampara', 'Namal Oya'),
('Mannar', 'Nanattan'),
('Monaragala', 'Nannapurawa'),
('Nuwara Eliya', 'Nanuoya'),
('Kurunegala', 'Narammala'),
('Badulla', 'Narangala'),
('Kurunegala', 'Narangoda'),
('Kandy', 'Naranpanawa'),
('Gampaha', 'Naranwala'),
('Puttalam', 'Nattandiya'),
('Kandy', 'Nattarampotha'),
('Matale', 'Naula'),
('Colombo', 'Navagamuwa'),
('Ampara', 'Navithanveli'),
('Galle', 'Nawadagala'),
('Puttalam', 'Nawagattegama'),
('Colombo', 'Nawala'),
('Kandy', 'Nawalapitiya'),
('Gampaha', 'Nawana'),
('Nuwara Eliya', 'Nawathispane'),
('Kalutara', 'Nawattuduwa'),
('Kalutara', 'Neboda'),
('Gampaha', 'Nedungamuwa'),
('Vavuniya', 'Nedunkemy'),
('Trincomalee', 'Neelapola'),
('Anuradhapura', 'Negampaha'),
('Gampaha', 'Negombo'),
('Polonnaruwa', 'Nelumwewa'),
('Kegalle', 'Nelundeniya'),
('Galle', 'Neluwa'),
('Vavuniya', 'Neriyakulam'),
('Hambantota', 'Netolpitiya'),
('Hambantota', 'Nihiluwa'),
('Kurunegala', 'Nikadalupotha'),
('Gampaha', 'Nikahetikanda'),
('Badulla', 'Nikapotha'),
('Kurunegala', 'Nikaweratiya'),
('Trincomalee', 'Nilaveli'),
('Nuwara Eliya', 'Nildandahinna'),
('Kandy', 'Nillambe'),
('Galle', 'Nindana'),
('Ampara', 'Nintavur'),
('Ratnapura', 'Niralagama'),
('Gampaha', 'Nittambuwa'),
('Ratnapura', 'Nivitigala'),
('Gampaha', 'Niwandama'),
('Kegalle', 'Niyadurupola'),
('Galle', 'Niyagama'),
('Anuradhapura', 'Nochchiyagama'),
('Puttalam', 'Norachcholai'),
('Nuwara Eliya', 'Norwood'),
('Matale', 'Nugagolla'),
('Kandy', 'Nugaliyadda'),
('Badulla', 'Nugatalawa'),
('Kandy', 'Nugawela'),
('Colombo', 'Nugegoda'),
('Nuwara Eliya', 'Nuwara Eliya'),
('Polonnaruwa', 'Nuwaragala'),
('Anuradhapura', 'Nuwaragam Palatha'),
('Monaragala', 'Obbegoda'),
('Mullativu', 'Odduchudan'),
('Badulla', 'Ohiya'),
('Hambantota', 'Okewela'),
('Monaragala', 'Okkampitiya'),
('Ampara', 'Oluvil'),
('Ratnapura', 'Omalpe'),
('Vavuniya', 'Omanthai'),
('Polonnaruwa', 'Onegama'),
('Ratnapura', 'Opanayaka'),
('Galle', 'Opatha'),
('Matale', 'Ovilikanda'),
('Mannar', 'P.P.Potkemy'),
('Kilinochchi', 'Pachchilaipalli'),
('Kalutara', 'Padagoda'),
('Ratnapura', 'Padalangala'),
('Anuradhapura', 'Padavi Parakramapura'),
('Anuradhapura', 'Padavi Sri Pura'),
('Anuradhapura', 'Padavi Sritissapura'),
('Anuradhapura', 'Padaviya'),
('Kurunegala', 'Padeniya'),
('Kurunegala', 'Padiwela'),
('Nuwara Eliya', 'Padiyapelella'),
('Ampara', 'Padiyatalawa'),
('Colombo', 'Padukka'),
('Anuradhapura', 'Pahala Maragahawe'),
('Kalutara', 'Pahalahewessa'),
('Ampara', 'Pahalalanda'),
('Kurunegala', 'Pahamune'),
('Kalutara', 'Paiyagala'),
('Anuradhapura', 'Palagala'),
('Ampara', 'Palamunai'),
('Matale', 'Palapathwela'),
('Matara', 'Palatuwa'),
('Puttalam', 'Palaviya'),
('Kalutara', 'Palindanuwara'),
('Vavuniya', 'Pallai'),
('Puttalam', 'Pallama'),
('Ratnapura', 'Pallebedda'),
('Kandy', 'Pallebowala'),
('Hambantota', 'Pallekanda'),
('Kandy', 'Pallekelle'),
('Kandy', 'Pallekotuwa'),
('Matale', 'Pallepola'),
('Gampaha', 'Pallewela'),
('Puttalam', 'Palliwasalturai'),
('Polonnaruwa', 'Palugasdamana'),
('Anuradhapura', 'Palugaswewa'),
('Vavuniya', 'Pampaimadu'),
('Gampaha', 'Pamunugama'),
('Gampaha', 'Pamunuwatta'),
('Kurunegala', 'Panadaragama'),
('Kalutara', 'Panadura'),
('Kurunegala', 'Panagamuwa'),
('Kurunegala', 'Panaliya'),
('Ampara', 'Panama'),
('Ratnapura', 'Panamura'),
('Galle', 'Panangala'),
('Ratnapura', 'Panapitiya'),
('Ratnapura', 'Panapola'),
('Ratnapura', 'Panawala'),
('Anuradhapura', 'Pandulagama'),
('Kurunegala', 'Panduwasnuwara'),
('Puttalam', 'Panirendawa'),
('Trincomalee', 'Pankulam'),
('Kurunegala', 'Panliyadda'),
('Kurunegala', 'Pannala'),
('Kalutara', 'Pannila'),
('Colombo', 'Pannipitiya'),
('Kurunegala', 'Pansiyagama'),
('Kandy', 'Panvila'),
('Kandy', 'Paradeka'),
('Matara', 'Paragala'),
('Kalutara', 'Paragastota'),
('Kalutara', 'Paragoda'),
('Ratnapura', 'Parakaduwa'),
('Polonnaruwa', 'Parakramasamudraya'),
('Matara', 'Parapamulla'),
('Kegalle', 'Parape'),
('Anuradhapura', 'Parasangahawewa'),
('Matara', 'Pasgoda'),
('Badulla', 'Passara'),
('Gampaha', 'Pasyala'),
('Nuwara Eliya', 'Patana'),
('Kandy', 'Pathadumbara'),
('Kegalle', 'Pattampitiya'),
('Nuwara Eliya', 'Pattipola'),
('Kandy', 'Pattitalawa'),
('Kandy', 'Pattiya Watta'),
('Ratnapura', 'Pebotuwa'),
('Badulla', 'Pelagahatenna'),
('Polonnaruwa', 'Pelatiyawa'),
('Colombo', 'Pelawatta'),
('Colombo', 'Peliyagoda'),
('Ratnapura', 'Pelmadulla'),
('Matara', 'Penetiyana'),
('Colombo', 'Pepiliyana'),
('Gampaha', 'Pepiliyawala'),
('Kandy', 'Peradeniya'),
('Matale', 'Perakanatta'),
('Anuradhapura', 'Perimiyankulama'),
('Ampara', 'Periyaneelavanai'),
('Vavuniya', 'Periyaulukkulam'),
('Mannar', 'Pesalai'),
('Gampaha', 'Pethiyagoda'),
('Kurunegala', 'Pihimbiya Ratmale'),
('Kurunegala', 'Pihimbuwa'),
('Kandy', 'Pilawala'),
('Kurunegala', 'Pilessa'),
('Kandy', 'Pilimatalawa'),
('Colombo', 'Piliyandala'),
('Ratnapura', 'Pimbura'),
('Kegalle', 'Pinnawala'),
('Colombo', 'Pita Kotte'),
('Matara', 'Pitabeddara'),
('Kegalle', 'Pitagaldeniya'),
('Badulla', 'Pitapola'),
('Nuwara Eliya', 'Pitawala'),
('Galle', 'Pitigala'),
('Colombo', 'Pitipana Homagama'),
('Galle', 'Poddala'),
('Kandy', 'Poholiyadda'),
('Kalutara', 'Pokunuwita'),
('Kurunegala', 'Polgahawela'),
('Kalutara', 'Polgampola'),
('Colombo', 'Polgasowita'),
('Kandy', 'Polgolla'),
('Matara', 'Polhena'),
('Polonnaruwa', 'Polonnaruwa'),
('Gampaha', 'Polpithimukulana'),
('Kurunegala', 'Polpitigama'),
('Ampara', 'Polwaga Janapadaya'),
('Kilinochchi', 'Poonakary'),
('Galle', 'Porawagama'),
('Kalutara', 'Poruwadanda'),
('Kurunegala', 'Pothuhera'),
('Kegalle', 'Pothukoladeniya'),
('Ratnapura', 'Pothupitiya'),
('Puttalam', 'Pothuwatawana'),
('Ampara', 'Pottuvil'),
('Matale', 'Pubbiliya'),
('Mullativu', 'Pudukudiyirippu'),
('Gampaha', 'Pugoda'),
('Matara', 'Puhulwella'),
('Kandy', 'Pujapitiya'),
('Polonnaruwa', 'Pulastigama'),
('Anuradhapura', 'Puliyankulama'),
('Nuwara Eliya', 'Pundaluoya'),
('Anuradhapura', 'Punewa'),
('Kandy', 'Pupuressa'),
('Kandy', 'Pussellawa'),
('Puttalam', 'Puttalam'),
('Puttalam', 'Puttalam Cement Factory'),
('Colombo', 'Puwakpitiya'),
('Gampaha', 'Radawadunna'),
('Gampaha', 'Radawana'),
('Matara', 'Radawela'),
('Gampaha', 'Raddolugama'),
('Gampaha', 'Ragama'),
('Ampara', 'Rajagalatenna'),
('Colombo', 'Rajagiriya'),
('Puttalam', 'Rajakadaluwa'),
('Anuradhapura', 'Rajanganaya'),
('Ratnapura', 'Rajawaka'),
('Kandy', 'Rajawella'),
('Ratnapura', 'Rakwana'),
('Anuradhapura', 'Rambewa'),
('Nuwara Eliya', 'Ramboda'),
('Kegalle', 'Rambukkana'),
('Kandy', 'Rambukpitiya'),
('Hambantota', 'Rammalawarapitiya'),
('Colombo', 'Ranala'),
('Kurunegala', 'Ranawana'),
('Kandy', 'Rangala'),
('Hambantota', 'Ranmuduwewa'),
('Hambantota', 'Ranna'),
('Matara', 'Ransegoda'),
('Kandy', 'Rantembe'),
('Ratnapura', 'Ranwala'),
('Kurunegala', 'Rasnayakapura'),
('Ratnapura', 'Rassagala'),
('Galle', 'Ratgama'),
('Badulla', 'Ratkarawwa'),
('Colombo', 'Ratmalana'),
('Matara', 'Ratmale'),
('Ratnapura', 'Ratna Hangamuwa'),
('Ratnapura', 'Ratnapura'),
('Matale', 'Rattota'),
('Kalutara', 'Remunagoda'),
('Kurunegala', 'Ridibendiella'),
('Kurunegala', 'Ridigama'),
('Badulla', 'Ridimaliyadda'),
('Hambantota', 'Ridiyagama'),
('Kandy', 'Rikillagaskada'),
('Matara', 'Rotumba'),
('Nuwara Eliya', 'Rozella'),
('Gampaha', 'Ruggahawila'),
('Gampaha', 'Rukmale'),
('Nuwara Eliya', 'Ruwaneliya'),
('Kegalle', 'Ruwanwella'),
('Ampara', 'Sainthamaruthu'),
('Kurunegala', 'Saliya Asokapura'),
('Anuradhapura', 'Saliyapura'),
('Puttalam', 'Saliyawewa Junction'),
('Ratnapura', 'Samanalawewa'),
('Ampara', 'Samanthurai'),
('Trincomalee', 'Sampaltivu'),
('Trincomalee', 'Sampur'),
('Kurunegala', 'Sandalankawa'),
('Kandy', 'Sangarajapura'),
('Nuwara Eliya', 'Santhipura'),
('Kegalle', 'Seaforth Colony'),
('Gampaha', 'Seeduwa'),
('Anuradhapura', 'Seeppukulama'),
('Monaragala', 'Sella Kataragama'),
('Anuradhapura', 'Senapura'),
('Kandy', 'Senarathwela'),
('Ampara', 'Serankada'),
('Puttalam', 'Serukele'),
('Trincomalee', 'Serunuwara'),
('Trincomalee', 'Seruwila'),
('Polonnaruwa', 'Sevanapitiya'),
('Monaragala', 'Sewanagala'),
('Colombo', 'Siddamulla'),
('Matale', 'Sigiriya'),
('Badulla', 'Silmiyapura'),
('Trincomalee', 'Sirajnagar'),
('Puttalam', 'Sirambiadiya'),
('Badulla', 'Sirimalgoda'),
('Ampara', 'Siripura'),
('Matara', 'Siyambalagoda'),
('Monaragala', 'Siyambalagune'),
('Monaragala', 'Siyambalanduwa'),
('Kurunegala', 'Siyambalangamuwa'),
('Gampaha', 'Siyambalape'),
('Trincomalee', 'Somapura'),
('Hambantota', 'Sooriyawewa Town'),
('Badulla', 'Soranatota'),
('Badulla', 'Spring Valley'),
('Anuradhapura', 'Sravasthipura'),
('Colombo', 'Sri Jayawardenapura Kotte'),
('Ratnapura', 'Sri Palabaddala'),
('Matara', 'Sultanagoda'),
('Polonnaruwa', 'Sungavila'),
('Puttalam', 'Tabbowa'),
('Galle', 'Talagampola'),
('Matale', 'Talagoda Junction'),
('Gampaha', 'Talahena'),
('Mannar', 'Talaimannar'),
('Matale', 'Talakiriyagama'),
('Kandy', 'Talatuoya'),
('Anuradhapura', 'Talawa'),
('Nuwara Eliya', 'Talawakele'),
('Kurunegala', 'Talawattegedara'),
('Colombo', 'Talawatugoda'),
('Puttalam', 'Talawila Church'),
('Badulla', 'Taldena'),
('Galle', 'Talgaswela'),
('Galle', 'Talpe'),
('Polonnaruwa', 'Talpotha'),
('Polonnaruwa', 'Tamankaduwa'),
('Polonnaruwa', 'Tambala'),
('Anuradhapura', 'Tambuttegama'),
('Anuradhapura', 'Tammennawa'),
('Trincomalee', 'Tampalakamam'),
('Monaragala', 'Tanamalwila'),
('Hambantota', 'Tangalla'),
('Anuradhapura', 'Tantirimale'),
('Galle', 'Tawalama'),
('Kandy', 'Tawalantenna'),
('Kalutara', 'Tebuwana'),
('Kandy', 'Teldeniya'),
('Matara', 'Telijjawila'),
('Kandy', 'Tennekumbura'),
('Nuwara Eliya', 'Teripeha'),
('Colombo', 'Thalapathpitiya'),
('Kurunegala', 'Thalwita'),
('Kurunegala', 'Thambagalla'),
('Ampara', 'Thambiluvil'),
('Kurunegala', 'Tharana Udawela'),
('Kurunegala', 'Thelembugalla'),
('Matara', 'Thihagoda'),
('Gampaha', 'Thihariya'),
('Gampaha', 'Thimbirigaskatuwa'),
('Colombo', 'Thimbirigasyaya'),
('Mannar', 'Thiruketheeswaram Temple'),
('Kegalle', 'Tholangamuwa'),
('Colombo', 'Thummodara'),
('Kandy', 'Thumpane'),
('Mullativu', 'Thunukkai'),
('Badulla', 'Timbirigaspitiya'),
('Galle', 'Tiranagama'),
('Anuradhapura', 'Tirappane'),
('Trincomalee', 'Tiriyayi'),
('Ampara', 'Tirukovil'),
('Hambantota', 'Tissamaharama'),
('Gampaha', 'Tittapattara'),
('Puttalam', 'Toduwawa'),
('Trincomalee', 'Toppur'),
('Kurunegala', 'Torayaya'),
('Trincomalee', 'Trincomalee'),
('Kegalle', 'Tulhiriya'),
('Ratnapura', 'Tunkama'),
('Kegalle', 'Tuntota'),
('Kandy', 'Uda Peradeniya'),
('Kandy', 'Uda Talawinna'),
('Kandy', 'Udadumbara'),
('Ratnapura', 'Udaha Hawupe'),
('Kandy', 'Udahentenna'),
('Ratnapura', 'Udakarawita'),
('Galle', 'Udalamatta'),
('Hambantota', 'Udamattala'),
('Ratnapura', 'Udaniriella'),
('Kandy', 'Udapalatha'),
('Kegalle', 'Udapotha'),
('Puttalam', 'Udappuwa'),
('Nuwara Eliya', 'Udapussallawa'),
('Matale', 'Udatenna'),
('Gampaha', 'Udathuthiripitiya'),
('Ratnapura', 'Udawalawe'),
('Mullativu', 'Udayarkaddu'),
('Kandy', 'Udispattuwa'),
('Kurunegala', 'Udubaddawa'),
('Kandy', 'Ududumbara'),
('Galle', 'Udugama'),
('Gampaha', 'Udugampola'),
('Kandy', 'Udunuwara'),
('Kandy', 'Uduwa'),
('Kandy', 'Uduwela'),
('Gampaha', 'Uggalboda'),
('Ampara', 'Uhana'),
('Kurunegala', 'Uhumiya'),
('Matale', 'Ukuwela'),
('Kandy', 'Ulapane'),
('Kurunegala', 'Ulpotha Pallekele'),
('Galle', 'Uluvitike'),
('Polonnaruwa', 'Unagalavehera'),
('Galle', 'Unawatuna'),
('Kegalle', 'Undugoda'),
('Galle', 'Unenwitiya'),
('Kandy', 'Unuwinna'),
('Galle', 'Uragaha'),
('Galle', 'Uragasmanhandiya'),
('Badulla', 'Uraniya'),
('Gampaha', 'Urapola'),
('Matara', 'Urubokka'),
('Matara', 'Urugamuwa'),
('Matara', 'Urumutta'),
('Kegalle', 'Ussapitiya'),
('Gampaha', 'Uswetakeiyawa'),
('Hambantota', 'Uswewa'),
('Monaragala', 'Uva Kudaoya'),
('Badulla', 'Uva Mawelagama'),
('Badulla', 'Uva Paranagama'),
('Monaragala', 'Uva Pelwatta'),
('Badulla', 'Uva Tissapura'),
('Badulla', 'Uva Uduwara'),
('Mannar', 'Uyilankulam'),
('Puttalam', 'Vanathawilluwa'),
('Vavuniya', 'Vannerikkulam'),
('Vavuniya', 'Varikkuttiyoor'),
('Mullativu', 'Vavunakkulam'),
('Vavuniya', 'Vavuniya'),
('Vavuniya', 'Vavuniya North'),
('Vavuniya', 'Vavuniya South'),
('Ratnapura', 'Veddagala'),
('Kandy', 'Velamboda'),
('Trincomalee', 'Vellamanal'),
('Vavuniya', 'Vengalacheddiculam'),
('Kalutara', 'Veyangalla'),
('Gampaha', 'Veyangoda'),
('Matara', 'Viharahena'),
('Ratnapura', 'Vijeriya'),
('Anuradhapura', 'Vijithapura'),
('Vavuniya', 'Vinayagapuram'),
('Mullativu', 'Visvamadukulam'),
('Hambantota', 'Vitharandeniya'),
('Kurunegala', 'Wadakada'),
('Kalutara', 'Wadduwa'),
('Ampara', 'Wadinagala'),
('Kurunegala', 'Wadumunnegedara'),
('Colombo', 'Waga'),
('Matale', 'Wahacotte'),
('Anuradhapura', 'Wahalkada'),
('Anuradhapura', 'Wahamalgollewa'),
('Kegalle', 'Waharaka'),
('Puttalam', 'Waikkal'),
('Galle', 'Wakwella'),
('Anuradhapura', 'Walagambahuwa'),
('Kalutara', 'Walagedara'),
('Galle', 'Walahanduwa'),
('Matara', 'Walakanda'),
('Kurunegala', 'Walakumburumulla'),
('Kalutara', 'Walallawita'),
('Nuwara Eliya', 'Walapane'),
('Matara', 'Walasgala'),
('Hambantota', 'Walasmulla'),
('Matale', 'Walawela'),
('Gampaha', 'Walgammulla'),
('Gampaha', 'Walpita'),
('Gampaha', 'Walpola'),
('Galle', 'Wanchawela'),
('Galle', 'Wanduramba'),
('Trincomalee', 'Wanela'),
('Kurunegala', 'Wannigama'),
('Gampaha', 'Waragoda'),
('Kegalle', 'Warakapola'),
('Matara', 'Waralla'),
('Kurunegala', 'Wariyapola'),
('Monaragala', 'Warunagama'),
('Kalutara', 'Waskaduwa'),
('Nuwara Eliya', 'Watagoda'),
('Ratnapura', 'Watapotha'),
('Kandy', 'Watapuluwa'),
('Colombo', 'Watareka'),
('Nuwara Eliya', 'Watawala'),
('Gampaha', 'Wathurugama'),
('Gampaha', 'Watinapaha'),
('Gampaha', 'Wattala'),
('Kandy', 'Wattappola'),
('Kandy', 'Wattegama'),
('Puttalam', 'Watugahamulla'),
('Galle', 'Watugedara'),
('Kegalle', 'Watura'),
('Gampaha', 'Weboda'),
('Monaragala', 'Wedikumbura'),
('Hambantota', 'Weeraketiya'),
('Kurunegala', 'Weerambugedara'),
('Kurunegala', 'Weerapokuna'),
('Hambantota', 'Weerawila'),
('Hambantota', 'Weerawila NewTown'),
('Gampaha', 'Wegowwa'),
('Monaragala', 'Weherayaya Handapanagala'),
('Matale', 'Wehigala'),
('Hambantota', 'Wekandawela'),
('Kurunegala', 'Welawa Juncton'),
('Kandy', 'Weligalla'),
('Matara', 'Weligama'),
('Hambantota', 'Weligatta'),
('Ratnapura', 'Weligepola'),
('Polonnaruwa', 'Welikanda'),
('Badulla', 'Welimada'),
('Anuradhapura', 'Welioya Project'),
('Ratnapura', 'Welipathayaya'),
('Kalutara', 'Welipenna'),
('Kurunegala', 'Welipennagahamulla'),
('Gampaha', 'Welisara'),
('Gampaha', 'Weliveriya'),
('Galle', 'Welivitiya-Divithura'),
('Colombo', 'Weliwita'),
('Kurunegala', 'Wellagala'),
('Colombo', 'Wellampitiya'),
('Kurunegala', 'Wellawa'),
('Colombo', 'Wellawatte'),
('Monaragala', 'Wellawaya'),
('Kalutara', 'Welmilla Junction'),
('Kurunegala', 'Welpalla'),
('Puttalam', 'Wennappuwa'),
('Kegalle', 'Weragala'),
('Kandy', 'Weragantota'),
('Kandy', 'Werapitiya'),
('Kandy', 'Werellagama'),
('Ampara', 'Werunketagoda'),
('Kandy', 'Wettawa'),
('Kurunegala', 'Weuda'),
('Kurunegala', 'Wewagama'),
('Gampaha', 'Weweldeniya'),
('Ratnapura', 'Wewelwatta'),
('Nuwara Eliya', 'Widulipura'),
('Polonnaruwa', 'Wijayabapura'),
('Kandy', 'Wilanagama'),
('Monaragala', 'Wilaoya'),
('Matale', 'Wilgamuwa'),
('Matara', 'Wilpita'),
('Puttalam', 'Wilpotha'),
('Badulla', 'Wineethagama'),
('Kalutara', 'Yagirala'),
('Kandy', 'Yahalatenna'),
('Gampaha', 'Yakkala'),
('Galle', 'Yakkalamulla'),
('Kurunegala', 'Yakwila'),
('Hambantota', 'Yala'),
('Kalutara', 'Yatadolawatta'),
('Galle', 'Yatalamatta'),
('Kegalle', 'Yatapana'),
('Matale', 'Yatawatta'),
('Hambantota', 'Yatigala'),
('Kurunegala', 'Yatigaloluwa'),
('Kandy', 'Yatihalagala'),
('Kandy', 'Yatinuwara'),
('Gampaha', 'Yatiyana'),
('Kegalle', 'Yatiyantota'),
('Kegalle', 'Yattogoda'),
('Polonnaruwa', 'Yodaela'),
('Mullativu', 'Yogapuram'),
('Puttalam', 'Yogiyana');

-- --------------------------------------------------------

--
-- Table structure for table `location_city`
--

CREATE TABLE IF NOT EXISTS `location_city` (
  `city_name` varchar(30) NOT NULL COMMENT 'city name',
  PRIMARY KEY (`city_name`)
) ENGINE=InnoDB DEFAULT CHARSET=latin1;

--
-- Dumping data for table `location_city`
--

INSERT INTO `location_city` (`city_name`) VALUES
('Adalaichenai'),
('Adampan'),
('Adippala'),
('Agalawatta'),
('Agaliya'),
('Agarapathana'),
('Agbopura'),
('Ahangama'),
('Ahungalla'),
('Akaragama'),
('Akarawita'),
('Akarella'),
('Akkarasiyaya'),
('Akkarayankulam'),
('Akkarepattu'),
('Akmeemana'),
('Akuramboda'),
('Akurana'),
('Akuregoda'),
('Akuressa'),
('Aladeniya'),
('Alahengama'),
('Alahitiyawa'),
('Alampil'),
('Alapaladeniya'),
('Alawala'),
('Alawatugoda'),
('Alawatura'),
('Alawatuwala'),
('Alawwa'),
('Alayadiwembu'),
('Algama'),
('Alubomulla'),
('Aludeniya'),
('Alutgama'),
('Aluthwala'),
('Alutnuwara'),
('Alutwewa'),
('Alwatta'),
('Ambagahapelessa'),
('Ambagamuwa Udabulathgama'),
('Ambagasdowa'),
('Ambagaspitiya'),
('Ambakandawila'),
('Ambakote'),
('Ambalakanda'),
('Ambalangoda'),
('Ambalantota'),
('Ambanganga Koralaya'),
('Ambanpola'),
('Ambatalawa'),
('Ambatenna'),
('Ambepussa'),
('Ambewela'),
('Ambulugala'),
('Amitirigala'),
('Ampara'),
('Ampegama'),
('Ampitiya'),
('Amugoda'),
('Anamaduwa'),
('Anangoda'),
('Andiambalama'),
('Andigama'),
('Andiyagala'),
('Angamuwa'),
('Angoda'),
('Angulugaha'),
('Angunakolapelessa'),
('Angunakolawewa'),
('Angunawila'),
('Anguruwatota'),
('Anhandiya'),
('Anhettigama'),
('Aniwatta'),
('Ankokkawala'),
('Ankumbura'),
('Anniyakanda'),
('Anukkane'),
('Anuradhapura'),
('Aparekka'),
('Arachchikattuwa'),
('Aragoda'),
('Aralaganwila'),
('Aranayaka'),
('Arawa'),
('Arawakumbura'),
('Arippu'),
('Aruggammana'),
('Asgiriya'),
('Atabage'),
('Atakalanpanna'),
('Atakiriya'),
('Atale'),
('Ataragalla'),
('Athuraliya'),
('Athurugiriya'),
('Attanagalla'),
('Attanakadawala'),
('Attawilluwa'),
('Aukana'),
('Avissawella'),
('Awulegama'),
('Ayagama'),
('Ayiwela'),
('Badalgama'),
('Badalkumbura'),
('Baddegama'),
('Badulla'),
('Baduluoya'),
('Baduraliya'),
('Bakamuna'),
('Bakinigahawela'),
('Bakmitiyawa'),
('Balabowa'),
('Balagolla'),
('Balalla'),
('Balana'),
('Balangoda'),
('Balapitiya'),
('Ballaketuwa'),
('Bambaragahaela'),
('Bambaragaswewa'),
('Bambarapana'),
('Bamunukotuwa'),
('Banagala'),
('Bandagiriya Colony'),
('Bandara Koswatta'),
('Bandaragama'),
('Bandarawela'),
('Banduragoda'),
('Bangadeniya'),
('Baranankattuwa'),
('Barawakumbuka'),
('Barawardhana Oya'),
('Batagolladeniya'),
('Batapola'),
('Batatota'),
('Batawala'),
('Battaramulla'),
('Batticaloa'),
('Battuluoya'),
('Batugampola'),
('Batugoda'),
('Batumulla'),
('Batuwatta'),
('Batuwita'),
('Bawlana'),
('Beliatta'),
('Beligala'),
('Beligamuwa'),
('Belihuloya'),
('Bellana'),
('Bellanwila'),
('Bemmulla'),
('Bengamuwa'),
('Benthara'),
('Bentota'),
('Beragama'),
('Beralapanathara'),
('Beralihela'),
('Beramada'),
('Berannawa'),
('Beruwala'),
('Bibile'),
('Bibilegama'),
('Bingiriya'),
('Biyagama'),
('Biyagama IPZ'),
('Bogahakumbura'),
('Bogahawewa'),
('Bogamulla'),
('Bogawantalawa'),
('Bokalagama'),
('Bokundara'),
('Bollete'),
('Bolossagama'),
('Bombuwala'),
('Boossa'),
('Bopagama'),
('Bopagoda'),
('Bope'),
('Bope-Poddala'),
('Bopitiya'),
('Boragas'),
('Boralanda'),
('Boralankada'),
('Boralesgamuwa'),
('Boralugoda'),
('Boraluwewa'),
('Bossella'),
('Bowalagama'),
('Boyagane'),
('Buddama'),
('Bujjampola'),
('Bulathkohupitiya'),
('Bulathsinhala'),
('Bulutota'),
('Bundala'),
('Buthpitiya'),
('Buttala'),
('Central Camp'),
('Chavakachcheri'),
('Cheddikulam'),
('Chemamadukkulam'),
('Chilavathurai'),
('Chilaw'),
('Chinabay'),
('Colombo'),
('Colombo 01'),
('Colombo 02'),
('Colombo 03'),
('Colombo 04'),
('Colombo 05'),
('Colombo 06'),
('Colombo 07'),
('Colombo 08'),
('Colombo 09'),
('Colombo 10'),
('Colombo 11'),
('Colombo 12'),
('Colombo 13'),
('Colombo 14'),
('Colombo 15'),
('Dadayamtalawa'),
('Dagonna'),
('Dalugama'),
('Dalukana'),
('Damana'),
('Damanewela'),
('Dambadeniya'),
('Dambagalla'),
('Dambulla'),
('Dambuluwana'),
('Damminna'),
('Dampahala'),
('Damunupola'),
('Danawala Thiniyawala'),
('Dangolla'),
('Dankanda'),
('Dankotuwa'),
('Danowita'),
('Danture'),
('Daraluwa'),
('Daugala'),
('Dayagama Bazaar'),
('Debahera'),
('Debathgama'),
('Dedigamuwa'),
('Dedugala'),
('Dedunupitiya'),
('Deegala Lenama'),
('Deegalla'),
('Deegawapiya'),
('Deewala Pallegama'),
('Dehiattakandiya'),
('Dehiowita'),
('Dehiwala'),
('Deiyandara'),
('Dekatana'),
('Dela'),
('Deldeniya'),
('Delgoda'),
('Dellawa'),
('Delmella'),
('Deloluwa'),
('Deltara'),
('Deltota'),
('Delwala'),
('Delwite'),
('Demalagama'),
('Demanhandiya'),
('Demataluwa'),
('Demodara'),
('Demuwatha'),
('Denagama'),
('Denipitiya'),
('Deniyaya'),
('Derangala'),
('Deraniyagala'),
('Devalahinda'),
('Devinuwara'),
('Dewagala'),
('Dewahuwa'),
('Dewalapola'),
('Dewalegama'),
('Dewanagala'),
('Dharapuram'),
('Dharga Town'),
('Diddeniya'),
('Digamadulla Weeragoda'),
('Digana'),
('Diganatenna'),
('Digannewa'),
('Dikkumbura'),
('Dikoya'),
('Dikwella'),
('Dimbulagala'),
('Divulankadawala'),
('Divulapelessa'),
('Divulapitiya'),
('Divuldamana'),
('Divuldeniya'),
('Diyabeduma'),
('Diyagaha'),
('Diyasenpura'),
('Diyatalawa'),
('Dodampe'),
('Dodanduwa'),
('Dodangaslanda'),
('Dodangoda'),
('Dodanwala'),
('Dolapihilla'),
('Dolosbage'),
('Doluwa'),
('Dombagahawela'),
('Dombagoda'),
('Dompe'),
('Doragala'),
('Doragamuwa'),
('Doratiyawa'),
('Dorawaka'),
('Dullewa'),
('Dummalasuriya'),
('Dunagaha'),
('Dunkannawa'),
('Dunkolawatta'),
('Dunuwila'),
('Dutuwewa'),
('Echchilampattai'),
('Eheliyagoda'),
('Ehetuwewa'),
('Ekala'),
('Ekamutugama'),
('Ekiriya'),
('Elahera'),
('Elapatha'),
('Elayapattuwa'),
('Elephant Pass'),
('Elibichchiya'),
('Elkaduwa'),
('Ella'),
('Ella Tanabaddegama'),
('Ellagala'),
('Ellagawa'),
('Ellakkala'),
('Ellawala'),
('Ellewewa'),
('Elpitiya'),
('Eluwankulama'),
('Embilipitiya'),
('Embogama'),
('Eppawala'),
('Eragama'),
('Eratna'),
('Erawula Junction'),
('Erepola'),
('Erukkalampiddy'),
('Essella'),
('Etanawala'),
('Etawatunuwewa'),
('Etaweeragollewa'),
('Ethkandura'),
('Ethul Kotte'),
('Ettale'),
('Ettampitiya'),
('Ettiliwewa'),
('Galabedda'),
('Galaboda'),
('Galadivulwewa'),
('Galagedara'),
('Galaha'),
('Galamuna'),
('Galapitagala'),
('Galapitamada'),
('Galatara'),
('Galauda'),
('Galenbindunuwewa'),
('Galewela'),
('Galgamuwa'),
('Galhinna'),
('Galigamuwa'),
('Galkadawala'),
('Galkiriyagama'),
('Galkulama'),
('Galle'),
('Gallella'),
('Gallellagama'),
('Gallewa'),
('Galmuruwa'),
('Galnewa'),
('Galoya Junction'),
('Galpatha'),
('Gamagoda'),
('Gambirigaswewa'),
('Gammaduwa'),
('Gampaha'),
('Gampola'),
('Gandara'),
('Ganegoda'),
('Ganemulla'),
('Ganewalpola'),
('Ganewatta'),
('Ganga Ihala Korale'),
('Gangawata Korale'),
('Gangeyaya'),
('Gangodawilla'),
('Ganithapura'),
('Gantuna'),
('Gelioya'),
('Getahetta'),
('Getalawa'),
('Getamanna'),
('Gillimale'),
('Ginigathena'),
('Ginimellagaha'),
('Gintota'),
('Girandurukotte'),
('Girathalana'),
('Giribawa'),
('Giritale'),
('Giriulla'),
('Gnanikulama'),
('Goda Koggalla'),
('Godagama'),
('Godagampola'),
('Godakawela'),
('Godamunna'),
('Godapitiya'),
('Gokaralla'),
('Gomagoda'),
('Gomarankadawala'),
('Gomilamawarala'),
('Gonagala'),
('Gonagalpura'),
('Gonagamuwa Uduwila'),
('Gonagolla'),
('Gonamulla Junction'),
('Gonapinuwala'),
('Gonapola'),
('Gonapola Junction'),
('GonawalaWP'),
('Gonawila'),
('Gonnoruwa'),
('Gothatuwa'),
('Govinna'),
('Gunnepana'),
('Gurubewilagama'),
('Gurudeniya'),
('Gurulubadda'),
('Gurutalawa'),
('Habaraduwa'),
('Habarakada'),
('Habarana'),
('Haburugala'),
('Haggala'),
('Hakahinna'),
('Hakmana'),
('Hakuruwela'),
('Haldummulla'),
('Halgranoya'),
('Hali Ela'),
('Halkandawila'),
('Halloluwa'),
('Halmillawa Dambulla'),
('Halmillawewa'),
('Haltota'),
('Halvitigala Colony'),
('Halwatura'),
('Hambantota'),
('Hambegamuwa'),
('Handapangoda'),
('Handessa'),
('Handungamuwa'),
('Hangarapitiya'),
('Hanguranketha'),
('Hanhamuwa'),
('Hantane'),
('Hanwella'),
('Hapugala'),
('Hapugastalawa'),
('Haputale'),
('Haragama'),
('Harankahawa'),
('Harispattuwa'),
('Hasalaka'),
('Hataraliyadda'),
('Hatton'),
('Hattota Amuna'),
('Hawpe'),
('Hedunuwewa'),
('Heerassagala'),
('Heiyanthuduwa'),
('Helahalpe'),
('Helamada'),
('Helapupula'),
('Hemmatagama'),
('Hendala'),
('Henegama'),
('Hettimulla'),
('Hettipola'),
('Hewadiwela'),
('Hewainna'),
('Hewanakumbura'),
('Hidellana'),
('Hidogama'),
('Hikkaduwa'),
('Hilogama'),
('Hinatigala'),
('Hinatiyana Madawala'),
('Hindagala'),
('Hindagolla'),
('Hingula'),
('Hingurakdamana'),
('Hingurakgoda'),
('Hingurana'),
('Hingurukaduwa'),
('Hiniduma'),
('Hiramadagama'),
('Hiripitya'),
('Hiriwadunna'),
('Hiriyala Lenawa'),
('Hiswella'),
('Hiyare'),
('Hokandara'),
('Homagama'),
('Hondiyadeniya'),
('Horagala'),
('Horambawa'),
('Horampella'),
('Horana'),
('Horapawita'),
('Horawpatana'),
('Hulandawa'),
('Hulogedara'),
('Hulugalla'),
('Hungama'),
('Hunnasgiriya'),
('Hunumulla'),
('Hunupola'),
('Hurigaswewa'),
('Ibbagamuwa'),
('Ihala Beligalla'),
('Ihala Gomugomuwa'),
('Ihala Kadigamuwa'),
('Ihala Katugampola'),
('Ihala Kobbekaduwa'),
('Ihala Kottaramulla'),
('Ihala Madampella'),
('Ihala Puliyankulama'),
('Ihala Walpola'),
('Ihalagama'),
('Ihalahewessa'),
('Ilippadeniya'),
('Illukkumbura'),
('Illuppaikadavai'),
('Ilukhena'),
('Imaduwa'),
('Imbulana'),
('Imbulgasdeniya'),
('Imbulgoda'),
('Imbulpe'),
('Imkkamam'),
('Inamaluwa'),
('Indulgodakanda'),
('Induruwa'),
('Inginiyagala'),
('Ingiriya'),
('Inguruwatta'),
('Ipologama'),
('Iranaitiv'),
('Iriyagolla'),
('Ismailpuram'),
('Ittakanda'),
('Ittapana'),
('Ja-Ela'),
('Jaffna'),
('Jalthara'),
('Jambugahapitiya'),
('Jangulla'),
('Jayanthipura'),
('Jayasiripura'),
('Julampitiya'),
('Kabagamuwa'),
('Kadawatha'),
('Kaddaiparichchan'),
('Kadigawa'),
('Kadirana'),
('Kadugannawa'),
('Kaduruwela'),
('Kaduwela'),
('Kagama'),
('Kahaduwa'),
('Kahandamodara'),
('Kahangama'),
('Kahapathwala'),
('Kahatagasdigiliya'),
('Kahataliyadda'),
('Kahathuduwa'),
('Kahatowita'),
('Kahawa'),
('Kahawala'),
('Kahawatta'),
('Kaikawala'),
('Kakkapalliya'),
('Kala Oya'),
('Kalagedihena'),
('Kalakarambewa'),
('Kalankuttiya'),
('Kalatuwawa'),
('Kalawana'),
('Kalawila Kiranthidiya'),
('Kaleliya'),
('Kalingaela'),
('Kalladiya'),
('Kalmunai'),
('Kalpitiya'),
('Kaltota'),
('Kaluaggala'),
('Kalubowila'),
('Kalubowitiyana'),
('Kalugala'),
('Kalugamuwa'),
('Kalukele Badanagala'),
('Kalundawa'),
('Kalupahana'),
('Kalutara'),
('Kamburugamuwa'),
('Kamburupitiya'),
('Kanadeniyawala'),
('Kanagarayankulam'),
('Kananke Bazaar'),
('Kananwila'),
('Kanattewewa'),
('Kandaketya'),
('Kandakuliya'),
('Kandalama'),
('Kandana'),
('Kandapola'),
('Kandavalai'),
('Kandegedara'),
('Kandepuhulpola'),
('Kandy'),
('Kannattota'),
('Kanniya'),
('Kantalai'),
('Kantalai Sugar Factory'),
('Kapugoda'),
('Kapuliyadde'),
('Karachchi'),
('Karagahagedara'),
('Karagoda'),
('Karagoda Uyangoda'),
('Karandagolla'),
('Karandana'),
('Karandeniya'),
('Karangoda'),
('Karapitiya'),
('Karaputugala'),
('Karativponparappi'),
('Karativu'),
('Karatota'),
('Karawitagara'),
('Kariyamaditta'),
('Karuwalagaswewa'),
('Katana'),
('Kataragama'),
('Katiyawa'),
('Kattuwa'),
('Katubedda'),
('Katudeniya'),
('Katugastota'),
('Katukitula'),
('Katunayake'),
('Katunayake Air Force Camp'),
('Katuneriya'),
('Katupota'),
('Katuwana'),
('Katuwellegama'),
('Kavudupelella'),
('Kawantissapura'),
('Kawudulla'),
('Kebillawela'),
('Kebithigollewa'),
('Keerthi Bandarapura'),
('Kegalle'),
('Kehelwatta'),
('Kekanadurra'),
('Kekirawa'),
('Kekunagolla'),
('Kelaniya'),
('Kella Junction'),
('Kendagolla'),
('Kendewa'),
('Kengalla'),
('Keppetipola'),
('Keppitiwalana'),
('Kesbewa'),
('Ketaboola'),
('Ketakumbura'),
('Ketawala Leula'),
('Ketawatta'),
('Kilinochchi'),
('Kimbulapitiya'),
('Kinniya'),
('Kirama'),
('Kiribathgoda'),
('Kiribathkumbura'),
('Kiriella'),
('Kiriibbanwewa'),
('Kirillawala'),
('Kirimetiyawa'),
('Kirinda'),
('Kirinda-Puhulwella'),
('Kirindawa'),
('Kirindigalla'),
('Kirindiwela'),
('Kiriwattuduwa'),
('Kiriwelkele'),
('Kithalawa'),
('Kitulgala'),
('Kitulgoda'),
('Kitulhitiyawa'),
('Kitulwala'),
('Kiwula'),
('Kobeigane'),
('Kochchikade'),
('Koggala'),
('Kohilagedara'),
('Koholana'),
('Kohuwala'),
('Kokkilai'),
('Kolabissa'),
('Kolambageara'),
('Kolombugama'),
('Kolonna'),
('Kolonnawa'),
('Kondeniya'),
('Kongahawela'),
('Konwewa'),
('Kosgama'),
('Kosgoda'),
('Kosgolla'),
('Koslanda'),
('Koswatta'),
('Kotadeniyawa'),
('Kotagala'),
('Kotamuduna'),
('Kotapola'),
('Kotawehera'),
('Kotikawatta'),
('Kotiyagala'),
('Kotiyakumbura'),
('Kotmale'),
('Kottantivu'),
('Kottapitiya'),
('Kottawa'),
('Kottawagama'),
('Kotte'),
('Kottegoda'),
('Kottukachchiya'),
('Kotugoda'),
('Kuchchaveli'),
('Kuda Uduwa'),
('Kudagalgamuwa'),
('Kudakatnoruwa'),
('Kudawa'),
('Kuleegoda'),
('Kuliyapitiya East'),
('Kuliyapitiya West'),
('Kulugammana'),
('Kumarakattuwa'),
('Kumbalgamuwa'),
('Kumbaloluwa'),
('Kumbuka'),
('Kumbukgeta'),
('Kumbukkana'),
('Kumbukkandura'),
('Kumbukwewa'),
('Kumburegama'),
('Kumburupiddy'),
('Kundasale'),
('Kuratihena'),
('Kurundankulama'),
('Kurunegala'),
('Kuruwita'),
('Kuruwitenna'),
('Kuttiyagolla'),
('Labbala'),
('Labukele'),
('Laggala Pallegama'),
('Lahugala'),
('Lakshauyana'),
('Landewela'),
('Lankapura'),
('Laxapana'),
('Leliambe'),
('Lellopitiya'),
('Lenadora'),
('Lewangama'),
('Lewella'),
('Lihiriyagama'),
('Lindula'),
('Liyangahawela'),
('Loluwagoda'),
('Lonahettiya'),
('Lunama'),
('Lunugala'),
('Lunugama'),
('Lunugamwehera'),
('Lunuketiya Maditta'),
('Lunuwatta'),
('Lunuwila'),
('Mabodale'),
('Madahapola'),
('Madalagama'),
('Madampe'),
('Madapatha'),
('Madatugama'),
('Madawala Bazaar'),
('Madawala Ulpotha'),
('Madelgamuwa'),
('Madhu Church'),
('Madhu Road'),
('Madipola'),
('Madiwela'),
('Madugalla'),
('Madulkele'),
('Madulla'),
('Madulsima'),
('Maduragoda'),
('Madurankuliya'),
('Madurawala'),
('Maeliya'),
('Magama'),
('Magedara'),
('Maggona'),
('Magulagama'),
('Maha Ambagaswewa'),
('Mahabage'),
('Mahabulankulama'),
('Mahadivulwewa'),
('Mahagalkadawala'),
('Mahagalwewa'),
('Mahagama'),
('Mahagirilla'),
('Mahailluppallama'),
('Mahakalupahana'),
('Mahakanadarawa'),
('Mahakanda'),
('Mahakumbukkadawala'),
('Mahamedagama'),
('Mahamukalanyaya'),
('Mahaoya'),
('Mahapallegama'),
('Mahara'),
('Maharachchimulla'),
('Maharagama'),
('Mahauswewa'),
('Mahawa'),
('Mahawela'),
('Mahawela Sinhapura'),
('Mahawewa'),
('Mahawilachchiya'),
('Mahiyanganaya'),
('Maho'),
('Mailagaswewa'),
('Mailapitiya'),
('Makandura'),
('Makandura Sabara'),
('Makehelwala'),
('Makewita'),
('Makkanigama'),
('Makola'),
('Makulpotha'),
('Makulwewa'),
('Malabe'),
('Malagane'),
('Maldeniya'),
('Malgalla Talangalla'),
('Maliboda'),
('Maliduwa'),
('Malimbada'),
('Malkaduwawa'),
('Mallawapitiya'),
('Malmaduwa'),
('Malwala Junction'),
('Malwana'),
('Mamadala'),
('Mamaduwa'),
('Mampitiya'),
('Mampuri'),
('Mandapola'),
('Mandawala'),
('Mangalaeliya'),
('Mannar'),
('Mapakadawewa'),
('Mapalagama'),
('Mapalagama Central'),
('Maradana'),
('Maradankadawala'),
('Maraiyadithakulam'),
('Maramba'),
('Marandagahamula'),
('Marapana'),
('Marassana'),
('Marathamune'),
('Marawila'),
('Marymount Colony'),
('Maskeliya'),
('Maspotha'),
('Maswela'),
('Matale'),
('Matara'),
('Mattaka'),
('Mattegoda'),
('Matugama'),
('Maussagolla'),
('Mawanella'),
('Mawathagama'),
('Mawatura'),
('Mawilmada'),
('Mayinoluwa'),
('Meda-Keembiya'),
('Medagalatur'),
('Medagana'),
('Medamahanuwara'),
('Medamulana'),
('Medawachchiya'),
('Medawala Harispattuwa'),
('Medawela Udukinda'),
('Medirigiriya'),
('Mediripitiya'),
('Meegahakiula'),
('Meegahatenna'),
('Meegalawa'),
('Meegama'),
('Meegoda'),
('Meepe'),
('Meetanwala'),
('Meetiyagoda'),
('Meewellawa'),
('Megoda Kalugamuwa'),
('Megodawewa'),
('Melipitiya'),
('Mellawagedara'),
('Melsiripura'),
('Menikdiwela'),
('Menikhinna'),
('Metihakka'),
('Metikumbura'),
('Metiyagane'),
('Middeniya'),
('Miella'),
('Migahajandur'),
('Mihintale'),
('Millaniya'),
('Millawa'),
('Millawana'),
('Millewa'),
('Minhettiya'),
('Minigamuwa'),
('Minipe'),
('Minipura Dumbara'),
('Minneriya'),
('Minuwangete'),
('Minuwangoda'),
('Mipilimana'),
('Mirahawatta'),
('Mirigama'),
('Mirihana'),
('Mirissa'),
('Miriswatta'),
('Mithirigala'),
('Mitipola'),
('Miyanawita'),
('Molagoda'),
('Molkawa'),
('Moneragala'),
('Monnekulama'),
('Moragahahena'),
('Moragala Kirillapone'),
('Moragane'),
('Moragollagama'),
('Moraketiya'),
('Morapitiya'),
('Morathiha'),
('Moratuwa'),
('Morawaka'),
('Morawewa'),
('Morontota'),
('Morontuduwa'),
('Mount Lavinia'),
('Mudalakkuliya'),
('Muddaragama'),
('Mudukatuwa'),
('Mudungoda'),
('Mugunuwatawana'),
('Mukkutoduwawa'),
('Mulatiyana'),
('Mulatiyana Junction'),
('Mulgama'),
('Mulkirigala'),
('Mullativu'),
('Mullegama'),
('Mulleriyawa'),
('Mullipothana'),
('Mulliyawalai'),
('Munamaldeniya'),
('Mundalama'),
('Mundel'),
('Munwatta'),
('Murasumoddai'),
('Murunkan'),
('Murutalawa'),
('Muruthenge'),
('Mutur'),
('Muwandeniya'),
('Nabadewa'),
('Nachchaduwa'),
('Nadugala'),
('Nagoda'),
('Nagollagama'),
('Nagollagoda'),
('Naimana'),
('Nainamadama'),
('Nakiyadeniya'),
('Nakkala'),
('Nakkawatta'),
('Nakulugamuwa'),
('Nalanda'),
('Nalladarankattuwa'),
('Nallur'),
('Namal Oya'),
('Nanattan'),
('Nannapurawa'),
('Nanuoya'),
('Narammala'),
('Narangala'),
('Narangoda'),
('Naranpanawa'),
('Naranwala'),
('Nattandiya'),
('Nattarampotha'),
('Naula'),
('Navagamuwa'),
('Navithanveli'),
('Nawadagala'),
('Nawagattegama'),
('Nawala'),
('Nawalapitiya'),
('Nawana'),
('Nawathispane'),
('Nawattuduwa'),
('Neboda'),
('Nedungamuwa'),
('Nedunkemy'),
('Neelapola'),
('Negampaha'),
('Negombo'),
('Nelumwewa'),
('Nelundeniya'),
('Neluwa'),
('Neriyakulam'),
('Netolpitiya'),
('Nihiluwa'),
('Nikadalupotha'),
('Nikahetikanda'),
('Nikapotha'),
('Nikaweratiya'),
('Nilaveli'),
('Nildandahinna'),
('Nillambe'),
('Nindana'),
('Nintavur'),
('Niralagama'),
('Nittambuwa'),
('Nivitigala'),
('Niwandama'),
('Niyadurupola'),
('Niyagama'),
('Nochchiyagama'),
('Norachcholai'),
('Norwood'),
('Nugagolla'),
('Nugaliyadda'),
('Nugatalawa'),
('Nugawela'),
('Nugegoda'),
('Nuwara Eliya'),
('Nuwaragala'),
('Nuwaragam Palatha'),
('Obbegoda'),
('Odduchudan'),
('Ohiya'),
('Okewela'),
('Okkampitiya'),
('Oluvil'),
('Omalpe'),
('Omanthai'),
('Onegama'),
('Opanayaka'),
('Opatha'),
('Ovilikanda'),
('P.P.Potkemy'),
('Pachchilaipalli'),
('Padagoda'),
('Padalangala'),
('Padavi Parakramapura'),
('Padavi Sri Pura'),
('Padavi Sritissapura'),
('Padaviya'),
('Padeniya'),
('Padiwela'),
('Padiyapelella'),
('Padiyatalawa'),
('Padukka'),
('Pahala Maragahawe'),
('Pahalahewessa'),
('Pahalalanda'),
('Pahamune'),
('Paiyagala'),
('Palagala'),
('Palamunai'),
('Palapathwela'),
('Palatuwa'),
('Palaviya'),
('Palindanuwara'),
('Pallai'),
('Pallama'),
('Pallebedda'),
('Pallebowala'),
('Pallekanda'),
('Pallekelle'),
('Pallekotuwa'),
('Pallepola'),
('Pallewela'),
('Palliwasalturai'),
('Palugasdamana'),
('Palugaswewa'),
('Pampaimadu'),
('Pamunugama'),
('Pamunuwatta'),
('Panadaragama'),
('Panadura'),
('Panagamuwa'),
('Panaliya'),
('Panama'),
('Panamura'),
('Panangala'),
('Panapitiya'),
('Panapola'),
('Panawala'),
('Pandulagama'),
('Panduwasnuwara'),
('Panirendawa'),
('Pankulam'),
('Panliyadda'),
('Pannala'),
('Pannila'),
('Pannipitiya'),
('Pansiyagama'),
('Panvila'),
('Paradeka'),
('Paragala'),
('Paragastota'),
('Paragoda'),
('Parakaduwa'),
('Parakramasamudraya'),
('Parapamulla'),
('Parape'),
('Parasangahawewa'),
('Pasgoda'),
('Passara'),
('Pasyala'),
('Patana'),
('Pathadumbara'),
('Pattampitiya'),
('Pattipola'),
('Pattitalawa'),
('Pattiya Watta'),
('Pebotuwa'),
('Pelagahatenna'),
('Pelatiyawa'),
('Pelawatta'),
('Peliyagoda'),
('Pelmadulla'),
('Penetiyana'),
('Pepiliyana'),
('Pepiliyawala'),
('Peradeniya'),
('Perakanatta'),
('Perimiyankulama'),
('Periyaneelavanai'),
('Periyaulukkulam'),
('Pesalai'),
('Pethiyagoda'),
('Pihimbiya Ratmale'),
('Pihimbuwa'),
('Pilawala'),
('Pilessa'),
('Pilimatalawa'),
('Piliyandala'),
('Pimbura'),
('Pinnawala'),
('Pita Kotte'),
('Pitabeddara'),
('Pitagaldeniya'),
('Pitapola'),
('Pitawala'),
('Pitigala'),
('Pitipana Homagama'),
('Poddala'),
('Poholiyadda'),
('Pokunuwita'),
('Polgahawela'),
('Polgampola'),
('Polgasowita'),
('Polgolla'),
('Polhena'),
('Polonnaruwa'),
('Polpithimukulana'),
('Polpitigama'),
('Polwaga Janapadaya'),
('Poonakary'),
('Porawagama'),
('Poruwadanda'),
('Pothuhera'),
('Pothukoladeniya'),
('Pothupitiya'),
('Pothuwatawana'),
('Pottuvil'),
('Pubbiliya'),
('Pudukudiyirippu'),
('Pugoda'),
('Puhulwella'),
('Pujapitiya'),
('Pulastigama'),
('Puliyankulama'),
('Pundaluoya'),
('Punewa'),
('Pupuressa'),
('Pussellawa'),
('Puttalam'),
('Puttalam Cement Factory'),
('Puwakpitiya'),
('Radawadunna'),
('Radawana'),
('Radawela'),
('Raddolugama'),
('Ragama'),
('Rajagalatenna'),
('Rajagiriya'),
('Rajakadaluwa'),
('Rajanganaya'),
('Rajawaka'),
('Rajawella'),
('Rakwana'),
('Rambewa'),
('Ramboda'),
('Rambukkana'),
('Rambukpitiya'),
('Rammalawarapitiya'),
('Ranala'),
('Ranawana'),
('Rangala'),
('Ranmuduwewa'),
('Ranna'),
('Ransegoda'),
('Rantembe'),
('Ranwala'),
('Rasnayakapura'),
('Rassagala'),
('Ratgama'),
('Ratkarawwa'),
('Ratmalana'),
('Ratmale'),
('Ratna Hangamuwa'),
('Ratnapura'),
('Rattota'),
('Remunagoda'),
('Ridibendiella'),
('Ridigama'),
('Ridimaliyadda'),
('Ridiyagama'),
('Rikillagaskada'),
('Rotumba'),
('Rozella'),
('Ruggahawila'),
('Rukmale'),
('Ruwaneliya'),
('Ruwanwella'),
('Sainthamaruthu'),
('Saliya Asokapura'),
('Saliyapura'),
('Saliyawewa Junction'),
('Samanalawewa'),
('Samanthurai'),
('Sampaltivu'),
('Sampur'),
('Sandalankawa'),
('Sangarajapura'),
('Santhipura'),
('Seaforth Colony'),
('Seeduwa'),
('Seeppukulama'),
('Sella Kataragama'),
('Senapura'),
('Senarathwela'),
('Serankada'),
('Serukele'),
('Serunuwara'),
('Seruwila'),
('Sevanapitiya'),
('Sewanagala'),
('Siddamulla'),
('Sigiriya'),
('Silmiyapura'),
('Sirajnagar'),
('Sirambiadiya'),
('Sirimalgoda'),
('Siripura'),
('Siyambalagoda'),
('Siyambalagune'),
('Siyambalanduwa'),
('Siyambalangamuwa'),
('Siyambalape'),
('Somapura'),
('Sooriyawewa Town'),
('Soranatota'),
('Spring Valley'),
('Sravasthipura'),
('Sri Jayawardenapura Kotte'),
('Sri Palabaddala'),
('Sultanagoda'),
('Sungavila'),
('Tabbowa'),
('Talagampola'),
('Talagoda Junction'),
('Talahena'),
('Talaimannar'),
('Talakiriyagama'),
('Talatuoya'),
('Talawa'),
('Talawakele'),
('Talawattegedara'),
('Talawatugoda'),
('Talawila Church'),
('Taldena'),
('Talgaswela'),
('Talpe'),
('Talpotha'),
('Tamankaduwa'),
('Tambala'),
('Tambuttegama'),
('Tammennawa'),
('Tampalakamam'),
('Tanamalwila'),
('Tangalla'),
('Tantirimale'),
('Tawalama'),
('Tawalantenna'),
('Tebuwana'),
('Teldeniya'),
('Telijjawila'),
('Tennekumbura'),
('Teripeha'),
('Thalapathpitiya'),
('Thalwita'),
('Thambagalla'),
('Thambiluvil'),
('Tharana Udawela'),
('Thelembugalla'),
('Thihagoda'),
('Thihariya'),
('Thimbirigaskatuwa'),
('Thimbirigasyaya'),
('Thiruketheeswaram Temple'),
('Tholangamuwa'),
('Thummodara'),
('Thumpane'),
('Thunukkai'),
('Timbirigaspitiya'),
('Tiranagama'),
('Tirappane'),
('Tiriyayi'),
('Tirukovil'),
('Tissamaharama'),
('Tittapattara'),
('Toduwawa'),
('Toppur'),
('Torayaya'),
('Trincomalee'),
('Tulhiriya'),
('Tunkama'),
('Tuntota'),
('Uda Peradeniya'),
('Uda Talawinna'),
('Udadumbara'),
('Udaha Hawupe'),
('Udahentenna'),
('Udakarawita'),
('Udalamatta'),
('Udamattala'),
('Udaniriella'),
('Udapalatha'),
('Udapotha'),
('Udappuwa'),
('Udapussallawa'),
('Udatenna'),
('Udathuthiripitiya'),
('Udawalawe'),
('Udayarkaddu'),
('Udispattuwa'),
('Udubaddawa'),
('Ududumbara'),
('Udugama'),
('Udugampola'),
('Udunuwara'),
('Uduwa'),
('Uduwela'),
('Uggalboda'),
('Uhana'),
('Uhumiya'),
('Ukuwela'),
('Ulapane'),
('Ulpotha Pallekele'),
('Uluvitike'),
('Unagalavehera'),
('Unawatuna'),
('Undugoda'),
('Unenwitiya'),
('Unuwinna'),
('Uragaha'),
('Uragasmanhandiya'),
('Uraniya'),
('Urapola'),
('Urubokka'),
('Urugamuwa'),
('Urumutta'),
('Ussapitiya'),
('Uswetakeiyawa'),
('Uswewa'),
('Uva Kudaoya'),
('Uva Mawelagama'),
('Uva Paranagama'),
('Uva Pelwatta'),
('Uva Tissapura'),
('Uva Uduwara'),
('Uyilankulam'),
('Vanathawilluwa'),
('Vannerikkulam'),
('Varikkuttiyoor'),
('Vavunakkulam'),
('Vavuniya'),
('Vavuniya North'),
('Vavuniya South'),
('Veddagala'),
('Velamboda'),
('Vellamanal'),
('Vengalacheddiculam'),
('Veyangalla'),
('Veyangoda'),
('Viharahena'),
('Vijeriya'),
('Vijithapura'),
('Vinayagapuram'),
('Visvamadukulam'),
('Vitharandeniya'),
('Wadakada'),
('Wadduwa'),
('Wadinagala'),
('Wadumunnegedara'),
('Waga'),
('Wahacotte'),
('Wahalkada'),
('Wahamalgollewa'),
('Waharaka'),
('Waikkal'),
('Wakwella'),
('Walagambahuwa'),
('Walagedara'),
('Walahanduwa'),
('Walakanda'),
('Walakumburumulla'),
('Walallawita'),
('Walapane'),
('Walasgala'),
('Walasmulla'),
('Walawela'),
('Walgammulla'),
('Walpita'),
('Walpola'),
('Wanchawela'),
('Wanduramba'),
('Wanela'),
('Wannigama'),
('Waragoda'),
('Warakapola'),
('Waralla'),
('Wariyapola'),
('Warunagama'),
('Waskaduwa'),
('Watagoda'),
('Watapotha'),
('Watapuluwa'),
('Watareka'),
('Watawala'),
('Wathurugama'),
('Watinapaha'),
('Wattala'),
('Wattappola'),
('Wattegama'),
('Watugahamulla'),
('Watugedara'),
('Watura'),
('Weboda'),
('Wedikumbura'),
('Weeraketiya'),
('Weerambugedara'),
('Weerapokuna'),
('Weerawila'),
('Weerawila NewTown'),
('Wegowwa'),
('Weherayaya Handapanagala'),
('Wehigala'),
('Wekandawela'),
('Welawa Juncton'),
('Weligalla'),
('Weligama'),
('Weligatta'),
('Weligepola'),
('Welikanda'),
('Welimada'),
('Welioya Project'),
('Welipathayaya'),
('Welipenna'),
('Welipennagahamulla'),
('Welisara'),
('Weliveriya'),
('Welivitiya-Divithura'),
('Weliwita'),
('Wellagala'),
('Wellampitiya'),
('Wellawa'),
('Wellawatte'),
('Wellawaya'),
('Welmilla Junction'),
('Welpalla'),
('Wennappuwa'),
('Weragala'),
('Weragantota'),
('Werapitiya'),
('Werellagama'),
('Werunketagoda'),
('Wettawa'),
('Weuda'),
('Wewagama'),
('Weweldeniya'),
('Wewelwatta'),
('Widulipura'),
('Wijayabapura'),
('Wilanagama'),
('Wilaoya'),
('Wilgamuwa'),
('Wilpita'),
('Wilpotha'),
('Wineethagama'),
('Yagirala'),
('Yahalatenna'),
('Yakkala'),
('Yakkalamulla'),
('Yakwila'),
('Yala'),
('Yatadolawatta'),
('Yatalamatta'),
('Yatapana'),
('Yatawatta'),
('Yatigala'),
('Yatigaloluwa'),
('Yatihalagala'),
('Yatinuwara'),
('Yatiyana'),
('Yatiyantota'),
('Yattogoda'),
('Yodaela'),
('Yogapuram'),
('Yogiyana');

-- --------------------------------------------------------

--
-- Table structure for table `location_district`
--

CREATE TABLE IF NOT EXISTS `location_district` (
  `district_name` varchar(15) NOT NULL COMMENT 'district name',
  PRIMARY KEY (`district_name`)
) ENGINE=InnoDB DEFAULT CHARSET=latin1;

--
-- Dumping data for table `location_district`
--

INSERT INTO `location_district` (`district_name`) VALUES
('Ampara'),
('Anuradhapura'),
('Badulla'),
('Batticaloa'),
('Colombo'),
('Galle'),
('Gampaha'),
('Hambantota'),
('Jaffna'),
('Kalutara'),
('Kandy'),
('Kegalle'),
('Kilinochchi'),
('Kurunegala'),
('Mannar'),
('Matale'),
('Matara'),
('Monaragala'),
('Mullativu'),
('Nuwara Eliya'),
('Polonnaruwa'),
('Puttalam'),
('Ratnapura'),
('Trincomalee'),
('Vavuniya');

-- --------------------------------------------------------

--
-- Stand-in structure for view `messageview`
--
CREATE TABLE IF NOT EXISTS `messageview` (
`message_id` int(25)
,`msg_to` varchar(25)
,`msg_from` varchar(25)
,`content` text
,`time_stamp` timestamp
,`sender` varchar(25)
,`read_state` tinyint(1)
,`receiver` varchar(25)
);
-- --------------------------------------------------------

--
-- Table structure for table `offensive_usernames`
--

CREATE TABLE IF NOT EXISTS `offensive_usernames` (
  `username` varchar(25) NOT NULL DEFAULT '',
  PRIMARY KEY (`username`)
) ENGINE=InnoDB DEFAULT CHARSET=latin1;

-- --------------------------------------------------------

--
-- Table structure for table `reset_password`
--

CREATE TABLE IF NOT EXISTS `reset_password` (
  `username` varchar(25) NOT NULL,
  `reset_code` int(9) NOT NULL,
  PRIMARY KEY (`username`),
  UNIQUE KEY `reset_code` (`reset_code`)
) ENGINE=InnoDB DEFAULT CHARSET=latin1;

-- --------------------------------------------------------

--
-- Table structure for table `site_visits`
--

CREATE TABLE IF NOT EXISTS `site_visits` (
  `record_id` int(25) NOT NULL AUTO_INCREMENT,
  `time_stamp` timestamp NOT NULL DEFAULT CURRENT_TIMESTAMP,
  PRIMARY KEY (`record_id`)
) ENGINE=InnoDB  DEFAULT CHARSET=latin1 AUTO_INCREMENT=3306 ;

--
-- Dumping data for table `site_visits`
--

INSERT INTO `site_visits` (`record_id`, `time_stamp`) VALUES
(1, '2016-03-29 14:33:41'),
(2, '2016-03-29 14:35:04'),
(3, '2016-03-29 15:09:50'),
(4, '2016-03-29 15:45:25'),
(5, '2016-03-29 15:51:26'),
(6, '2016-03-29 16:53:49'),
(7, '2016-03-29 16:59:18'),
(8, '2016-03-29 19:34:25'),
(9, '2016-03-29 20:47:50'),
(10, '2016-03-29 21:21:29'),
(11, '2016-03-29 22:32:27'),
(12, '2016-03-29 23:29:27'),
(13, '2016-03-30 00:10:27'),
(14, '2016-03-30 02:45:42'),
(15, '2016-03-30 02:47:55'),
(16, '2016-03-30 03:58:07'),
(17, '2016-03-30 03:59:33'),
(18, '2016-03-30 04:02:16'),
(19, '2016-03-30 04:20:35'),
(20, '2016-03-30 04:21:54'),
(21, '2016-03-30 04:43:25'),
(22, '2016-03-30 04:45:23'),
(23, '2016-03-30 07:02:38'),
(24, '2016-03-30 07:36:00'),
(25, '2016-03-30 08:04:41'),
(26, '2016-03-30 08:49:46'),
(27, '2016-03-30 08:50:05'),
(28, '2016-03-30 11:53:53'),
(29, '2016-03-30 11:53:54'),
(30, '2016-03-30 12:09:28'),
(31, '2016-03-30 12:37:53'),
(32, '2016-03-30 13:34:37'),
(33, '2016-03-30 14:17:52'),
(34, '2016-03-30 14:21:37'),
(35, '2016-03-30 14:59:23'),
(36, '2016-03-30 15:06:32'),
(37, '2016-03-30 15:38:19'),
(38, '2016-03-31 01:31:32'),
(39, '2016-03-31 02:16:26'),
(40, '2016-03-31 02:44:31'),
(41, '2016-03-31 04:04:02'),
(42, '2016-03-31 04:04:49'),
(43, '2016-03-31 04:15:41'),
(44, '2016-03-31 04:42:26'),
(45, '2016-03-31 04:48:05'),
(46, '2016-03-31 04:49:59'),
(47, '2016-03-31 05:06:01'),
(48, '2016-03-31 05:31:05'),
(49, '2016-03-31 05:42:12'),
(50, '2016-03-31 06:15:37'),
(51, '2016-03-31 06:18:10'),
(52, '2016-03-31 06:20:23'),
(53, '2016-03-31 07:47:35'),
(54, '2016-03-31 08:23:29'),
(55, '2016-03-31 08:31:11'),
(56, '2016-03-31 08:31:47'),
(57, '2016-03-31 08:32:04'),
(58, '2016-03-31 08:33:04'),
(59, '2016-03-31 08:37:32'),
(60, '2016-03-31 08:39:10'),
(61, '2016-03-31 08:59:49'),
(62, '2016-03-31 11:54:57'),
(63, '2016-03-31 12:03:08'),
(64, '2016-03-31 12:18:02'),
(65, '2016-03-31 14:13:11'),
(66, '2016-03-31 14:18:51'),
(67, '2016-03-31 14:44:26'),
(68, '2016-03-31 14:48:01'),
(69, '2016-03-31 23:32:00'),
(70, '2016-03-31 23:40:39'),
(71, '2016-04-01 00:05:03'),
(72, '2016-04-01 00:07:48'),
(73, '2016-04-01 00:16:44'),
(74, '2016-04-01 00:25:00'),
(75, '2016-04-01 00:31:00'),
(76, '2016-04-01 00:53:52'),
(77, '2016-04-01 01:14:58'),
(78, '2016-04-01 02:00:15'),
(79, '2016-04-01 02:04:36'),
(80, '2016-04-01 02:49:06'),
(81, '2016-04-01 03:28:22'),
(82, '2016-04-01 03:44:30'),
(83, '2016-04-01 04:16:47'),
(84, '2016-04-01 08:35:08'),
(85, '2016-04-01 08:35:33'),
(86, '2016-04-01 08:39:10'),
(87, '2016-04-01 08:39:39'),
(88, '2016-04-01 08:41:06'),
(89, '2016-04-01 08:47:14'),
(90, '2016-04-01 08:49:13'),
(91, '2016-04-01 08:53:56'),
(92, '2016-04-01 08:54:01'),
(93, '2016-04-01 08:54:45'),
(94, '2016-04-01 09:07:46'),
(95, '2016-04-01 09:08:08'),
(96, '2016-04-01 09:08:47'),
(97, '2016-04-01 09:09:42'),
(98, '2016-04-01 09:12:40'),
(99, '2016-04-01 09:14:38'),
(100, '2016-04-01 09:20:17'),
(101, '2016-04-01 09:21:01'),
(102, '2016-04-01 09:22:17'),
(103, '2016-04-01 09:26:18'),
(104, '2016-04-01 09:35:27'),
(105, '2016-04-01 09:41:39'),
(106, '2016-04-01 15:12:12'),
(107, '2016-04-01 18:51:02'),
(108, '2016-04-01 18:59:50'),
(109, '2016-04-01 19:00:47'),
(110, '2016-04-01 22:57:30'),
(111, '2016-04-01 22:57:31'),
(112, '2016-04-02 04:07:46'),
(113, '2016-04-02 04:11:06'),
(114, '2016-04-02 06:16:01'),
(115, '2016-04-02 11:57:02'),
(116, '2016-04-02 12:04:46'),
(117, '2016-04-02 14:02:49'),
(118, '2016-04-02 15:33:12'),
(119, '2016-04-03 05:46:56'),
(120, '2016-04-03 06:53:25'),
(121, '2016-04-03 10:02:05'),
(122, '2016-04-03 10:39:42'),
(123, '2016-04-03 10:56:51'),
(124, '2016-04-03 13:36:02'),
(125, '2016-04-03 13:56:03'),
(126, '2016-04-03 14:18:27'),
(127, '2016-04-04 12:07:47'),
(128, '2016-04-04 18:19:18'),
(129, '2016-04-04 18:20:55'),
(130, '2016-04-04 18:53:19'),
(131, '2016-04-04 19:12:45'),
(132, '2016-04-05 02:18:14'),
(133, '2016-04-05 02:49:08'),
(134, '2016-04-05 03:45:55'),
(135, '2016-04-05 22:22:48'),
(136, '2016-04-06 04:51:29'),
(137, '2016-04-06 05:18:17'),
(138, '2016-04-06 05:27:18'),
(139, '2016-04-06 05:28:03'),
(140, '2016-04-06 17:52:28'),
(141, '2016-04-06 17:53:43'),
(142, '2016-04-06 17:55:04'),
(143, '2016-04-06 18:45:42'),
(144, '2016-04-07 03:42:18'),
(145, '2016-04-07 06:05:11'),
(146, '2016-04-07 07:58:22'),
(147, '2016-04-07 13:22:29'),
(148, '2016-04-07 13:35:50'),
(149, '2016-04-07 13:56:59'),
(150, '2016-04-07 14:02:10'),
(151, '2016-04-07 14:58:32'),
(152, '2016-04-08 13:25:00'),
(153, '2016-04-08 14:54:58'),
(154, '2016-04-08 16:00:50'),
(155, '2016-04-08 17:02:26'),
(156, '2016-04-08 18:38:48'),
(157, '2016-04-08 20:15:38'),
(158, '2016-04-08 20:48:07'),
(159, '2016-04-08 20:51:49'),
(160, '2016-04-08 23:30:18'),
(161, '2016-04-09 02:13:10'),
(162, '2016-04-09 02:13:10'),
(163, '2016-04-09 03:15:58'),
(164, '2016-04-09 06:55:02'),
(165, '2016-04-09 12:56:47'),
(166, '2016-04-09 21:36:58'),
(167, '2016-04-10 00:30:57'),
(168, '2016-04-10 02:49:32'),
(169, '2016-04-11 16:45:07'),
(170, '2016-04-12 02:00:35'),
(171, '2016-04-12 04:28:40'),
(172, '2016-04-12 12:50:32'),
(173, '2016-04-12 13:59:03'),
(174, '2016-04-12 16:03:38'),
(175, '2016-04-13 07:49:07'),
(176, '2016-04-13 08:22:31'),
(177, '2016-04-14 05:53:11'),
(178, '2016-04-14 23:24:10'),
(179, '2016-04-15 08:12:51'),
(180, '2016-04-15 13:21:11'),
(181, '2016-04-15 15:57:02'),
(182, '2016-04-16 01:56:32'),
(183, '2016-04-16 03:24:04'),
(184, '2016-04-16 22:15:11'),
(185, '2016-04-17 00:06:40'),
(186, '2016-04-17 02:24:50'),
(187, '2016-04-17 02:55:06'),
(188, '2016-04-17 20:55:38'),
(189, '2016-04-18 03:48:55'),
(190, '2016-04-18 10:51:59'),
(191, '2016-04-18 11:16:46'),
(192, '2016-04-18 19:04:55'),
(193, '2016-04-18 23:31:34'),
(194, '2016-04-19 00:02:54'),
(195, '2016-04-19 00:57:34'),
(196, '2016-04-19 07:55:30'),
(197, '2016-04-19 08:27:02'),
(198, '2016-04-19 09:37:19'),
(199, '2016-04-19 10:01:16'),
(200, '2016-04-19 11:45:14'),
(201, '2016-04-19 12:06:02'),
(202, '2016-04-19 14:19:37'),
(203, '2016-04-19 18:14:58'),
(204, '2016-04-20 00:53:38'),
(205, '2016-04-20 02:05:01'),
(206, '2016-04-20 05:57:52'),
(207, '2016-04-20 07:25:08'),
(208, '2016-04-20 07:40:46'),
(209, '2016-04-20 07:47:36'),
(210, '2016-04-20 12:43:50'),
(211, '2016-04-20 13:03:29'),
(212, '2016-04-20 14:53:44'),
(213, '2016-04-20 15:08:20'),
(214, '2016-04-20 17:12:31'),
(215, '2016-04-20 19:27:21'),
(216, '2016-04-20 19:39:06'),
(217, '2016-04-20 19:42:18'),
(218, '2016-04-20 19:56:24'),
(219, '2016-04-21 02:45:50'),
(220, '2016-04-21 03:21:02'),
(221, '2016-04-21 04:02:36'),
(222, '2016-04-21 15:14:23'),
(223, '2016-04-21 17:12:56'),
(224, '2016-04-21 18:50:49'),
(225, '2016-04-21 19:35:09'),
(226, '2016-04-21 22:55:30'),
(227, '2016-04-22 00:02:17'),
(228, '2016-04-22 01:42:46'),
(229, '2016-04-22 03:22:59'),
(230, '2016-04-22 03:54:36'),
(231, '2016-04-22 06:27:23'),
(232, '2016-04-22 06:34:18'),
(233, '2016-04-22 10:18:35'),
(234, '2016-04-22 13:45:50'),
(235, '2016-04-22 16:23:27'),
(236, '2016-04-23 00:34:46'),
(237, '2016-04-24 20:10:15'),
(238, '2016-04-24 22:39:32'),
(239, '2016-04-25 13:51:45'),
(240, '2016-04-26 09:41:01'),
(241, '2016-04-27 06:03:15'),
(242, '2016-04-27 21:13:02'),
(243, '2016-04-29 03:46:33'),
(244, '2016-04-30 07:24:26'),
(245, '2016-04-30 07:24:54'),
(246, '2016-04-30 07:25:15'),
(247, '2016-04-30 07:25:18'),
(248, '2016-04-30 07:28:02'),
(249, '2016-04-30 13:21:04'),
(250, '2016-04-30 16:43:24'),
(251, '2016-04-30 18:47:13'),
(252, '2016-04-30 19:13:41'),
(253, '2016-04-30 19:31:40'),
(254, '2016-04-30 20:28:58'),
(255, '2016-05-01 05:39:23'),
(256, '2016-05-01 08:13:59'),
(257, '2016-05-01 09:34:30'),
(258, '2016-05-01 12:43:09'),
(259, '2016-05-01 14:42:11'),
(260, '2016-05-01 17:26:34'),
(261, '2016-05-01 20:47:52'),
(262, '2016-05-02 00:26:06'),
(263, '2016-05-02 03:24:56'),
(264, '2016-05-02 05:06:35'),
(265, '2016-05-02 05:30:18'),
(266, '2016-05-02 09:45:30'),
(267, '2016-05-02 13:00:01'),
(268, '2016-05-03 00:04:01'),
(269, '2016-05-03 03:22:13'),
(270, '2016-05-03 04:15:51'),
(271, '2016-05-03 05:44:36'),
(272, '2016-05-03 11:36:10'),
(273, '2016-05-03 16:59:30'),
(274, '2016-05-03 20:21:31'),
(275, '2016-05-03 23:15:32'),
(276, '2016-05-04 03:03:50'),
(277, '2016-05-04 07:06:48'),
(278, '2016-05-04 11:03:44'),
(279, '2016-05-04 16:59:17'),
(280, '2016-05-04 20:56:18'),
(281, '2016-05-04 20:57:47'),
(282, '2016-05-04 21:00:30'),
(283, '2016-05-04 21:04:31'),
(284, '2016-05-04 21:09:20'),
(285, '2016-05-04 21:09:29'),
(286, '2016-05-05 02:03:00'),
(287, '2016-05-05 07:31:52'),
(288, '2016-05-05 10:07:29'),
(289, '2016-05-05 11:53:09'),
(290, '2016-05-05 14:44:47'),
(291, '2016-05-05 16:25:58'),
(292, '2016-05-05 17:12:05'),
(293, '2016-05-05 22:31:57'),
(294, '2016-05-05 23:39:03'),
(295, '2016-05-06 01:50:24'),
(296, '2016-05-06 03:21:37'),
(297, '2016-05-06 05:16:32'),
(298, '2016-05-06 09:40:08'),
(299, '2016-05-06 13:24:50'),
(300, '2016-05-06 17:02:02'),
(301, '2016-05-06 18:13:18'),
(302, '2016-05-06 21:30:24'),
(303, '2016-05-06 23:03:58'),
(304, '2016-05-07 00:35:46'),
(305, '2016-05-07 03:53:54'),
(306, '2016-05-07 13:01:42'),
(307, '2016-05-07 16:16:29'),
(308, '2016-05-07 17:01:00'),
(309, '2016-05-07 18:25:00'),
(310, '2016-05-07 19:52:14'),
(311, '2016-05-07 23:27:31'),
(312, '2016-05-07 23:56:06'),
(313, '2016-05-08 06:59:58'),
(314, '2016-05-08 09:17:45'),
(315, '2016-05-08 13:51:16'),
(316, '2016-05-08 16:29:03'),
(317, '2016-05-08 19:08:52'),
(318, '2016-05-08 23:15:48'),
(319, '2016-05-08 23:59:36'),
(320, '2016-05-09 05:16:52'),
(321, '2016-05-09 09:57:40'),
(322, '2016-05-09 11:23:44'),
(323, '2016-05-09 14:26:54'),
(324, '2016-05-09 17:09:03'),
(325, '2016-05-09 20:59:15'),
(326, '2016-05-10 03:14:28'),
(327, '2016-05-10 04:28:51'),
(328, '2016-05-10 05:10:05'),
(329, '2016-05-10 05:13:05'),
(330, '2016-05-10 05:51:10'),
(331, '2016-05-10 06:32:10'),
(332, '2016-05-10 07:21:02'),
(333, '2016-05-10 07:41:30'),
(334, '2016-05-10 10:02:42'),
(335, '2016-05-10 11:00:04'),
(336, '2016-05-10 11:12:24'),
(337, '2016-05-10 11:17:14'),
(338, '2016-05-10 11:38:59'),
(339, '2016-05-10 12:29:11'),
(340, '2016-05-10 13:38:51'),
(341, '2016-05-10 14:41:55'),
(342, '2016-05-10 15:11:21'),
(343, '2016-05-10 15:23:40'),
(344, '2016-05-10 16:34:18'),
(345, '2016-05-10 16:57:12'),
(346, '2016-05-10 17:22:06'),
(347, '2016-05-10 18:44:24'),
(348, '2016-05-10 20:02:49'),
(349, '2016-05-10 20:36:37'),
(350, '2016-05-10 20:52:36'),
(351, '2016-05-10 21:01:31'),
(352, '2016-05-10 22:18:44'),
(353, '2016-05-11 00:16:38'),
(354, '2016-05-11 00:24:55'),
(355, '2016-05-11 00:29:22'),
(356, '2016-05-11 01:18:15'),
(357, '2016-05-11 02:46:25'),
(358, '2016-05-11 03:26:12'),
(359, '2016-05-11 03:34:07'),
(360, '2016-05-11 04:50:56'),
(361, '2016-05-11 06:00:15'),
(362, '2016-05-11 06:38:12'),
(363, '2016-05-11 07:00:35'),
(364, '2016-05-11 07:50:22'),
(365, '2016-05-11 08:05:28'),
(366, '2016-05-11 09:18:53'),
(367, '2016-05-11 09:34:11'),
(368, '2016-05-11 09:54:17'),
(369, '2016-05-11 10:33:45'),
(370, '2016-05-11 10:55:02'),
(371, '2016-05-11 11:09:56'),
(372, '2016-05-11 12:37:40'),
(373, '2016-05-11 13:20:23'),
(374, '2016-05-11 13:49:50'),
(375, '2016-05-11 14:41:57'),
(376, '2016-05-11 15:03:50'),
(377, '2016-05-11 15:15:58'),
(378, '2016-05-11 15:37:57'),
(379, '2016-05-11 16:04:46'),
(380, '2016-05-11 16:08:09'),
(381, '2016-05-11 16:45:56'),
(382, '2016-05-11 18:10:02'),
(383, '2016-05-11 18:36:47'),
(384, '2016-05-11 19:29:39'),
(385, '2016-05-11 19:55:23'),
(386, '2016-05-11 20:23:14'),
(387, '2016-05-11 20:25:14'),
(388, '2016-05-11 21:02:35'),
(389, '2016-05-11 22:50:35'),
(390, '2016-05-11 22:50:49'),
(391, '2016-05-11 23:26:00'),
(392, '2016-05-11 23:26:15'),
(393, '2016-05-11 23:39:05'),
(394, '2016-05-12 00:04:04'),
(395, '2016-05-12 00:36:20'),
(396, '2016-05-12 00:37:59'),
(397, '2016-05-12 00:45:43'),
(398, '2016-05-12 01:36:02'),
(399, '2016-05-12 02:00:27'),
(400, '2016-05-12 02:09:36'),
(401, '2016-05-12 02:56:19'),
(402, '2016-05-12 03:03:42'),
(403, '2016-05-12 03:05:01'),
(404, '2016-05-12 03:54:27'),
(405, '2016-05-12 03:57:57'),
(406, '2016-05-12 05:23:50'),
(407, '2016-05-12 06:29:47'),
(408, '2016-05-12 07:39:40'),
(409, '2016-05-12 07:47:12'),
(410, '2016-05-12 07:54:28'),
(411, '2016-05-12 08:14:29'),
(412, '2016-05-12 08:23:07'),
(413, '2016-05-12 10:06:44'),
(414, '2016-05-12 10:12:21'),
(415, '2016-05-12 12:21:17'),
(416, '2016-05-12 12:52:05'),
(417, '2016-05-12 13:07:58'),
(418, '2016-05-12 13:21:57'),
(419, '2016-05-12 13:46:30'),
(420, '2016-05-12 14:16:47'),
(421, '2016-05-12 14:25:10'),
(422, '2016-05-12 14:50:45'),
(423, '2016-05-12 14:57:41'),
(424, '2016-05-12 15:00:13'),
(425, '2016-05-12 15:10:33'),
(426, '2016-05-12 15:46:38'),
(427, '2016-05-12 17:01:19'),
(428, '2016-05-12 17:03:12'),
(429, '2016-05-12 17:14:17'),
(430, '2016-05-12 17:49:01'),
(431, '2016-05-12 18:16:18'),
(432, '2016-05-12 18:29:45'),
(433, '2016-05-12 18:53:32'),
(434, '2016-05-12 19:33:34'),
(435, '2016-05-12 20:07:25'),
(436, '2016-05-12 20:32:43'),
(437, '2016-05-12 21:06:03'),
(438, '2016-05-12 21:31:51'),
(439, '2016-05-12 23:49:01'),
(440, '2016-05-13 01:01:48'),
(441, '2016-05-13 01:52:22'),
(442, '2016-05-13 03:23:52'),
(443, '2016-05-13 03:46:07'),
(444, '2016-05-13 04:24:14'),
(445, '2016-05-13 05:24:48'),
(446, '2016-05-13 06:04:51'),
(447, '2016-05-13 06:40:39'),
(448, '2016-05-13 08:46:52'),
(449, '2016-05-13 09:29:51'),
(450, '2016-05-13 09:32:28'),
(451, '2016-05-13 11:47:04'),
(452, '2016-05-13 13:40:28'),
(453, '2016-05-13 15:00:29'),
(454, '2016-05-13 16:31:00'),
(455, '2016-05-13 17:01:10'),
(456, '2016-05-13 17:18:41'),
(457, '2016-05-13 17:30:28'),
(458, '2016-05-13 17:42:34'),
(459, '2016-05-13 18:09:06'),
(460, '2016-05-13 20:32:54'),
(461, '2016-05-13 20:36:07'),
(462, '2016-05-13 21:57:42'),
(463, '2016-05-13 22:22:48'),
(464, '2016-05-13 23:32:31'),
(465, '2016-05-14 01:02:32'),
(466, '2016-05-14 01:02:39'),
(467, '2016-05-14 01:03:01'),
(468, '2016-05-14 01:19:48'),
(469, '2016-05-14 01:33:49'),
(470, '2016-05-14 02:48:00'),
(471, '2016-05-14 03:05:32'),
(472, '2016-05-14 03:40:24'),
(473, '2016-05-14 03:57:35'),
(474, '2016-05-14 04:09:53'),
(475, '2016-05-14 04:28:05'),
(476, '2016-05-14 05:21:47'),
(477, '2016-05-14 06:31:24'),
(478, '2016-05-14 07:03:48'),
(479, '2016-05-14 07:42:29'),
(480, '2016-05-14 08:29:21'),
(481, '2016-05-14 08:50:32'),
(482, '2016-05-14 09:13:16'),
(483, '2016-05-14 09:19:07'),
(484, '2016-05-14 10:42:58'),
(485, '2016-05-14 10:43:15'),
(486, '2016-05-14 11:12:02'),
(487, '2016-05-14 11:20:30'),
(488, '2016-05-14 13:21:53'),
(489, '2016-05-14 14:48:18'),
(490, '2016-05-14 16:09:13'),
(491, '2016-05-14 16:24:55'),
(492, '2016-05-14 18:57:24'),
(493, '2016-05-14 21:22:54'),
(494, '2016-05-14 23:09:41'),
(495, '2016-05-15 00:08:40'),
(496, '2016-05-15 02:05:29'),
(497, '2016-05-15 02:09:10'),
(498, '2016-05-15 02:35:15'),
(499, '2016-05-15 03:18:41'),
(500, '2016-05-15 04:08:54'),
(501, '2016-05-15 08:42:21'),
(502, '2016-05-15 09:04:07'),
(503, '2016-05-15 09:27:01'),
(504, '2016-05-15 09:34:38'),
(505, '2016-05-15 09:55:52'),
(506, '2016-05-15 10:38:55'),
(507, '2016-05-15 12:14:29'),
(508, '2016-05-15 14:42:01'),
(509, '2016-05-15 16:15:53'),
(510, '2016-05-15 17:56:35'),
(511, '2016-05-15 19:02:17'),
(512, '2016-05-15 23:51:06'),
(513, '2016-05-16 01:44:01'),
(514, '2016-05-16 06:42:01'),
(515, '2016-05-16 08:07:22'),
(516, '2016-05-16 09:22:19'),
(517, '2016-05-16 11:30:46'),
(518, '2016-05-16 14:47:53'),
(519, '2016-05-16 15:43:32'),
(520, '2016-05-16 16:32:55'),
(521, '2016-05-16 19:26:13'),
(522, '2016-05-16 19:40:12'),
(523, '2016-05-16 19:43:58'),
(524, '2016-05-16 21:37:30'),
(525, '2016-05-16 23:44:28'),
(526, '2016-05-17 01:04:53'),
(527, '2016-05-17 04:22:03'),
(528, '2016-05-17 06:51:54'),
(529, '2016-05-17 09:15:57'),
(530, '2016-05-17 14:07:29'),
(531, '2016-05-17 15:17:42'),
(532, '2016-05-17 15:17:44'),
(533, '2016-05-17 18:18:53'),
(534, '2016-05-17 19:59:10'),
(535, '2016-05-17 19:59:14'),
(536, '2016-05-17 20:22:27'),
(537, '2016-05-17 21:05:46'),
(538, '2016-05-18 00:46:25'),
(539, '2016-05-18 02:02:55'),
(540, '2016-05-18 03:52:13'),
(541, '2016-05-18 10:03:46'),
(542, '2016-05-18 10:46:40'),
(543, '2016-05-18 10:46:41'),
(544, '2016-05-18 17:03:25'),
(545, '2016-05-18 18:40:46'),
(546, '2016-05-18 20:35:48'),
(547, '2016-05-19 00:07:32'),
(548, '2016-05-19 02:28:58'),
(549, '2016-05-19 05:18:37'),
(550, '2016-05-19 07:29:44'),
(551, '2016-05-19 08:22:03'),
(552, '2016-05-19 21:12:29'),
(553, '2016-05-20 03:08:42'),
(554, '2016-05-20 11:22:46'),
(555, '2016-05-20 16:33:23'),
(556, '2016-05-20 19:51:15'),
(557, '2016-05-20 23:02:05'),
(558, '2016-05-20 23:57:01'),
(559, '2016-05-21 08:05:57'),
(560, '2016-05-21 09:39:12'),
(561, '2016-05-21 11:38:44'),
(562, '2016-05-21 15:31:22'),
(563, '2016-05-21 17:00:02'),
(564, '2016-05-21 20:23:07'),
(565, '2016-05-22 03:35:22'),
(566, '2016-05-22 05:47:17'),
(567, '2016-05-22 10:09:10'),
(568, '2016-05-22 18:07:37'),
(569, '2016-05-22 22:00:08'),
(570, '2016-05-23 02:18:03'),
(571, '2016-05-23 19:18:15'),
(572, '2016-05-23 23:17:06'),
(573, '2016-05-24 02:47:55'),
(574, '2016-05-24 04:54:49'),
(575, '2016-05-24 07:00:59'),
(576, '2016-05-24 07:29:48'),
(577, '2016-05-24 09:05:36'),
(578, '2016-05-24 10:38:06'),
(579, '2016-05-24 18:09:42'),
(580, '2016-05-25 04:41:49'),
(581, '2016-05-25 14:17:20'),
(582, '2016-05-25 17:56:42'),
(583, '2016-05-25 23:01:02'),
(584, '2016-05-26 04:03:58'),
(585, '2016-05-26 05:50:13'),
(586, '2016-05-26 07:17:09'),
(587, '2016-05-26 07:31:17'),
(588, '2016-05-26 08:00:10'),
(589, '2016-05-26 08:03:36'),
(590, '2016-05-26 08:59:16'),
(591, '2016-05-26 12:17:58'),
(592, '2016-05-26 16:09:02'),
(593, '2016-05-26 17:50:15'),
(594, '2016-05-26 20:43:08'),
(595, '2016-05-27 00:03:57'),
(596, '2016-05-27 02:58:08'),
(597, '2016-05-27 04:44:53'),
(598, '2016-05-27 06:24:55'),
(599, '2016-05-27 09:08:03'),
(600, '2016-05-27 11:52:00'),
(601, '2016-05-27 15:22:36'),
(602, '2016-05-27 20:29:35'),
(603, '2016-05-27 23:28:17'),
(604, '2016-05-28 01:14:00'),
(605, '2016-05-28 04:29:50'),
(606, '2016-05-28 04:30:56'),
(607, '2016-05-28 07:18:53'),
(608, '2016-05-28 09:22:05'),
(609, '2016-05-28 12:23:58'),
(610, '2016-05-28 16:15:41'),
(611, '2016-05-28 23:12:58'),
(612, '2016-05-29 02:09:30'),
(613, '2016-05-29 03:30:16'),
(614, '2016-05-29 06:51:10'),
(615, '2016-05-29 09:16:32'),
(616, '2016-05-30 20:27:16'),
(617, '2016-05-30 21:57:14'),
(618, '2016-05-31 00:59:42'),
(619, '2016-05-31 04:53:31'),
(620, '2016-05-31 07:17:18'),
(621, '2016-05-31 07:58:41'),
(622, '2016-05-31 11:16:51'),
(623, '2016-05-31 12:35:51'),
(624, '2016-05-31 13:11:57'),
(625, '2016-05-31 15:30:04'),
(626, '2016-05-31 17:00:09'),
(627, '2016-05-31 18:47:03'),
(628, '2016-05-31 18:56:28'),
(629, '2016-05-31 19:11:49'),
(630, '2016-05-31 20:52:57'),
(631, '2016-06-01 00:21:17'),
(632, '2016-06-01 02:00:54'),
(633, '2016-06-01 02:30:51'),
(634, '2016-06-01 02:37:38'),
(635, '2016-06-01 03:42:10'),
(636, '2016-06-01 06:28:34'),
(637, '2016-06-01 07:17:35'),
(638, '2016-06-01 10:08:16'),
(639, '2016-06-01 12:56:04'),
(640, '2016-06-01 13:57:25'),
(641, '2016-06-01 14:26:55'),
(642, '2016-06-01 15:33:18'),
(643, '2016-06-01 17:34:34'),
(644, '2016-06-02 00:05:55'),
(645, '2016-06-02 02:16:11'),
(646, '2016-06-02 02:46:31'),
(647, '2016-06-02 03:25:55'),
(648, '2016-06-02 04:05:55'),
(649, '2016-06-02 04:51:20'),
(650, '2016-06-02 06:22:57'),
(651, '2016-06-02 06:37:09'),
(652, '2016-06-02 07:04:21'),
(653, '2016-06-02 07:06:09'),
(654, '2016-06-02 07:23:18'),
(655, '2016-06-02 08:39:29'),
(656, '2016-06-02 19:04:34'),
(657, '2016-06-03 06:14:41'),
(658, '2016-06-03 09:06:21'),
(659, '2016-06-03 13:51:50'),
(660, '2016-06-04 03:18:20'),
(661, '2016-06-04 06:32:39'),
(662, '2016-06-04 07:59:52'),
(663, '2016-06-04 08:53:50'),
(664, '2016-06-04 11:31:01'),
(665, '2016-06-04 14:11:58'),
(666, '2016-06-04 14:34:01'),
(667, '2016-06-04 14:38:00'),
(668, '2016-06-04 14:51:45'),
(669, '2016-06-04 14:54:12'),
(670, '2016-06-04 14:56:28'),
(671, '2016-06-04 14:56:40'),
(672, '2016-06-04 17:03:35'),
(673, '2016-06-04 17:05:51'),
(674, '2016-06-04 17:51:12'),
(675, '2016-06-04 18:34:09'),
(676, '2016-06-04 18:48:03'),
(677, '2016-06-04 19:18:05'),
(678, '2016-06-04 19:20:04'),
(679, '2016-06-04 19:34:46'),
(680, '2016-06-04 20:46:44'),
(681, '2016-06-05 02:53:10'),
(682, '2016-06-05 06:57:52'),
(683, '2016-06-05 11:51:23'),
(684, '2016-06-05 16:56:57'),
(685, '2016-06-05 19:58:34'),
(686, '2016-06-05 21:40:41'),
(687, '2016-06-06 08:51:26'),
(688, '2016-06-06 10:15:48'),
(689, '2016-06-06 13:29:11'),
(690, '2016-06-06 14:45:08'),
(691, '2016-06-07 06:32:40'),
(692, '2016-06-07 07:03:14'),
(693, '2016-06-07 07:03:42'),
(694, '2016-06-07 07:11:22'),
(695, '2016-06-07 07:17:57'),
(696, '2016-06-07 07:28:46'),
(697, '2016-06-07 07:31:23'),
(698, '2016-06-07 07:42:47'),
(699, '2016-06-07 09:17:06'),
(700, '2016-06-07 09:38:49'),
(701, '2016-06-07 09:43:22'),
(702, '2016-06-07 10:10:55'),
(703, '2016-06-07 12:22:15'),
(704, '2016-06-07 13:22:19'),
(705, '2016-06-07 13:29:40'),
(706, '2016-06-07 13:50:54'),
(707, '2016-06-07 13:51:04'),
(708, '2016-06-07 13:56:31'),
(709, '2016-06-07 15:13:41'),
(710, '2016-06-07 15:21:07'),
(711, '2016-06-07 15:27:47'),
(712, '2016-06-07 15:29:04'),
(713, '2016-06-07 15:33:59'),
(714, '2016-06-07 15:50:20'),
(715, '2016-06-07 15:53:47'),
(716, '2016-06-07 15:56:01'),
(717, '2016-06-07 16:00:32'),
(718, '2016-06-07 17:37:00'),
(719, '2016-06-08 01:16:26'),
(720, '2016-06-08 01:47:25'),
(721, '2016-06-08 11:33:17'),
(722, '2016-06-08 14:54:35'),
(723, '2016-06-08 16:40:03'),
(724, '2016-06-08 22:53:28'),
(725, '2016-06-09 05:23:51'),
(726, '2016-06-09 07:06:45'),
(727, '2016-06-09 10:13:52'),
(728, '2016-06-09 18:25:53'),
(729, '2016-06-09 19:57:58'),
(730, '2016-06-10 05:01:44'),
(731, '2016-06-10 06:17:42'),
(732, '2016-06-10 09:19:58'),
(733, '2016-06-10 11:48:53'),
(734, '2016-06-10 16:05:26'),
(735, '2016-06-10 17:02:17'),
(736, '2016-06-10 18:10:44'),
(737, '2016-06-11 02:33:43'),
(738, '2016-06-11 04:16:45'),
(739, '2016-06-11 12:47:04'),
(740, '2016-06-11 16:01:13'),
(741, '2016-06-11 18:55:55'),
(742, '2016-06-12 05:30:22'),
(743, '2016-06-13 07:22:20'),
(744, '2016-06-13 14:04:53'),
(745, '2016-06-13 17:14:09'),
(746, '2016-06-13 20:49:45'),
(747, '2016-06-13 21:20:25'),
(748, '2016-06-13 23:44:17'),
(749, '2016-06-13 23:50:45'),
(750, '2016-06-13 23:56:36'),
(751, '2016-06-14 10:29:21'),
(752, '2016-06-14 16:07:59'),
(753, '2016-06-14 17:45:13'),
(754, '2016-06-14 18:27:44'),
(755, '2016-06-15 04:34:27'),
(756, '2016-06-15 22:44:49'),
(757, '2016-06-16 03:41:28'),
(758, '2016-06-16 08:35:34'),
(759, '2016-06-16 14:44:24'),
(760, '2016-06-17 01:57:55'),
(761, '2016-06-17 04:47:43'),
(762, '2016-06-17 06:49:32'),
(763, '2016-06-17 10:41:42'),
(764, '2016-06-17 13:04:14'),
(765, '2016-06-17 15:29:07'),
(766, '2016-06-18 02:45:10'),
(767, '2016-06-18 04:42:42'),
(768, '2016-06-18 06:56:14'),
(769, '2016-06-18 10:16:35'),
(770, '2016-06-18 13:12:08'),
(771, '2016-06-18 15:31:21'),
(772, '2016-06-18 18:48:43'),
(773, '2016-06-18 19:35:12'),
(774, '2016-06-18 23:08:03'),
(775, '2016-06-19 03:03:48'),
(776, '2016-06-19 07:16:55'),
(777, '2016-06-19 11:45:51'),
(778, '2016-06-19 14:52:30'),
(779, '2016-06-19 19:16:07'),
(780, '2016-06-20 01:35:15'),
(781, '2016-06-20 04:12:58'),
(782, '2016-06-20 06:43:11'),
(783, '2016-06-20 07:11:29'),
(784, '2016-06-20 11:13:26'),
(785, '2016-06-20 17:22:28'),
(786, '2016-06-20 17:23:40'),
(787, '2016-06-20 18:30:59'),
(788, '2016-06-20 23:10:30'),
(789, '2016-06-21 02:02:15'),
(790, '2016-06-21 04:53:16'),
(791, '2016-06-21 08:06:41'),
(792, '2016-06-21 10:22:13'),
(793, '2016-06-21 14:42:54'),
(794, '2016-06-21 14:44:47'),
(795, '2016-06-21 14:46:18'),
(796, '2016-06-21 14:46:45'),
(797, '2016-06-21 14:53:36'),
(798, '2016-06-21 14:54:16'),
(799, '2016-06-21 14:54:55'),
(800, '2016-06-21 14:55:04'),
(801, '2016-06-21 14:57:47'),
(802, '2016-06-21 19:39:13'),
(803, '2016-06-21 20:05:07'),
(804, '2016-06-21 21:52:57'),
(805, '2016-06-21 23:39:29'),
(806, '2016-06-22 03:16:34'),
(807, '2016-06-22 08:12:18'),
(808, '2016-06-22 10:59:05'),
(809, '2016-06-22 19:08:09'),
(810, '2016-06-22 22:29:23'),
(811, '2016-06-23 12:09:42'),
(812, '2016-06-23 14:07:21'),
(813, '2016-06-23 18:09:50'),
(814, '2016-06-23 22:33:38'),
(815, '2016-06-24 03:34:40'),
(816, '2016-06-24 03:44:07'),
(817, '2016-06-24 10:14:45'),
(818, '2016-06-24 23:50:38'),
(819, '2016-06-25 01:59:51'),
(820, '2016-06-25 04:41:07'),
(821, '2016-06-25 04:52:37'),
(822, '2016-06-25 04:54:36'),
(823, '2016-06-25 05:03:08'),
(824, '2016-06-25 05:17:55'),
(825, '2016-06-25 05:46:07'),
(826, '2016-06-25 08:22:02'),
(827, '2016-06-25 09:55:56'),
(828, '2016-06-25 11:15:02'),
(829, '2016-06-25 15:25:20'),
(830, '2016-06-25 15:42:56'),
(831, '2016-06-26 01:48:45'),
(832, '2016-06-26 08:26:34'),
(833, '2016-06-26 09:39:57'),
(834, '2016-06-26 09:45:57'),
(835, '2016-06-26 09:47:08'),
(836, '2016-06-26 09:56:20'),
(837, '2016-06-26 10:20:01'),
(838, '2016-06-26 10:25:12'),
(839, '2016-06-26 10:25:28'),
(840, '2016-06-26 10:38:16'),
(841, '2016-06-26 10:48:30'),
(842, '2016-06-26 11:05:16'),
(843, '2016-06-26 11:11:46'),
(844, '2016-06-26 11:34:18'),
(845, '2016-06-26 12:20:57'),
(846, '2016-06-26 12:30:37'),
(847, '2016-06-26 12:41:03'),
(848, '2016-06-26 12:42:50'),
(849, '2016-06-26 12:54:03'),
(850, '2016-06-26 13:22:30'),
(851, '2016-06-26 13:40:47'),
(852, '2016-06-26 14:05:07'),
(853, '2016-06-26 15:53:09'),
(854, '2016-06-27 02:48:31'),
(855, '2016-06-27 06:43:06'),
(856, '2016-06-27 08:12:20'),
(857, '2016-06-27 13:24:34'),
(858, '2016-06-27 13:27:05'),
(859, '2016-06-27 13:31:45'),
(860, '2016-06-27 17:06:50'),
(861, '2016-06-27 19:09:43'),
(862, '2016-06-27 19:56:24'),
(863, '2016-06-27 19:58:34'),
(864, '2016-06-27 20:05:27'),
(865, '2016-06-27 20:55:17'),
(866, '2016-06-28 00:43:19'),
(867, '2016-06-28 03:12:16'),
(868, '2016-06-28 04:28:04'),
(869, '2016-06-28 05:55:45'),
(870, '2016-06-28 05:59:09'),
(871, '2016-06-28 06:12:31'),
(872, '2016-06-28 06:16:57'),
(873, '2016-06-28 06:19:28'),
(874, '2016-06-28 06:41:17'),
(875, '2016-06-28 06:57:51'),
(876, '2016-06-28 11:26:37'),
(877, '2016-06-28 15:02:45'),
(878, '2016-06-28 16:38:41'),
(879, '2016-06-28 17:07:32'),
(880, '2016-06-28 17:47:38'),
(881, '2016-06-28 20:41:39'),
(882, '2016-06-29 03:54:13'),
(883, '2016-06-29 11:17:28'),
(884, '2016-06-29 11:39:52'),
(885, '2016-06-29 11:46:38'),
(886, '2016-06-29 12:22:33'),
(887, '2016-06-29 13:40:28'),
(888, '2016-06-29 13:40:37'),
(889, '2016-06-29 13:46:20'),
(890, '2016-06-29 13:54:15'),
(891, '2016-06-29 14:07:32'),
(892, '2016-06-29 18:03:07'),
(893, '2016-06-29 21:55:18'),
(894, '2016-06-29 21:56:48'),
(895, '2016-06-29 21:59:09'),
(896, '2016-06-30 00:02:32'),
(897, '2016-06-30 05:57:27'),
(898, '2016-06-30 10:41:11'),
(899, '2016-06-30 11:04:48'),
(900, '2016-06-30 13:37:30'),
(901, '2016-06-30 16:54:59'),
(902, '2016-06-30 18:42:33'),
(903, '2016-06-30 20:54:29'),
(904, '2016-06-30 21:53:11'),
(905, '2016-06-30 22:47:10'),
(906, '2016-07-01 06:54:06'),
(907, '2016-07-01 12:08:09'),
(908, '2016-07-01 12:32:33'),
(909, '2016-07-01 13:59:28'),
(910, '2016-07-01 14:07:56'),
(911, '2016-07-01 14:21:24'),
(912, '2016-07-01 14:22:54'),
(913, '2016-07-01 14:32:02'),
(914, '2016-07-01 14:34:30'),
(915, '2016-07-01 14:51:17'),
(916, '2016-07-01 14:51:33'),
(917, '2016-07-01 14:58:10'),
(918, '2016-07-01 15:07:22'),
(919, '2016-07-02 03:08:19'),
(920, '2016-07-02 06:32:38'),
(921, '2016-07-02 06:46:37'),
(922, '2016-07-02 06:53:00'),
(923, '2016-07-02 08:24:38'),
(924, '2016-07-02 08:25:03'),
(925, '2016-07-02 08:26:12'),
(926, '2016-07-02 08:52:10'),
(927, '2016-07-02 08:59:58'),
(928, '2016-07-02 09:00:11'),
(929, '2016-07-02 09:17:07'),
(930, '2016-07-02 09:31:48'),
(931, '2016-07-02 10:09:00'),
(932, '2016-07-02 10:20:52'),
(933, '2016-07-02 10:29:00'),
(934, '2016-07-02 10:29:23'),
(935, '2016-07-02 10:29:40'),
(936, '2016-07-02 10:31:45'),
(937, '2016-07-02 21:25:13'),
(938, '2016-07-02 21:51:53'),
(939, '2016-07-04 04:48:25'),
(940, '2016-07-04 16:29:46'),
(941, '2016-07-04 18:47:31'),
(942, '2016-07-04 18:52:07'),
(943, '2016-07-04 19:02:21'),
(944, '2016-07-04 19:06:49'),
(945, '2016-07-04 19:18:49'),
(946, '2016-07-04 23:13:06'),
(947, '2016-07-05 04:05:31'),
(948, '2016-07-05 04:10:47'),
(949, '2016-07-05 04:16:38'),
(950, '2016-07-05 06:11:20'),
(951, '2016-07-05 07:05:04'),
(952, '2016-07-05 07:28:00'),
(953, '2016-07-05 07:41:46'),
(954, '2016-07-05 07:55:50'),
(955, '2016-07-05 07:59:45'),
(956, '2016-07-05 08:12:09'),
(957, '2016-07-05 08:15:30'),
(958, '2016-07-05 08:21:23'),
(959, '2016-07-05 09:59:36'),
(960, '2016-07-05 12:40:46'),
(961, '2016-07-05 12:45:33'),
(962, '2016-07-05 12:52:35'),
(963, '2016-07-05 13:03:30'),
(964, '2016-07-05 13:05:16'),
(965, '2016-07-05 13:06:12'),
(966, '2016-07-05 13:06:58'),
(967, '2016-07-05 13:20:51'),
(968, '2016-07-05 13:55:17'),
(969, '2016-07-05 15:21:49'),
(970, '2016-07-05 15:41:18'),
(971, '2016-07-05 15:41:31'),
(972, '2016-07-05 16:13:17'),
(973, '2016-07-05 16:16:07'),
(974, '2016-07-05 17:45:08'),
(975, '2016-07-05 17:55:25'),
(976, '2016-07-05 18:29:23'),
(977, '2016-07-05 19:07:18'),
(978, '2016-07-06 03:30:12'),
(979, '2016-07-06 03:31:34'),
(980, '2016-07-06 03:36:24'),
(981, '2016-07-06 03:57:38'),
(982, '2016-07-06 04:53:20'),
(983, '2016-07-06 05:13:07'),
(984, '2016-07-06 07:04:22'),
(985, '2016-07-06 09:43:52'),
(986, '2016-07-06 10:59:13'),
(987, '2016-07-06 11:00:23'),
(988, '2016-07-06 11:11:07'),
(989, '2016-07-06 14:44:31'),
(990, '2016-07-06 14:45:24'),
(991, '2016-07-06 15:03:34'),
(992, '2016-07-06 16:09:20'),
(993, '2016-07-06 16:11:05'),
(994, '2016-07-06 16:22:00'),
(995, '2016-07-06 16:22:24'),
(996, '2016-07-06 16:23:50'),
(997, '2016-07-06 16:24:09'),
(998, '2016-07-06 16:32:29'),
(999, '2016-07-06 17:51:25'),
(1000, '2016-07-06 18:27:39'),
(1001, '2016-07-06 18:43:55'),
(1002, '2016-07-06 20:08:27'),
(1003, '2016-07-07 02:42:38'),
(1004, '2016-07-07 04:19:38'),
(1005, '2016-07-07 07:17:55'),
(1006, '2016-07-07 07:20:41'),
(1007, '2016-07-07 08:44:01'),
(1008, '2016-07-07 12:32:26'),
(1009, '2016-07-07 12:40:11'),
(1010, '2016-07-07 12:47:53'),
(1011, '2016-07-07 14:43:56'),
(1012, '2016-07-07 14:46:10'),
(1013, '2016-07-07 15:21:56'),
(1014, '2016-07-07 15:33:51'),
(1015, '2016-07-07 15:37:10'),
(1016, '2016-07-07 16:03:56'),
(1017, '2016-07-07 17:45:50'),
(1018, '2016-07-07 17:46:07'),
(1019, '2016-07-07 18:33:56'),
(1020, '2016-07-07 18:35:14'),
(1021, '2016-07-08 03:46:53'),
(1022, '2016-07-08 03:48:27'),
(1023, '2016-07-08 03:52:34'),
(1024, '2016-07-08 10:12:00'),
(1025, '2016-07-08 10:12:30'),
(1026, '2016-07-08 11:24:03'),
(1027, '2016-07-08 11:26:14'),
(1028, '2016-07-08 13:14:45'),
(1029, '2016-07-08 16:03:55'),
(1030, '2016-07-09 03:57:04'),
(1031, '2016-07-09 07:03:34'),
(1032, '2016-07-09 10:33:54'),
(1033, '2016-07-09 14:00:08'),
(1034, '2016-07-09 14:02:21'),
(1035, '2016-07-09 16:19:50'),
(1036, '2016-07-10 00:37:38'),
(1037, '2016-07-10 00:37:49'),
(1038, '2016-07-10 00:38:06'),
(1039, '2016-07-10 00:38:14'),
(1040, '2016-07-10 00:38:35'),
(1041, '2016-07-10 00:38:42'),
(1042, '2016-07-10 00:38:52'),
(1043, '2016-07-10 00:39:03'),
(1044, '2016-07-10 00:39:07'),
(1045, '2016-07-10 00:39:15'),
(1046, '2016-07-10 00:39:17'),
(1047, '2016-07-10 00:39:35'),
(1048, '2016-07-10 00:39:37'),
(1049, '2016-07-10 00:39:57'),
(1050, '2016-07-10 00:40:03'),
(1051, '2016-07-10 00:40:11'),
(1052, '2016-07-10 00:40:30'),
(1053, '2016-07-10 00:40:33'),
(1054, '2016-07-10 00:40:45'),
(1055, '2016-07-10 00:41:00'),
(1056, '2016-07-10 00:41:28'),
(1057, '2016-07-10 00:41:38'),
(1058, '2016-07-10 00:41:42'),
(1059, '2016-07-10 00:41:45'),
(1060, '2016-07-10 00:42:09'),
(1061, '2016-07-10 00:42:13'),
(1062, '2016-07-10 00:43:30'),
(1063, '2016-07-10 01:35:29'),
(1064, '2016-07-10 03:13:30'),
(1065, '2016-07-10 04:49:06'),
(1066, '2016-07-10 08:09:37'),
(1067, '2016-07-10 09:08:54'),
(1068, '2016-07-11 04:09:41'),
(1069, '2016-07-11 04:57:50'),
(1070, '2016-07-11 10:02:57'),
(1071, '2016-07-11 11:44:06'),
(1072, '2016-07-11 11:45:02'),
(1073, '2016-07-11 11:53:02'),
(1074, '2016-07-11 11:53:55'),
(1075, '2016-07-11 12:23:07'),
(1076, '2016-07-11 13:09:40'),
(1077, '2016-07-11 14:36:24'),
(1078, '2016-07-11 15:58:48'),
(1079, '2016-07-11 21:18:11'),
(1080, '2016-07-11 22:10:16'),
(1081, '2016-07-12 00:02:13'),
(1082, '2016-07-12 00:12:46'),
(1083, '2016-07-12 00:12:47'),
(1084, '2016-07-12 00:12:51'),
(1085, '2016-07-12 00:12:54'),
(1086, '2016-07-12 00:12:58'),
(1087, '2016-07-12 00:12:59'),
(1088, '2016-07-12 00:13:22'),
(1089, '2016-07-12 00:13:29'),
(1090, '2016-07-12 00:13:44'),
(1091, '2016-07-12 00:13:44'),
(1092, '2016-07-12 00:13:47'),
(1093, '2016-07-12 00:14:30'),
(1094, '2016-07-12 00:14:47'),
(1095, '2016-07-12 00:15:13'),
(1096, '2016-07-12 00:15:17'),
(1097, '2016-07-12 00:15:56'),
(1098, '2016-07-12 00:16:06'),
(1099, '2016-07-12 00:16:17'),
(1100, '2016-07-12 00:16:36'),
(1101, '2016-07-12 00:17:21'),
(1102, '2016-07-12 00:39:11'),
(1103, '2016-07-12 00:44:31'),
(1104, '2016-07-12 02:24:50'),
(1105, '2016-07-12 02:24:57'),
(1106, '2016-07-12 02:25:02'),
(1107, '2016-07-12 02:25:05'),
(1108, '2016-07-12 02:25:08'),
(1109, '2016-07-12 02:25:21'),
(1110, '2016-07-12 02:25:25'),
(1111, '2016-07-12 02:25:30'),
(1112, '2016-07-12 02:25:36'),
(1113, '2016-07-12 02:25:37'),
(1114, '2016-07-12 02:25:40'),
(1115, '2016-07-12 02:25:46'),
(1116, '2016-07-12 02:25:57'),
(1117, '2016-07-12 02:26:15'),
(1118, '2016-07-12 02:26:19'),
(1119, '2016-07-12 02:26:27'),
(1120, '2016-07-12 02:26:48'),
(1121, '2016-07-12 02:27:05'),
(1122, '2016-07-12 02:27:08'),
(1123, '2016-07-12 02:27:09'),
(1124, '2016-07-12 02:27:10'),
(1125, '2016-07-12 02:27:16'),
(1126, '2016-07-12 02:27:24'),
(1127, '2016-07-12 02:27:26'),
(1128, '2016-07-12 03:26:13'),
(1129, '2016-07-12 03:38:41'),
(1130, '2016-07-12 03:56:41'),
(1131, '2016-07-12 04:43:12'),
(1132, '2016-07-12 05:05:08'),
(1133, '2016-07-12 06:09:17'),
(1134, '2016-07-12 06:18:04'),
(1135, '2016-07-12 10:40:55'),
(1136, '2016-07-12 10:47:20'),
(1137, '2016-07-12 11:02:26'),
(1138, '2016-07-12 11:11:14'),
(1139, '2016-07-12 11:32:35'),
(1140, '2016-07-12 12:10:27'),
(1141, '2016-07-12 12:44:14'),
(1142, '2016-07-12 12:46:21'),
(1143, '2016-07-12 13:16:26'),
(1144, '2016-07-12 13:17:48'),
(1145, '2016-07-12 13:19:28'),
(1146, '2016-07-12 13:27:16'),
(1147, '2016-07-12 13:31:06'),
(1148, '2016-07-12 13:47:45'),
(1149, '2016-07-12 13:48:42'),
(1150, '2016-07-12 14:09:57'),
(1151, '2016-07-12 14:19:45'),
(1152, '2016-07-12 14:33:38'),
(1153, '2016-07-12 14:37:24'),
(1154, '2016-07-12 14:49:31'),
(1155, '2016-07-12 14:58:21'),
(1156, '2016-07-12 14:58:24'),
(1157, '2016-07-12 14:59:20'),
(1158, '2016-07-12 15:17:04'),
(1159, '2016-07-12 15:33:07'),
(1160, '2016-07-12 15:35:51'),
(1161, '2016-07-12 15:36:56'),
(1162, '2016-07-12 15:39:52'),
(1163, '2016-07-12 15:40:44'),
(1164, '2016-07-12 15:43:23'),
(1165, '2016-07-12 15:43:31'),
(1166, '2016-07-12 15:44:28'),
(1167, '2016-07-12 16:07:26'),
(1168, '2016-07-12 16:10:01'),
(1169, '2016-07-12 16:11:21'),
(1170, '2016-07-12 16:17:59'),
(1171, '2016-07-12 16:19:19'),
(1172, '2016-07-12 16:19:36'),
(1173, '2016-07-12 16:35:13'),
(1174, '2016-07-12 16:49:02'),
(1175, '2016-07-12 16:51:25'),
(1176, '2016-07-12 16:54:05'),
(1177, '2016-07-12 17:42:27'),
(1178, '2016-07-12 18:11:11'),
(1179, '2016-07-12 18:32:54'),
(1180, '2016-07-12 18:52:17'),
(1181, '2016-07-12 18:54:24'),
(1182, '2016-07-12 18:58:45'),
(1183, '2016-07-12 19:23:25'),
(1184, '2016-07-12 19:32:55'),
(1185, '2016-07-12 19:37:39'),
(1186, '2016-07-12 19:56:30'),
(1187, '2016-07-12 20:07:07'),
(1188, '2016-07-12 20:32:34'),
(1189, '2016-07-12 22:28:22'),
(1190, '2016-07-13 01:22:10'),
(1191, '2016-07-13 01:27:22'),
(1192, '2016-07-13 01:59:43'),
(1193, '2016-07-13 02:35:59'),
(1194, '2016-07-13 03:12:17'),
(1195, '2016-07-13 03:24:40'),
(1196, '2016-07-13 03:42:57'),
(1197, '2016-07-13 05:33:19'),
(1198, '2016-07-13 05:43:55'),
(1199, '2016-07-13 07:37:47'),
(1200, '2016-07-13 07:54:27'),
(1201, '2016-07-13 08:03:28'),
(1202, '2016-07-13 08:03:56'),
(1203, '2016-07-13 08:04:20'),
(1204, '2016-07-13 08:18:15'),
(1205, '2016-07-13 08:18:36'),
(1206, '2016-07-13 08:26:56'),
(1207, '2016-07-13 09:09:58'),
(1208, '2016-07-13 09:55:37'),
(1209, '2016-07-13 11:15:37'),
(1210, '2016-07-13 12:43:11'),
(1211, '2016-07-13 13:53:41'),
(1212, '2016-07-13 14:33:46'),
(1213, '2016-07-13 14:37:34'),
(1214, '2016-07-13 14:42:11'),
(1215, '2016-07-13 14:44:14'),
(1216, '2016-07-13 15:12:53'),
(1217, '2016-07-13 15:24:13'),
(1218, '2016-07-13 15:48:51'),
(1219, '2016-07-13 16:05:33'),
(1220, '2016-07-13 16:15:20'),
(1221, '2016-07-13 16:33:49'),
(1222, '2016-07-13 16:34:23'),
(1223, '2016-07-13 16:37:52'),
(1224, '2016-07-13 16:58:55'),
(1225, '2016-07-13 18:58:34'),
(1226, '2016-07-13 18:58:47'),
(1227, '2016-07-13 20:47:18'),
(1228, '2016-07-13 20:52:26'),
(1229, '2016-07-13 20:54:54'),
(1230, '2016-07-13 21:38:55'),
(1231, '2016-07-13 21:50:50'),
(1232, '2016-07-13 23:27:22'),
(1233, '2016-07-13 23:55:34'),
(1234, '2016-07-14 01:13:15'),
(1235, '2016-07-14 02:20:08'),
(1236, '2016-07-14 03:00:13'),
(1237, '2016-07-14 03:12:17'),
(1238, '2016-07-14 03:40:52'),
(1239, '2016-07-14 03:59:04'),
(1240, '2016-07-14 04:37:52'),
(1241, '2016-07-14 04:37:53'),
(1242, '2016-07-14 04:51:30'),
(1243, '2016-07-14 06:54:59'),
(1244, '2016-07-14 08:25:27'),
(1245, '2016-07-14 10:08:38'),
(1246, '2016-07-14 10:14:03'),
(1247, '2016-07-14 10:30:55'),
(1248, '2016-07-14 12:13:27'),
(1249, '2016-07-14 13:10:58'),
(1250, '2016-07-14 13:13:16'),
(1251, '2016-07-14 13:15:16'),
(1252, '2016-07-14 14:30:21'),
(1253, '2016-07-14 17:50:19'),
(1254, '2016-07-14 18:42:18'),
(1255, '2016-07-14 19:24:01'),
(1256, '2016-07-14 19:40:10'),
(1257, '2016-07-14 21:14:18'),
(1258, '2016-07-14 21:55:56'),
(1259, '2016-07-15 01:13:45'),
(1260, '2016-07-15 02:44:28'),
(1261, '2016-07-15 03:29:58'),
(1262, '2016-07-15 05:57:11'),
(1263, '2016-07-15 06:08:35'),
(1264, '2016-07-15 07:18:47'),
(1265, '2016-07-15 08:42:52'),
(1266, '2016-07-15 09:47:46'),
(1267, '2016-07-15 10:39:39'),
(1268, '2016-07-15 10:51:39'),
(1269, '2016-07-15 10:58:19'),
(1270, '2016-07-15 10:59:35'),
(1271, '2016-07-15 14:00:52'),
(1272, '2016-07-15 14:06:19'),
(1273, '2016-07-15 16:04:44'),
(1274, '2016-07-15 17:09:40'),
(1275, '2016-07-15 17:50:32'),
(1276, '2016-07-15 17:50:41'),
(1277, '2016-07-15 18:06:04'),
(1278, '2016-07-15 19:59:04'),
(1279, '2016-07-15 20:45:10'),
(1280, '2016-07-15 21:04:47'),
(1281, '2016-07-15 21:12:22'),
(1282, '2016-07-15 22:52:51'),
(1283, '2016-07-16 03:13:45'),
(1284, '2016-07-16 03:17:06'),
(1285, '2016-07-16 04:09:24'),
(1286, '2016-07-16 08:27:27'),
(1287, '2016-07-16 08:43:23'),
(1288, '2016-07-16 11:04:30'),
(1289, '2016-07-16 11:45:16'),
(1290, '2016-07-16 12:07:21'),
(1291, '2016-07-16 14:07:03'),
(1292, '2016-07-16 14:27:48'),
(1293, '2016-07-16 14:31:50'),
(1294, '2016-07-16 15:54:02'),
(1295, '2016-07-16 16:23:33'),
(1296, '2016-07-16 18:11:41'),
(1297, '2016-07-16 20:56:02'),
(1298, '2016-07-16 21:40:24'),
(1299, '2016-07-17 03:02:26'),
(1300, '2016-07-17 04:42:27'),
(1301, '2016-07-17 05:17:24'),
(1302, '2016-07-17 05:44:25'),
(1303, '2016-07-17 07:52:37'),
(1304, '2016-07-17 08:36:03'),
(1305, '2016-07-17 09:32:40'),
(1306, '2016-07-17 12:18:08'),
(1307, '2016-07-17 12:42:39'),
(1308, '2016-07-17 13:31:05'),
(1309, '2016-07-17 15:54:22'),
(1310, '2016-07-17 16:00:35'),
(1311, '2016-07-17 16:34:52'),
(1312, '2016-07-17 16:40:10'),
(1313, '2016-07-17 16:42:35'),
(1314, '2016-07-17 16:50:37'),
(1315, '2016-07-17 17:33:46'),
(1316, '2016-07-17 17:37:49'),
(1317, '2016-07-17 19:13:53'),
(1318, '2016-07-17 19:28:52'),
(1319, '2016-07-17 21:04:22'),
(1320, '2016-07-17 21:42:01'),
(1321, '2016-07-17 21:51:01'),
(1322, '2016-07-17 22:15:20'),
(1323, '2016-07-17 23:04:26'),
(1324, '2016-07-17 23:32:19'),
(1325, '2016-07-18 05:51:55'),
(1326, '2016-07-18 06:09:14'),
(1327, '2016-07-18 06:21:53'),
(1328, '2016-07-18 06:43:06'),
(1329, '2016-07-18 07:18:28'),
(1330, '2016-07-18 08:01:03'),
(1331, '2016-07-18 10:43:29'),
(1332, '2016-07-18 10:54:14'),
(1333, '2016-07-18 11:08:19'),
(1334, '2016-07-18 14:41:30'),
(1335, '2016-07-18 15:08:28'),
(1336, '2016-07-18 18:37:14'),
(1337, '2016-07-18 20:27:05'),
(1338, '2016-07-18 22:25:19'),
(1339, '2016-07-19 02:02:17'),
(1340, '2016-07-19 04:27:37'),
(1341, '2016-07-19 04:27:50'),
(1342, '2016-07-19 06:04:47'),
(1343, '2016-07-19 06:04:48'),
(1344, '2016-07-19 06:13:24'),
(1345, '2016-07-19 06:13:25'),
(1346, '2016-07-19 09:17:03'),
(1347, '2016-07-19 12:29:25'),
(1348, '2016-07-19 17:16:24'),
(1349, '2016-07-19 18:06:49'),
(1350, '2016-07-19 18:35:54'),
(1351, '2016-07-19 19:41:18'),
(1352, '2016-07-19 23:38:13'),
(1353, '2016-07-20 00:06:54'),
(1354, '2016-07-20 01:56:27'),
(1355, '2016-07-20 01:58:15'),
(1356, '2016-07-20 04:07:24'),
(1357, '2016-07-20 05:25:56'),
(1358, '2016-07-20 09:16:11'),
(1359, '2016-07-20 09:27:25'),
(1360, '2016-07-20 09:34:15'),
(1361, '2016-07-20 10:21:40'),
(1362, '2016-07-20 15:59:41'),
(1363, '2016-07-20 15:59:47'),
(1364, '2016-07-20 16:34:13'),
(1365, '2016-07-20 16:38:17'),
(1366, '2016-07-20 17:40:12'),
(1367, '2016-07-20 17:40:13'),
(1368, '2016-07-20 18:02:10'),
(1369, '2016-07-20 18:13:21'),
(1370, '2016-07-20 18:41:34'),
(1371, '2016-07-20 18:47:07'),
(1372, '2016-07-20 18:48:03'),
(1373, '2016-07-20 18:48:32'),
(1374, '2016-07-20 18:56:09'),
(1375, '2016-07-20 19:03:30'),
(1376, '2016-07-20 19:04:33'),
(1377, '2016-07-20 19:08:25'),
(1378, '2016-07-20 19:08:36'),
(1379, '2016-07-20 20:27:37'),
(1380, '2016-07-20 20:27:38'),
(1381, '2016-07-20 20:45:18'),
(1382, '2016-07-20 20:45:22'),
(1383, '2016-07-20 21:03:01'),
(1384, '2016-07-20 21:03:01'),
(1385, '2016-07-20 21:16:34'),
(1386, '2016-07-20 21:16:35'),
(1387, '2016-07-20 21:32:08'),
(1388, '2016-07-20 21:32:13'),
(1389, '2016-07-20 21:47:42'),
(1390, '2016-07-20 21:47:43'),
(1391, '2016-07-20 23:24:08'),
(1392, '2016-07-20 23:24:10'),
(1393, '2016-07-21 00:38:07'),
(1394, '2016-07-21 00:38:08'),
(1395, '2016-07-21 00:55:12'),
(1396, '2016-07-21 00:55:13'),
(1397, '2016-07-21 01:23:55'),
(1398, '2016-07-21 01:23:56'),
(1399, '2016-07-21 02:50:26'),
(1400, '2016-07-21 05:02:21'),
(1401, '2016-07-21 05:17:58'),
(1402, '2016-07-21 07:06:33'),
(1403, '2016-07-21 08:43:37'),
(1404, '2016-07-21 09:13:34'),
(1405, '2016-07-21 09:14:23'),
(1406, '2016-07-21 10:02:13'),
(1407, '2016-07-21 10:05:16'),
(1408, '2016-07-21 10:09:33'),
(1409, '2016-07-21 10:11:23'),
(1410, '2016-07-21 10:19:53'),
(1411, '2016-07-21 10:22:37'),
(1412, '2016-07-21 10:22:51'),
(1413, '2016-07-21 10:29:38'),
(1414, '2016-07-21 10:30:03'),
(1415, '2016-07-21 10:32:39'),
(1416, '2016-07-21 10:33:29'),
(1417, '2016-07-21 10:34:18'),
(1418, '2016-07-21 10:35:28'),
(1419, '2016-07-21 10:41:45'),
(1420, '2016-07-21 10:42:37'),
(1421, '2016-07-21 10:46:43'),
(1422, '2016-07-21 10:48:54'),
(1423, '2016-07-21 10:50:11'),
(1424, '2016-07-21 10:52:19'),
(1425, '2016-07-21 10:52:45'),
(1426, '2016-07-21 10:53:54'),
(1427, '2016-07-21 10:55:27'),
(1428, '2016-07-21 11:01:08'),
(1429, '2016-07-21 18:14:13'),
(1430, '2016-07-21 18:15:55'),
(1431, '2016-07-21 18:17:00'),
(1432, '2016-07-21 18:23:19'),
(1433, '2016-07-21 18:25:32'),
(1434, '2016-07-21 18:29:44'),
(1435, '2016-07-21 18:31:17'),
(1436, '2016-07-21 18:56:30'),
(1437, '2016-07-21 19:12:13'),
(1438, '2016-07-21 19:18:28'),
(1439, '2016-07-21 21:39:30'),
(1440, '2016-07-21 22:52:19'),
(1441, '2016-07-22 03:23:47'),
(1442, '2016-07-22 03:50:00'),
(1443, '2016-07-22 03:50:24'),
(1444, '2016-07-22 03:54:53'),
(1445, '2016-07-22 03:55:33'),
(1446, '2016-07-22 03:55:50'),
(1447, '2016-07-22 04:22:02'),
(1448, '2016-07-22 04:22:33'),
(1449, '2016-07-22 06:42:27'),
(1450, '2016-07-22 06:42:29'),
(1451, '2016-07-22 06:50:43'),
(1452, '2016-07-22 06:58:44'),
(1453, '2016-07-22 07:30:57'),
(1454, '2016-07-22 08:32:53'),
(1455, '2016-07-22 10:42:55'),
(1456, '2016-07-22 10:55:55'),
(1457, '2016-07-22 11:19:44'),
(1458, '2016-07-22 11:27:16'),
(1459, '2016-07-22 11:55:57'),
(1460, '2016-07-22 12:00:27'),
(1461, '2016-07-22 12:04:32'),
(1462, '2016-07-22 12:12:03'),
(1463, '2016-07-22 12:14:16'),
(1464, '2016-07-22 12:19:32'),
(1465, '2016-07-22 12:50:52'),
(1466, '2016-07-22 13:14:47'),
(1467, '2016-07-22 13:22:19'),
(1468, '2016-07-22 13:22:49'),
(1469, '2016-07-22 13:38:03'),
(1470, '2016-07-22 13:45:53'),
(1471, '2016-07-22 13:48:57'),
(1472, '2016-07-22 13:52:13'),
(1473, '2016-07-22 14:04:28'),
(1474, '2016-07-22 14:08:38'),
(1475, '2016-07-22 14:21:56'),
(1476, '2016-07-22 14:30:22'),
(1477, '2016-07-22 14:35:13'),
(1478, '2016-07-22 14:36:26'),
(1479, '2016-07-22 14:39:51'),
(1480, '2016-07-22 14:44:08'),
(1481, '2016-07-22 14:44:18'),
(1482, '2016-07-22 14:46:37'),
(1483, '2016-07-22 14:49:13'),
(1484, '2016-07-22 14:53:55'),
(1485, '2016-07-22 15:10:12'),
(1486, '2016-07-22 18:07:02'),
(1487, '2016-07-22 18:31:31'),
(1488, '2016-07-22 18:55:25'),
(1489, '2016-07-22 19:11:26'),
(1490, '2016-07-22 19:17:37'),
(1491, '2016-07-22 19:24:03'),
(1492, '2016-07-22 19:36:23'),
(1493, '2016-07-22 19:52:45'),
(1494, '2016-07-22 20:22:39'),
(1495, '2016-07-22 20:29:01'),
(1496, '2016-07-22 20:57:21'),
(1497, '2016-07-22 20:58:36'),
(1498, '2016-07-22 21:06:38'),
(1499, '2016-07-22 21:15:17'),
(1500, '2016-07-22 21:27:35'),
(1501, '2016-07-22 21:38:37'),
(1502, '2016-07-22 21:49:21'),
(1503, '2016-07-23 00:36:22'),
(1504, '2016-07-23 01:40:09'),
(1505, '2016-07-23 03:29:54'),
(1506, '2016-07-23 04:38:21'),
(1507, '2016-07-23 04:54:39'),
(1508, '2016-07-23 07:16:59'),
(1509, '2016-07-23 08:19:52'),
(1510, '2016-07-23 08:42:08'),
(1511, '2016-07-23 09:59:17'),
(1512, '2016-07-23 12:49:45'),
(1513, '2016-07-23 12:52:07'),
(1514, '2016-07-23 12:53:20'),
(1515, '2016-07-23 12:54:58'),
(1516, '2016-07-23 12:56:08'),
(1517, '2016-07-23 12:57:25'),
(1518, '2016-07-23 12:58:38'),
(1519, '2016-07-23 13:02:27'),
(1520, '2016-07-23 13:03:52'),
(1521, '2016-07-23 13:07:37'),
(1522, '2016-07-23 13:10:10'),
(1523, '2016-07-23 13:11:57'),
(1524, '2016-07-23 13:14:49'),
(1525, '2016-07-23 13:19:21'),
(1526, '2016-07-23 13:22:32'),
(1527, '2016-07-23 13:27:28'),
(1528, '2016-07-23 13:29:54'),
(1529, '2016-07-23 13:32:36'),
(1530, '2016-07-23 13:35:13'),
(1531, '2016-07-23 13:37:51'),
(1532, '2016-07-23 13:40:08'),
(1533, '2016-07-23 13:40:32'),
(1534, '2016-07-23 13:43:42'),
(1535, '2016-07-23 13:45:55'),
(1536, '2016-07-23 13:49:41'),
(1537, '2016-07-23 13:53:46'),
(1538, '2016-07-23 13:56:39'),
(1539, '2016-07-23 13:59:04'),
(1540, '2016-07-23 14:01:47'),
(1541, '2016-07-23 14:04:24'),
(1542, '2016-07-23 14:07:39'),
(1543, '2016-07-23 14:15:04'),
(1544, '2016-07-23 14:18:35'),
(1545, '2016-07-23 14:20:41'),
(1546, '2016-07-23 14:23:02'),
(1547, '2016-07-23 14:25:40'),
(1548, '2016-07-23 14:28:57'),
(1549, '2016-07-23 14:31:10'),
(1550, '2016-07-23 14:33:31'),
(1551, '2016-07-23 14:36:23'),
(1552, '2016-07-23 14:42:09'),
(1553, '2016-07-23 14:44:35'),
(1554, '2016-07-23 14:48:10'),
(1555, '2016-07-23 14:57:23'),
(1556, '2016-07-23 14:58:48'),
(1557, '2016-07-23 15:01:22'),
(1558, '2016-07-23 15:02:41'),
(1559, '2016-07-23 15:08:12'),
(1560, '2016-07-23 15:10:41'),
(1561, '2016-07-23 15:13:54'),
(1562, '2016-07-23 15:15:12'),
(1563, '2016-07-23 15:16:19'),
(1564, '2016-07-23 15:18:37'),
(1565, '2016-07-23 15:21:16'),
(1566, '2016-07-23 15:24:16'),
(1567, '2016-07-23 15:29:18'),
(1568, '2016-07-23 15:32:17'),
(1569, '2016-07-23 15:37:27'),
(1570, '2016-07-23 15:37:38'),
(1571, '2016-07-23 15:39:57'),
(1572, '2016-07-23 15:53:09'),
(1573, '2016-07-23 15:55:59'),
(1574, '2016-07-23 15:59:39'),
(1575, '2016-07-23 16:03:49'),
(1576, '2016-07-23 16:11:36'),
(1577, '2016-07-23 16:17:01'),
(1578, '2016-07-23 16:19:32'),
(1579, '2016-07-23 16:21:39'),
(1580, '2016-07-23 16:22:34'),
(1581, '2016-07-23 16:24:56'),
(1582, '2016-07-23 16:27:37'),
(1583, '2016-07-23 16:30:14'),
(1584, '2016-07-23 16:32:45'),
(1585, '2016-07-23 16:33:13'),
(1586, '2016-07-23 16:35:45'),
(1587, '2016-07-23 16:38:10'),
(1588, '2016-07-23 16:40:46'),
(1589, '2016-07-23 16:46:59'),
(1590, '2016-07-23 16:48:46'),
(1591, '2016-07-23 16:51:44'),
(1592, '2016-07-23 16:52:29'),
(1593, '2016-07-23 16:59:22'),
(1594, '2016-07-23 17:01:54'),
(1595, '2016-07-23 17:04:44'),
(1596, '2016-07-23 17:07:34'),
(1597, '2016-07-23 17:09:41'),
(1598, '2016-07-23 17:09:59'),
(1599, '2016-07-23 17:12:33'),
(1600, '2016-07-23 17:15:21'),
(1601, '2016-07-23 17:17:56'),
(1602, '2016-07-23 17:20:43'),
(1603, '2016-07-23 17:23:21'),
(1604, '2016-07-23 17:25:49'),
(1605, '2016-07-23 17:28:26'),
(1606, '2016-07-23 17:32:33'),
(1607, '2016-07-23 17:33:45'),
(1608, '2016-07-23 17:36:21'),
(1609, '2016-07-23 17:39:03'),
(1610, '2016-07-23 17:41:44'),
(1611, '2016-07-23 17:43:42'),
(1612, '2016-07-23 17:44:32'),
(1613, '2016-07-23 17:47:15'),
(1614, '2016-07-23 17:49:49'),
(1615, '2016-07-23 17:52:24'),
(1616, '2016-07-23 17:55:04'),
(1617, '2016-07-23 17:57:35'),
(1618, '2016-07-23 18:00:11'),
(1619, '2016-07-23 18:03:10'),
(1620, '2016-07-23 18:05:39'),
(1621, '2016-07-23 18:08:11'),
(1622, '2016-07-23 18:11:04'),
(1623, '2016-07-23 18:13:33'),
(1624, '2016-07-23 18:16:21'),
(1625, '2016-07-23 18:18:45'),
(1626, '2016-07-23 18:21:32'),
(1627, '2016-07-23 18:25:55'),
(1628, '2016-07-23 18:30:21'),
(1629, '2016-07-23 19:39:55'),
(1630, '2016-07-23 19:40:04'),
(1631, '2016-07-23 19:42:08'),
(1632, '2016-07-23 19:43:50'),
(1633, '2016-07-23 19:46:05'),
(1634, '2016-07-23 19:48:56'),
(1635, '2016-07-23 19:49:12'),
(1636, '2016-07-23 19:53:32'),
(1637, '2016-07-23 19:54:02'),
(1638, '2016-07-23 19:55:57'),
(1639, '2016-07-23 19:57:15'),
(1640, '2016-07-23 20:00:38'),
(1641, '2016-07-23 20:01:40'),
(1642, '2016-07-23 20:02:30'),
(1643, '2016-07-23 20:03:42'),
(1644, '2016-07-23 20:08:37'),
(1645, '2016-07-23 20:10:07'),
(1646, '2016-07-23 20:13:22'),
(1647, '2016-07-23 20:15:17'),
(1648, '2016-07-23 20:16:42'),
(1649, '2016-07-23 20:18:24'),
(1650, '2016-07-23 20:20:02'),
(1651, '2016-07-23 20:20:39'),
(1652, '2016-07-23 20:21:37'),
(1653, '2016-07-23 20:23:11'),
(1654, '2016-07-23 20:25:06'),
(1655, '2016-07-23 20:28:07'),
(1656, '2016-07-23 20:30:12'),
(1657, '2016-07-23 20:32:05'),
(1658, '2016-07-23 20:32:49'),
(1659, '2016-07-23 20:33:07'),
(1660, '2016-07-23 20:33:14'),
(1661, '2016-07-23 20:34:29'),
(1662, '2016-07-23 20:41:09'),
(1663, '2016-07-23 20:45:57'),
(1664, '2016-07-23 20:47:22'),
(1665, '2016-07-23 20:50:09'),
(1666, '2016-07-23 20:52:22'),
(1667, '2016-07-23 20:53:53'),
(1668, '2016-07-23 20:55:59'),
(1669, '2016-07-23 20:57:06'),
(1670, '2016-07-23 20:58:40'),
(1671, '2016-07-23 21:00:19'),
(1672, '2016-07-23 21:03:42'),
(1673, '2016-07-23 21:05:18'),
(1674, '2016-07-23 21:06:46'),
(1675, '2016-07-23 21:08:28'),
(1676, '2016-07-23 21:10:32'),
(1677, '2016-07-23 21:11:44'),
(1678, '2016-07-23 21:13:14'),
(1679, '2016-07-23 21:15:05'),
(1680, '2016-07-23 21:16:43'),
(1681, '2016-07-23 21:18:30'),
(1682, '2016-07-23 21:19:46'),
(1683, '2016-07-23 21:21:52'),
(1684, '2016-07-23 21:23:29'),
(1685, '2016-07-23 21:24:35'),
(1686, '2016-07-23 21:26:16'),
(1687, '2016-07-23 21:28:34'),
(1688, '2016-07-23 21:29:34'),
(1689, '2016-07-23 21:31:05'),
(1690, '2016-07-23 21:34:06'),
(1691, '2016-07-23 21:36:07'),
(1692, '2016-07-23 21:37:48'),
(1693, '2016-07-23 21:39:58'),
(1694, '2016-07-23 21:40:41'),
(1695, '2016-07-23 21:41:22'),
(1696, '2016-07-23 21:42:20'),
(1697, '2016-07-23 21:44:04'),
(1698, '2016-07-23 21:45:43'),
(1699, '2016-07-23 21:49:20'),
(1700, '2016-07-23 21:50:59'),
(1701, '2016-07-23 21:52:01'),
(1702, '2016-07-23 21:54:28'),
(1703, '2016-07-23 21:56:57'),
(1704, '2016-07-23 21:58:26'),
(1705, '2016-07-23 22:00:30'),
(1706, '2016-07-23 22:01:45'),
(1707, '2016-07-23 22:05:07'),
(1708, '2016-07-23 22:06:36'),
(1709, '2016-07-23 22:06:40'),
(1710, '2016-07-23 22:10:46'),
(1711, '2016-07-23 22:14:03'),
(1712, '2016-07-23 22:14:35'),
(1713, '2016-07-23 22:15:27'),
(1714, '2016-07-23 22:16:39'),
(1715, '2016-07-23 22:17:56'),
(1716, '2016-07-23 22:21:16'),
(1717, '2016-07-23 22:23:05'),
(1718, '2016-07-23 22:23:58'),
(1719, '2016-07-23 22:24:31'),
(1720, '2016-07-23 22:25:56'),
(1721, '2016-07-23 22:29:15'),
(1722, '2016-07-23 22:30:52'),
(1723, '2016-07-23 22:32:33'),
(1724, '2016-07-23 22:34:15'),
(1725, '2016-07-23 22:35:43'),
(1726, '2016-07-23 22:38:54'),
(1727, '2016-07-23 22:40:39'),
(1728, '2016-07-23 22:42:15'),
(1729, '2016-07-23 22:43:46'),
(1730, '2016-07-23 22:45:26'),
(1731, '2016-07-23 22:45:29'),
(1732, '2016-07-23 22:46:07'),
(1733, '2016-07-23 22:47:05'),
(1734, '2016-07-23 22:48:36'),
(1735, '2016-07-23 22:51:19'),
(1736, '2016-07-23 22:53:47'),
(1737, '2016-07-23 22:56:43'),
(1738, '2016-07-23 22:58:17'),
(1739, '2016-07-23 22:59:59'),
(1740, '2016-07-23 23:00:20'),
(1741, '2016-07-23 23:02:50'),
(1742, '2016-07-23 23:04:29'),
(1743, '2016-07-23 23:04:58'),
(1744, '2016-07-23 23:06:27'),
(1745, '2016-07-23 23:08:20'),
(1746, '2016-07-23 23:09:38'),
(1747, '2016-07-23 23:11:25'),
(1748, '2016-07-23 23:11:54'),
(1749, '2016-07-23 23:14:31'),
(1750, '2016-07-23 23:17:54'),
(1751, '2016-07-23 23:19:28'),
(1752, '2016-07-23 23:21:08'),
(1753, '2016-07-23 23:22:35'),
(1754, '2016-07-23 23:24:13'),
(1755, '2016-07-23 23:26:05'),
(1756, '2016-07-23 23:27:31'),
(1757, '2016-07-23 23:29:16'),
(1758, '2016-07-23 23:30:39'),
(1759, '2016-07-23 23:34:29'),
(1760, '2016-07-23 23:34:36');
INSERT INTO `site_visits` (`record_id`, `time_stamp`) VALUES
(1761, '2016-07-23 23:35:32'),
(1762, '2016-07-23 23:37:10'),
(1763, '2016-07-23 23:38:46'),
(1764, '2016-07-23 23:40:21'),
(1765, '2016-07-23 23:43:36'),
(1766, '2016-07-23 23:45:13'),
(1767, '2016-07-23 23:46:53'),
(1768, '2016-07-23 23:50:05'),
(1769, '2016-07-23 23:52:05'),
(1770, '2016-07-23 23:53:42'),
(1771, '2016-07-23 23:54:53'),
(1772, '2016-07-23 23:57:02'),
(1773, '2016-07-23 23:58:09'),
(1774, '2016-07-24 00:00:00'),
(1775, '2016-07-24 00:01:26'),
(1776, '2016-07-24 00:03:17'),
(1777, '2016-07-24 00:04:48'),
(1778, '2016-07-24 00:06:15'),
(1779, '2016-07-24 00:07:47'),
(1780, '2016-07-24 00:09:33'),
(1781, '2016-07-24 00:11:10'),
(1782, '2016-07-24 00:13:22'),
(1783, '2016-07-24 00:14:18'),
(1784, '2016-07-24 00:15:53'),
(1785, '2016-07-24 00:17:37'),
(1786, '2016-07-24 00:20:42'),
(1787, '2016-07-24 00:28:05'),
(1788, '2016-07-24 00:32:28'),
(1789, '2016-07-24 00:39:02'),
(1790, '2016-07-24 00:40:33'),
(1791, '2016-07-24 00:41:48'),
(1792, '2016-07-24 00:43:24'),
(1793, '2016-07-24 00:45:05'),
(1794, '2016-07-24 00:46:35'),
(1795, '2016-07-24 00:49:57'),
(1796, '2016-07-24 00:51:06'),
(1797, '2016-07-24 00:51:27'),
(1798, '2016-07-24 00:58:04'),
(1799, '2016-07-24 00:59:29'),
(1800, '2016-07-24 01:01:10'),
(1801, '2016-07-24 01:02:50'),
(1802, '2016-07-24 01:04:42'),
(1803, '2016-07-24 01:05:59'),
(1804, '2016-07-24 01:10:41'),
(1805, '2016-07-24 01:10:49'),
(1806, '2016-07-24 01:13:30'),
(1807, '2016-07-24 01:14:09'),
(1808, '2016-07-24 01:16:15'),
(1809, '2016-07-24 01:20:12'),
(1810, '2016-07-24 01:20:37'),
(1811, '2016-07-24 01:22:27'),
(1812, '2016-07-24 01:23:49'),
(1813, '2016-07-24 01:25:35'),
(1814, '2016-07-24 01:28:47'),
(1815, '2016-07-24 01:30:16'),
(1816, '2016-07-24 01:31:54'),
(1817, '2016-07-24 01:35:10'),
(1818, '2016-07-24 01:36:45'),
(1819, '2016-07-24 01:38:24'),
(1820, '2016-07-24 01:41:39'),
(1821, '2016-07-24 01:41:40'),
(1822, '2016-07-24 01:44:50'),
(1823, '2016-07-24 01:46:25'),
(1824, '2016-07-24 01:48:03'),
(1825, '2016-07-24 01:51:22'),
(1826, '2016-07-24 01:53:07'),
(1827, '2016-07-24 01:53:11'),
(1828, '2016-07-24 01:54:32'),
(1829, '2016-07-24 01:56:16'),
(1830, '2016-07-24 01:57:48'),
(1831, '2016-07-24 01:59:39'),
(1832, '2016-07-24 01:59:42'),
(1833, '2016-07-24 02:00:59'),
(1834, '2016-07-24 02:02:46'),
(1835, '2016-07-24 02:04:12'),
(1836, '2016-07-24 02:05:49'),
(1837, '2016-07-24 02:07:28'),
(1838, '2016-07-24 02:09:17'),
(1839, '2016-07-24 02:10:42'),
(1840, '2016-07-24 02:14:18'),
(1841, '2016-07-24 02:15:46'),
(1842, '2016-07-24 02:17:13'),
(1843, '2016-07-24 02:19:17'),
(1844, '2016-07-24 02:21:26'),
(1845, '2016-07-24 02:22:16'),
(1846, '2016-07-24 02:23:50'),
(1847, '2016-07-24 02:25:18'),
(1848, '2016-07-24 02:28:33'),
(1849, '2016-07-24 02:30:08'),
(1850, '2016-07-24 02:31:44'),
(1851, '2016-07-24 02:36:48'),
(1852, '2016-07-24 02:39:49'),
(1853, '2016-07-24 02:45:03'),
(1854, '2016-07-24 02:47:54'),
(1855, '2016-07-24 02:49:35'),
(1856, '2016-07-24 02:51:09'),
(1857, '2016-07-24 02:54:00'),
(1858, '2016-07-24 02:54:20'),
(1859, '2016-07-24 02:56:30'),
(1860, '2016-07-24 02:57:33'),
(1861, '2016-07-24 02:59:26'),
(1862, '2016-07-24 03:01:12'),
(1863, '2016-07-24 03:02:30'),
(1864, '2016-07-24 03:05:42'),
(1865, '2016-07-24 03:07:47'),
(1866, '2016-07-24 03:08:58'),
(1867, '2016-07-24 03:10:35'),
(1868, '2016-07-24 03:12:32'),
(1869, '2016-07-24 03:14:18'),
(1870, '2016-07-24 03:18:21'),
(1871, '2016-07-24 03:20:43'),
(1872, '2016-07-24 03:21:23'),
(1873, '2016-07-24 03:21:57'),
(1874, '2016-07-24 03:36:53'),
(1875, '2016-07-24 03:38:10'),
(1876, '2016-07-24 03:39:02'),
(1877, '2016-07-24 03:39:20'),
(1878, '2016-07-24 03:39:47'),
(1879, '2016-07-24 03:41:24'),
(1880, '2016-07-24 03:44:38'),
(1881, '2016-07-24 03:46:17'),
(1882, '2016-07-24 03:51:26'),
(1883, '2016-07-24 03:52:42'),
(1884, '2016-07-24 03:54:29'),
(1885, '2016-07-24 03:56:06'),
(1886, '2016-07-24 03:57:57'),
(1887, '2016-07-24 03:59:32'),
(1888, '2016-07-24 04:00:51'),
(1889, '2016-07-24 04:02:29'),
(1890, '2016-07-24 04:04:11'),
(1891, '2016-07-24 04:05:46'),
(1892, '2016-07-24 04:07:25'),
(1893, '2016-07-24 04:09:04'),
(1894, '2016-07-24 04:10:41'),
(1895, '2016-07-24 04:15:45'),
(1896, '2016-07-24 04:20:36'),
(1897, '2016-07-24 04:22:17'),
(1898, '2016-07-24 04:23:41'),
(1899, '2016-07-24 04:27:08'),
(1900, '2016-07-24 04:28:27'),
(1901, '2016-07-24 04:30:21'),
(1902, '2016-07-24 04:31:40'),
(1903, '2016-07-24 04:33:35'),
(1904, '2016-07-24 04:36:33'),
(1905, '2016-07-24 04:39:46'),
(1906, '2016-07-24 04:41:20'),
(1907, '2016-07-24 04:44:00'),
(1908, '2016-07-24 04:44:35'),
(1909, '2016-07-24 04:47:01'),
(1910, '2016-07-24 04:48:15'),
(1911, '2016-07-24 04:49:32'),
(1912, '2016-07-24 04:51:09'),
(1913, '2016-07-24 04:54:19'),
(1914, '2016-07-24 04:56:06'),
(1915, '2016-07-24 04:57:46'),
(1916, '2016-07-24 04:59:41'),
(1917, '2016-07-24 05:04:06'),
(1918, '2016-07-24 05:04:30'),
(1919, '2016-07-24 05:07:42'),
(1920, '2016-07-24 05:09:29'),
(1921, '2016-07-24 05:11:51'),
(1922, '2016-07-24 05:13:37'),
(1923, '2016-07-24 05:13:43'),
(1924, '2016-07-24 05:16:56'),
(1925, '2016-07-24 05:20:39'),
(1926, '2016-07-24 05:22:06'),
(1927, '2016-07-24 05:23:12'),
(1928, '2016-07-24 05:27:08'),
(1929, '2016-07-24 05:29:27'),
(1930, '2016-07-24 05:31:43'),
(1931, '2016-07-24 05:35:59'),
(1932, '2016-07-24 05:36:10'),
(1933, '2016-07-24 05:37:30'),
(1934, '2016-07-24 05:39:28'),
(1935, '2016-07-24 05:39:30'),
(1936, '2016-07-24 05:45:33'),
(1937, '2016-07-24 05:49:04'),
(1938, '2016-07-24 05:53:10'),
(1939, '2016-07-24 05:54:29'),
(1940, '2016-07-24 05:55:26'),
(1941, '2016-07-24 05:55:28'),
(1942, '2016-07-24 05:56:22'),
(1943, '2016-07-24 05:56:30'),
(1944, '2016-07-24 06:03:03'),
(1945, '2016-07-24 06:04:52'),
(1946, '2016-07-24 06:05:05'),
(1947, '2016-07-24 06:05:18'),
(1948, '2016-07-24 06:06:13'),
(1949, '2016-07-24 06:07:17'),
(1950, '2016-07-24 06:10:28'),
(1951, '2016-07-24 06:11:11'),
(1952, '2016-07-24 06:13:32'),
(1953, '2016-07-24 06:20:51'),
(1954, '2016-07-24 06:23:34'),
(1955, '2016-07-24 06:24:25'),
(1956, '2016-07-24 06:27:55'),
(1957, '2016-07-24 06:28:30'),
(1958, '2016-07-24 06:31:32'),
(1959, '2016-07-24 06:33:07'),
(1960, '2016-07-24 06:34:18'),
(1961, '2016-07-24 06:35:23'),
(1962, '2016-07-24 06:36:02'),
(1963, '2016-07-24 06:39:50'),
(1964, '2016-07-24 06:42:09'),
(1965, '2016-07-24 06:42:15'),
(1966, '2016-07-24 06:45:31'),
(1967, '2016-07-24 06:51:01'),
(1968, '2016-07-24 06:56:06'),
(1969, '2016-07-24 06:56:28'),
(1970, '2016-07-24 07:01:57'),
(1971, '2016-07-24 07:03:06'),
(1972, '2016-07-24 07:04:38'),
(1973, '2016-07-24 07:08:40'),
(1974, '2016-07-24 07:09:28'),
(1975, '2016-07-24 07:12:49'),
(1976, '2016-07-24 07:13:59'),
(1977, '2016-07-24 07:21:58'),
(1978, '2016-07-24 07:23:21'),
(1979, '2016-07-24 07:23:30'),
(1980, '2016-07-24 07:23:51'),
(1981, '2016-07-24 07:26:56'),
(1982, '2016-07-24 07:28:10'),
(1983, '2016-07-24 07:29:11'),
(1984, '2016-07-24 07:30:51'),
(1985, '2016-07-24 07:31:11'),
(1986, '2016-07-24 07:37:18'),
(1987, '2016-07-24 07:37:48'),
(1988, '2016-07-24 07:37:54'),
(1989, '2016-07-24 07:40:42'),
(1990, '2016-07-24 07:43:51'),
(1991, '2016-07-24 07:46:43'),
(1992, '2016-07-24 07:50:32'),
(1993, '2016-07-24 07:53:26'),
(1994, '2016-07-24 08:03:06'),
(1995, '2016-07-24 08:06:16'),
(1996, '2016-07-24 08:06:54'),
(1997, '2016-07-24 08:08:05'),
(1998, '2016-07-24 08:12:25'),
(1999, '2016-07-24 08:17:00'),
(2000, '2016-07-24 08:18:34'),
(2001, '2016-07-24 08:18:57'),
(2002, '2016-07-24 08:20:46'),
(2003, '2016-07-24 08:24:01'),
(2004, '2016-07-24 08:26:51'),
(2005, '2016-07-24 08:28:51'),
(2006, '2016-07-24 08:29:18'),
(2007, '2016-07-24 08:30:52'),
(2008, '2016-07-24 08:31:32'),
(2009, '2016-07-24 08:31:58'),
(2010, '2016-07-24 08:32:49'),
(2011, '2016-07-24 08:33:23'),
(2012, '2016-07-24 08:33:57'),
(2013, '2016-07-24 08:34:02'),
(2014, '2016-07-24 08:34:22'),
(2015, '2016-07-24 08:35:22'),
(2016, '2016-07-24 08:35:49'),
(2017, '2016-07-24 08:36:58'),
(2018, '2016-07-24 08:37:13'),
(2019, '2016-07-24 08:42:09'),
(2020, '2016-07-24 08:43:24'),
(2021, '2016-07-24 08:44:14'),
(2022, '2016-07-24 08:46:22'),
(2023, '2016-07-24 08:47:16'),
(2024, '2016-07-24 08:47:54'),
(2025, '2016-07-24 08:48:47'),
(2026, '2016-07-24 08:50:29'),
(2027, '2016-07-24 08:52:35'),
(2028, '2016-07-24 08:53:19'),
(2029, '2016-07-24 08:53:57'),
(2030, '2016-07-24 08:55:01'),
(2031, '2016-07-24 08:55:11'),
(2032, '2016-07-24 08:55:45'),
(2033, '2016-07-24 08:56:05'),
(2034, '2016-07-24 08:58:27'),
(2035, '2016-07-24 09:00:38'),
(2036, '2016-07-24 09:01:35'),
(2037, '2016-07-24 09:02:46'),
(2038, '2016-07-24 09:05:40'),
(2039, '2016-07-24 09:06:12'),
(2040, '2016-07-24 09:08:50'),
(2041, '2016-07-24 09:09:53'),
(2042, '2016-07-24 09:11:55'),
(2043, '2016-07-24 09:13:51'),
(2044, '2016-07-24 09:17:42'),
(2045, '2016-07-24 09:22:43'),
(2046, '2016-07-24 09:23:19'),
(2047, '2016-07-24 09:30:00'),
(2048, '2016-07-24 09:32:38'),
(2049, '2016-07-24 09:33:46'),
(2050, '2016-07-24 09:37:08'),
(2051, '2016-07-24 09:38:21'),
(2052, '2016-07-24 09:40:04'),
(2053, '2016-07-24 09:42:57'),
(2054, '2016-07-24 09:44:03'),
(2055, '2016-07-24 09:44:38'),
(2056, '2016-07-24 09:45:14'),
(2057, '2016-07-24 09:45:51'),
(2058, '2016-07-24 09:46:41'),
(2059, '2016-07-24 09:47:21'),
(2060, '2016-07-24 09:47:44'),
(2061, '2016-07-24 09:52:08'),
(2062, '2016-07-24 09:52:52'),
(2063, '2016-07-24 09:53:09'),
(2064, '2016-07-24 09:55:11'),
(2065, '2016-07-24 09:57:41'),
(2066, '2016-07-24 09:58:39'),
(2067, '2016-07-24 09:59:12'),
(2068, '2016-07-24 09:59:50'),
(2069, '2016-07-24 09:59:52'),
(2070, '2016-07-24 10:00:41'),
(2071, '2016-07-24 10:03:12'),
(2072, '2016-07-24 10:03:47'),
(2073, '2016-07-24 10:09:05'),
(2074, '2016-07-24 10:09:23'),
(2075, '2016-07-24 10:12:42'),
(2076, '2016-07-24 10:16:26'),
(2077, '2016-07-24 10:17:54'),
(2078, '2016-07-24 10:18:27'),
(2079, '2016-07-24 10:18:55'),
(2080, '2016-07-24 10:19:31'),
(2081, '2016-07-24 10:19:47'),
(2082, '2016-07-24 10:19:55'),
(2083, '2016-07-24 10:20:33'),
(2084, '2016-07-24 10:20:39'),
(2085, '2016-07-24 10:21:45'),
(2086, '2016-07-24 10:22:29'),
(2087, '2016-07-24 10:25:29'),
(2088, '2016-07-24 10:27:02'),
(2089, '2016-07-24 10:27:04'),
(2090, '2016-07-24 10:28:17'),
(2091, '2016-07-24 10:29:04'),
(2092, '2016-07-24 10:31:03'),
(2093, '2016-07-24 10:31:53'),
(2094, '2016-07-24 10:34:29'),
(2095, '2016-07-24 10:36:11'),
(2096, '2016-07-24 10:36:30'),
(2097, '2016-07-24 10:36:35'),
(2098, '2016-07-24 10:37:13'),
(2099, '2016-07-24 10:38:42'),
(2100, '2016-07-24 10:40:20'),
(2101, '2016-07-24 10:41:27'),
(2102, '2016-07-24 10:41:38'),
(2103, '2016-07-24 10:43:22'),
(2104, '2016-07-24 10:45:42'),
(2105, '2016-07-24 10:46:15'),
(2106, '2016-07-24 10:47:32'),
(2107, '2016-07-24 10:50:20'),
(2108, '2016-07-24 11:03:19'),
(2109, '2016-07-24 11:11:00'),
(2110, '2016-07-24 11:15:45'),
(2111, '2016-07-24 11:32:33'),
(2112, '2016-07-24 11:39:52'),
(2113, '2016-07-24 11:52:15'),
(2114, '2016-07-24 12:00:37'),
(2115, '2016-07-24 12:10:20'),
(2116, '2016-07-24 12:16:45'),
(2117, '2016-07-24 12:31:31'),
(2118, '2016-07-24 14:10:06'),
(2119, '2016-07-24 17:16:42'),
(2120, '2016-07-24 19:59:09'),
(2121, '2016-07-24 22:11:14'),
(2122, '2016-07-24 22:22:39'),
(2123, '2016-07-24 23:45:37'),
(2124, '2016-07-25 00:58:27'),
(2125, '2016-07-25 01:24:49'),
(2126, '2016-07-25 03:11:55'),
(2127, '2016-07-25 06:13:58'),
(2128, '2016-07-25 06:14:03'),
(2129, '2016-07-25 06:27:12'),
(2130, '2016-07-25 06:32:34'),
(2131, '2016-07-25 07:44:55'),
(2132, '2016-07-25 08:54:52'),
(2133, '2016-07-25 09:10:31'),
(2134, '2016-07-25 14:11:05'),
(2135, '2016-07-25 15:17:06'),
(2136, '2016-07-25 18:35:56'),
(2137, '2016-07-25 19:42:36'),
(2138, '2016-07-25 20:35:39'),
(2139, '2016-07-25 20:51:01'),
(2140, '2016-07-25 22:11:17'),
(2141, '2016-07-25 23:21:05'),
(2142, '2016-07-26 00:38:30'),
(2143, '2016-07-26 02:54:45'),
(2144, '2016-07-26 07:47:21'),
(2145, '2016-07-26 13:43:54'),
(2146, '2016-07-26 17:59:07'),
(2147, '2016-07-26 17:59:27'),
(2148, '2016-07-27 04:18:04'),
(2149, '2016-07-27 05:43:03'),
(2150, '2016-07-27 06:14:42'),
(2151, '2016-07-27 10:36:36'),
(2152, '2016-07-27 12:08:04'),
(2153, '2016-07-27 12:34:56'),
(2154, '2016-07-27 17:44:19'),
(2155, '2016-07-27 19:27:38'),
(2156, '2016-07-27 19:45:57'),
(2157, '2016-07-27 20:54:51'),
(2158, '2016-07-28 00:03:10'),
(2159, '2016-07-28 00:46:02'),
(2160, '2016-07-28 04:17:10'),
(2161, '2016-07-28 05:07:47'),
(2162, '2016-07-28 06:10:20'),
(2163, '2016-07-28 06:20:50'),
(2164, '2016-07-28 06:40:03'),
(2165, '2016-07-29 22:03:21'),
(2166, '2016-07-30 01:03:37'),
(2167, '2016-07-30 03:46:16'),
(2168, '2016-07-30 04:44:51'),
(2169, '2016-07-30 09:45:26'),
(2170, '2016-07-30 13:31:31'),
(2171, '2016-07-30 13:47:53'),
(2172, '2016-07-30 14:20:56'),
(2173, '2016-07-30 14:56:54'),
(2174, '2016-07-30 16:39:27'),
(2175, '2016-07-30 17:02:49'),
(2176, '2016-07-30 17:02:50'),
(2177, '2016-07-30 18:30:32'),
(2178, '2016-07-30 18:56:46'),
(2179, '2016-07-30 19:38:52'),
(2180, '2016-07-30 21:20:59'),
(2181, '2016-07-30 21:40:05'),
(2182, '2016-07-30 21:41:18'),
(2183, '2016-07-30 22:03:05'),
(2184, '2016-07-30 22:13:16'),
(2185, '2016-07-31 00:31:31'),
(2186, '2016-07-31 00:57:10'),
(2187, '2016-07-31 01:48:35'),
(2188, '2016-07-31 02:22:22'),
(2189, '2016-07-31 04:05:22'),
(2190, '2016-07-31 04:23:06'),
(2191, '2016-07-31 05:19:58'),
(2192, '2016-07-31 06:07:26'),
(2193, '2016-07-31 06:27:32'),
(2194, '2016-07-31 06:50:33'),
(2195, '2016-07-31 08:17:41'),
(2196, '2016-07-31 08:26:42'),
(2197, '2016-07-31 09:36:41'),
(2198, '2016-07-31 09:36:42'),
(2199, '2016-07-31 10:13:15'),
(2200, '2016-07-31 10:39:46'),
(2201, '2016-07-31 11:22:40'),
(2202, '2016-07-31 11:53:11'),
(2203, '2016-07-31 13:29:00'),
(2204, '2016-07-31 14:09:21'),
(2205, '2016-07-31 15:16:36'),
(2206, '2016-07-31 15:50:32'),
(2207, '2016-07-31 15:56:32'),
(2208, '2016-07-31 18:46:55'),
(2209, '2016-07-31 18:51:13'),
(2210, '2016-07-31 18:51:30'),
(2211, '2016-07-31 18:51:46'),
(2212, '2016-07-31 18:53:25'),
(2213, '2016-07-31 20:13:02'),
(2214, '2016-07-31 20:13:04'),
(2215, '2016-07-31 21:11:46'),
(2216, '2016-07-31 22:24:57'),
(2217, '2016-07-31 23:25:40'),
(2218, '2016-08-01 00:06:04'),
(2219, '2016-08-01 00:29:35'),
(2220, '2016-08-01 01:51:11'),
(2221, '2016-08-01 02:44:43'),
(2222, '2016-08-01 02:45:10'),
(2223, '2016-08-01 04:48:01'),
(2224, '2016-08-01 05:30:37'),
(2225, '2016-08-01 06:28:05'),
(2226, '2016-08-01 06:58:43'),
(2227, '2016-08-01 08:49:55'),
(2228, '2016-08-01 09:21:21'),
(2229, '2016-08-01 10:26:25'),
(2230, '2016-08-01 12:27:29'),
(2231, '2016-08-01 13:53:45'),
(2232, '2016-08-01 16:57:48'),
(2233, '2016-08-01 20:34:57'),
(2234, '2016-08-01 22:16:00'),
(2235, '2016-08-01 22:35:57'),
(2236, '2016-08-01 22:37:24'),
(2237, '2016-08-01 22:37:25'),
(2238, '2016-08-01 22:43:10'),
(2239, '2016-08-02 03:02:04'),
(2240, '2016-08-02 05:03:15'),
(2241, '2016-08-02 05:20:01'),
(2242, '2016-08-02 06:26:09'),
(2243, '2016-08-02 06:48:29'),
(2244, '2016-08-02 06:48:30'),
(2245, '2016-08-02 07:39:47'),
(2246, '2016-08-02 08:02:53'),
(2247, '2016-08-02 10:44:47'),
(2248, '2016-08-02 11:32:04'),
(2249, '2016-08-02 11:55:57'),
(2250, '2016-08-02 12:48:39'),
(2251, '2016-08-02 12:59:48'),
(2252, '2016-08-02 14:12:01'),
(2253, '2016-08-02 14:18:30'),
(2254, '2016-08-02 14:36:22'),
(2255, '2016-08-02 14:46:55'),
(2256, '2016-08-02 15:15:51'),
(2257, '2016-08-02 16:01:40'),
(2258, '2016-08-02 16:09:29'),
(2259, '2016-08-02 17:11:15'),
(2260, '2016-08-02 17:21:38'),
(2261, '2016-08-02 17:58:52'),
(2262, '2016-08-02 18:27:34'),
(2263, '2016-08-02 19:13:22'),
(2264, '2016-08-02 20:00:39'),
(2265, '2016-08-02 20:04:40'),
(2266, '2016-08-02 20:49:49'),
(2267, '2016-08-02 22:16:39'),
(2268, '2016-08-02 22:50:57'),
(2269, '2016-08-02 23:02:50'),
(2270, '2016-08-03 00:08:51'),
(2271, '2016-08-03 01:01:28'),
(2272, '2016-08-03 01:02:23'),
(2273, '2016-08-03 01:23:53'),
(2274, '2016-08-03 01:26:03'),
(2275, '2016-08-03 02:26:08'),
(2276, '2016-08-03 02:48:44'),
(2277, '2016-08-03 03:07:52'),
(2278, '2016-08-03 03:19:31'),
(2279, '2016-08-03 03:19:35'),
(2280, '2016-08-03 04:27:54'),
(2281, '2016-08-03 06:50:38'),
(2282, '2016-08-03 07:24:40'),
(2283, '2016-08-03 07:59:13'),
(2284, '2016-08-03 08:24:42'),
(2285, '2016-08-03 09:18:04'),
(2286, '2016-08-03 09:46:47'),
(2287, '2016-08-03 09:51:12'),
(2288, '2016-08-03 10:38:47'),
(2289, '2016-08-03 10:55:27'),
(2290, '2016-08-03 11:45:41'),
(2291, '2016-08-03 11:47:19'),
(2292, '2016-08-03 12:35:33'),
(2293, '2016-08-03 13:01:49'),
(2294, '2016-08-03 13:57:06'),
(2295, '2016-08-03 13:59:42'),
(2296, '2016-08-03 15:17:16'),
(2297, '2016-08-03 15:57:33'),
(2298, '2016-08-03 15:59:25'),
(2299, '2016-08-03 17:05:29'),
(2300, '2016-08-03 17:35:01'),
(2301, '2016-08-03 18:04:18'),
(2302, '2016-08-03 18:48:08'),
(2303, '2016-08-03 19:07:27'),
(2304, '2016-08-03 20:05:28'),
(2305, '2016-08-03 20:14:06'),
(2306, '2016-08-03 20:54:51'),
(2307, '2016-08-03 21:10:16'),
(2308, '2016-08-03 22:39:49'),
(2309, '2016-08-04 00:54:21'),
(2310, '2016-08-04 01:44:27'),
(2311, '2016-08-04 02:27:19'),
(2312, '2016-08-04 03:19:05'),
(2313, '2016-08-04 03:25:47'),
(2314, '2016-08-04 03:40:12'),
(2315, '2016-08-04 04:39:04'),
(2316, '2016-08-04 07:05:30'),
(2317, '2016-08-04 07:27:09'),
(2318, '2016-08-04 07:42:50'),
(2319, '2016-08-04 07:49:31'),
(2320, '2016-08-04 08:07:48'),
(2321, '2016-08-04 08:10:56'),
(2322, '2016-08-04 08:57:42'),
(2323, '2016-08-04 09:16:54'),
(2324, '2016-08-04 09:44:48'),
(2325, '2016-08-04 10:01:09'),
(2326, '2016-08-04 10:28:53'),
(2327, '2016-08-04 11:07:58'),
(2328, '2016-08-04 11:48:50'),
(2329, '2016-08-04 13:24:50'),
(2330, '2016-08-04 13:50:00'),
(2331, '2016-08-04 14:31:29'),
(2332, '2016-08-04 15:44:03'),
(2333, '2016-08-04 16:49:53'),
(2334, '2016-08-04 18:40:55'),
(2335, '2016-08-04 19:21:18'),
(2336, '2016-08-04 19:21:31'),
(2337, '2016-08-04 19:23:33'),
(2338, '2016-08-04 20:39:46'),
(2339, '2016-08-04 20:52:24'),
(2340, '2016-08-04 21:24:37'),
(2341, '2016-08-04 21:43:25'),
(2342, '2016-08-04 23:51:40'),
(2343, '2016-08-04 23:53:40'),
(2344, '2016-08-05 00:31:45'),
(2345, '2016-08-05 01:09:29'),
(2346, '2016-08-05 01:30:54'),
(2347, '2016-08-05 03:11:13'),
(2348, '2016-08-05 03:22:51'),
(2349, '2016-08-05 03:41:35'),
(2350, '2016-08-05 04:14:34'),
(2351, '2016-08-05 05:00:23'),
(2352, '2016-08-05 09:33:32'),
(2353, '2016-08-05 11:36:53'),
(2354, '2016-08-05 11:48:29'),
(2355, '2016-08-05 12:42:59'),
(2356, '2016-08-05 12:49:28'),
(2357, '2016-08-05 13:10:35'),
(2358, '2016-08-05 14:08:43'),
(2359, '2016-08-05 15:09:18'),
(2360, '2016-08-05 15:52:17'),
(2361, '2016-08-05 16:29:39'),
(2362, '2016-08-05 17:18:39'),
(2363, '2016-08-05 19:18:20'),
(2364, '2016-08-05 19:25:10'),
(2365, '2016-08-05 21:37:54'),
(2366, '2016-08-05 22:07:47'),
(2367, '2016-08-06 00:21:44'),
(2368, '2016-08-06 00:51:14'),
(2369, '2016-08-06 01:48:39'),
(2370, '2016-08-06 01:51:39'),
(2371, '2016-08-06 02:41:34'),
(2372, '2016-08-06 04:13:20'),
(2373, '2016-08-06 11:13:50'),
(2374, '2016-08-06 12:47:33'),
(2375, '2016-08-06 18:14:47'),
(2376, '2016-08-06 20:30:33'),
(2377, '2016-08-07 01:07:27'),
(2378, '2016-08-07 05:05:42'),
(2379, '2016-08-07 08:07:15'),
(2380, '2016-08-07 09:09:20'),
(2381, '2016-08-07 09:25:59'),
(2382, '2016-08-07 09:27:12'),
(2383, '2016-08-07 09:28:14'),
(2384, '2016-08-07 09:30:06'),
(2385, '2016-08-07 10:53:08'),
(2386, '2016-08-07 12:59:08'),
(2387, '2016-08-07 12:59:08'),
(2388, '2016-08-07 13:31:25'),
(2389, '2016-08-07 13:50:41'),
(2390, '2016-08-07 13:50:42'),
(2391, '2016-08-07 15:41:24'),
(2392, '2016-08-07 16:55:44'),
(2393, '2016-08-07 21:31:25'),
(2394, '2016-08-08 00:29:29'),
(2395, '2016-08-08 00:44:17'),
(2396, '2016-08-08 01:04:46'),
(2397, '2016-08-08 06:47:35'),
(2398, '2016-08-08 12:28:46'),
(2399, '2016-08-08 13:27:09'),
(2400, '2016-08-08 13:27:10'),
(2401, '2016-08-08 17:02:19'),
(2402, '2016-08-08 19:30:58'),
(2403, '2016-08-08 21:51:38'),
(2404, '2016-08-09 01:08:07'),
(2405, '2016-08-09 01:24:36'),
(2406, '2016-08-09 02:55:55'),
(2407, '2016-08-09 04:32:45'),
(2408, '2016-08-09 04:39:49'),
(2409, '2016-08-09 05:01:42'),
(2410, '2016-08-09 05:17:09'),
(2411, '2016-08-09 05:42:53'),
(2412, '2016-08-09 05:43:42'),
(2413, '2016-08-09 08:12:05'),
(2414, '2016-08-09 08:25:20'),
(2415, '2016-08-09 08:54:29'),
(2416, '2016-08-09 08:58:36'),
(2417, '2016-08-09 09:22:19'),
(2418, '2016-08-09 10:14:17'),
(2419, '2016-08-09 11:26:01'),
(2420, '2016-08-09 11:28:47'),
(2421, '2016-08-09 12:41:53'),
(2422, '2016-08-09 13:06:20'),
(2423, '2016-08-09 13:13:23'),
(2424, '2016-08-09 14:25:37'),
(2425, '2016-08-09 17:00:20'),
(2426, '2016-08-09 19:13:15'),
(2427, '2016-08-09 19:16:54'),
(2428, '2016-08-09 19:21:21'),
(2429, '2016-08-09 19:34:22'),
(2430, '2016-08-09 21:07:19'),
(2431, '2016-08-09 21:09:44'),
(2432, '2016-08-09 21:38:56'),
(2433, '2016-08-09 22:41:20'),
(2434, '2016-08-09 22:59:02'),
(2435, '2016-08-10 00:51:13'),
(2436, '2016-08-10 01:09:54'),
(2437, '2016-08-10 01:53:17'),
(2438, '2016-08-10 02:39:23'),
(2439, '2016-08-10 03:54:44'),
(2440, '2016-08-10 05:10:52'),
(2441, '2016-08-10 05:43:57'),
(2442, '2016-08-10 06:14:17'),
(2443, '2016-08-10 07:06:19'),
(2444, '2016-08-10 07:17:34'),
(2445, '2016-08-10 07:45:03'),
(2446, '2016-08-10 07:46:04'),
(2447, '2016-08-10 08:11:12'),
(2448, '2016-08-10 09:38:47'),
(2449, '2016-08-10 14:47:09'),
(2450, '2016-08-10 14:49:40'),
(2451, '2016-08-10 15:37:01'),
(2452, '2016-08-10 15:53:34'),
(2453, '2016-08-10 21:52:00'),
(2454, '2016-08-11 04:27:39'),
(2455, '2016-08-11 10:28:26'),
(2456, '2016-08-11 11:05:27'),
(2457, '2016-08-11 16:51:23'),
(2458, '2016-08-11 21:28:55'),
(2459, '2016-08-12 03:02:01'),
(2460, '2016-08-12 05:31:21'),
(2461, '2016-08-12 09:19:38'),
(2462, '2016-08-12 10:44:45'),
(2463, '2016-08-12 11:56:13'),
(2464, '2016-08-12 15:40:19'),
(2465, '2016-08-13 00:29:08'),
(2466, '2016-08-13 10:53:34'),
(2467, '2016-08-13 11:27:00'),
(2468, '2016-08-13 11:44:28'),
(2469, '2016-08-13 13:11:34'),
(2470, '2016-08-13 13:30:41'),
(2471, '2016-08-13 14:28:52'),
(2472, '2016-08-13 15:52:44'),
(2473, '2016-08-13 17:45:42'),
(2474, '2016-08-13 17:47:08'),
(2475, '2016-08-13 17:57:32'),
(2476, '2016-08-13 18:47:46'),
(2477, '2016-08-13 19:31:56'),
(2478, '2016-08-13 22:06:53'),
(2479, '2016-08-14 00:23:35'),
(2480, '2016-08-14 03:53:50'),
(2481, '2016-08-14 17:39:28'),
(2482, '2016-08-14 20:20:20'),
(2483, '2016-08-14 22:00:36'),
(2484, '2016-08-15 00:54:57'),
(2485, '2016-08-15 03:39:15'),
(2486, '2016-08-15 08:29:37'),
(2487, '2016-08-15 08:44:55'),
(2488, '2016-08-15 13:52:22'),
(2489, '2016-08-15 17:22:05'),
(2490, '2016-08-15 20:50:03'),
(2491, '2016-08-16 00:23:48'),
(2492, '2016-08-16 00:24:19'),
(2493, '2016-08-16 02:07:57'),
(2494, '2016-08-16 02:43:49'),
(2495, '2016-08-16 04:42:35'),
(2496, '2016-08-16 06:04:38'),
(2497, '2016-08-16 07:21:35'),
(2498, '2016-08-16 07:22:27'),
(2499, '2016-08-16 11:14:53'),
(2500, '2016-08-16 11:27:03'),
(2501, '2016-08-16 11:28:35'),
(2502, '2016-08-16 11:32:44'),
(2503, '2016-08-16 11:33:15'),
(2504, '2016-08-16 11:33:20'),
(2505, '2016-08-16 12:32:37'),
(2506, '2016-08-16 12:32:53'),
(2507, '2016-08-16 12:34:34'),
(2508, '2016-08-16 12:36:22'),
(2509, '2016-08-16 12:46:14'),
(2510, '2016-08-16 12:55:57'),
(2511, '2016-08-16 12:56:56'),
(2512, '2016-08-16 13:01:34'),
(2513, '2016-08-16 14:59:58'),
(2514, '2016-08-16 16:25:05'),
(2515, '2016-08-16 17:58:01'),
(2516, '2016-08-16 21:11:00'),
(2517, '2016-08-17 02:12:30'),
(2518, '2016-08-17 03:17:30'),
(2519, '2016-08-17 04:55:05'),
(2520, '2016-08-17 09:23:03'),
(2521, '2016-08-17 10:36:01'),
(2522, '2016-08-17 16:39:40'),
(2523, '2016-08-17 17:19:56'),
(2524, '2016-08-17 22:44:39'),
(2525, '2016-08-18 04:02:02'),
(2526, '2016-08-18 18:28:29'),
(2527, '2016-08-19 04:22:44'),
(2528, '2016-08-19 18:16:59'),
(2529, '2016-08-19 19:20:55'),
(2530, '2016-08-19 23:24:21'),
(2531, '2016-08-20 08:15:01'),
(2532, '2016-08-20 18:03:09'),
(2533, '2016-08-20 20:27:19'),
(2534, '2016-08-20 22:53:56'),
(2535, '2016-08-21 01:01:20'),
(2536, '2016-08-21 09:09:27'),
(2537, '2016-08-21 13:34:03'),
(2538, '2016-08-21 14:29:32'),
(2539, '2016-08-21 16:46:59'),
(2540, '2016-08-21 17:42:28'),
(2541, '2016-08-21 18:06:50'),
(2542, '2016-08-21 18:09:24'),
(2543, '2016-08-21 21:30:05'),
(2544, '2016-08-22 00:45:32'),
(2545, '2016-08-22 02:52:24'),
(2546, '2016-08-22 05:13:18'),
(2547, '2016-08-22 07:26:44'),
(2548, '2016-08-22 07:59:47'),
(2549, '2016-08-22 09:15:12'),
(2550, '2016-08-22 12:01:19'),
(2551, '2016-08-22 13:19:18'),
(2552, '2016-08-22 15:28:27'),
(2553, '2016-08-22 16:44:38'),
(2554, '2016-08-23 03:43:00'),
(2555, '2016-08-23 04:05:07'),
(2556, '2016-08-23 04:10:10'),
(2557, '2016-08-23 04:18:00'),
(2558, '2016-08-23 05:15:45'),
(2559, '2016-08-23 05:59:12'),
(2560, '2016-08-23 11:50:19'),
(2561, '2016-08-23 15:54:49'),
(2562, '2016-08-23 15:58:15'),
(2563, '2016-08-23 16:46:18'),
(2564, '2016-08-23 17:35:27'),
(2565, '2016-08-23 19:01:21'),
(2566, '2016-08-24 04:24:59'),
(2567, '2016-08-24 04:33:11'),
(2568, '2016-08-24 04:33:12'),
(2569, '2016-08-24 04:33:17'),
(2570, '2016-08-24 08:28:34'),
(2571, '2016-08-24 09:38:30'),
(2572, '2016-08-24 10:47:18'),
(2573, '2016-08-24 11:53:52'),
(2574, '2016-08-24 11:56:00'),
(2575, '2016-08-24 13:06:23'),
(2576, '2016-08-24 13:09:18'),
(2577, '2016-08-24 13:09:36'),
(2578, '2016-08-24 13:09:37'),
(2579, '2016-08-24 13:09:38'),
(2580, '2016-08-24 13:12:06'),
(2581, '2016-08-24 13:30:15'),
(2582, '2016-08-24 13:41:03'),
(2583, '2016-08-24 14:14:32'),
(2584, '2016-08-24 14:17:02'),
(2585, '2016-08-24 14:53:12'),
(2586, '2016-08-24 15:36:00'),
(2587, '2016-08-24 16:01:10'),
(2588, '2016-08-24 16:53:04'),
(2589, '2016-08-24 18:10:31'),
(2590, '2016-08-24 18:57:46'),
(2591, '2016-08-24 19:20:17'),
(2592, '2016-08-24 19:22:53'),
(2593, '2016-08-24 19:35:24'),
(2594, '2016-08-25 04:33:26'),
(2595, '2016-08-25 07:58:23'),
(2596, '2016-08-25 09:22:18'),
(2597, '2016-08-25 09:27:53'),
(2598, '2016-08-25 09:59:56'),
(2599, '2016-08-25 12:09:34'),
(2600, '2016-08-25 12:38:01'),
(2601, '2016-08-25 14:57:45'),
(2602, '2016-08-25 15:24:51'),
(2603, '2016-08-25 18:11:00'),
(2604, '2016-08-25 18:31:37'),
(2605, '2016-08-25 20:41:53'),
(2606, '2016-08-25 20:43:25'),
(2607, '2016-08-25 20:43:34'),
(2608, '2016-08-25 20:52:24'),
(2609, '2016-08-25 20:53:03'),
(2610, '2016-08-25 20:53:16'),
(2611, '2016-08-25 20:54:49'),
(2612, '2016-08-25 20:55:34'),
(2613, '2016-08-25 20:56:14'),
(2614, '2016-08-25 20:57:58'),
(2615, '2016-08-25 20:59:12'),
(2616, '2016-08-25 21:02:31'),
(2617, '2016-08-25 21:03:15'),
(2618, '2016-08-25 21:03:51'),
(2619, '2016-08-25 21:04:49'),
(2620, '2016-08-25 21:11:10'),
(2621, '2016-08-25 21:16:38'),
(2622, '2016-08-25 21:22:30'),
(2623, '2016-08-25 23:29:30'),
(2624, '2016-08-26 00:29:02'),
(2625, '2016-08-26 01:56:05'),
(2626, '2016-08-26 02:48:25'),
(2627, '2016-08-26 03:00:45'),
(2628, '2016-08-26 04:37:30'),
(2629, '2016-08-26 04:45:47'),
(2630, '2016-08-26 04:46:38'),
(2631, '2016-08-26 04:49:33'),
(2632, '2016-08-26 05:05:52'),
(2633, '2016-08-26 05:25:29'),
(2634, '2016-08-26 05:35:01'),
(2635, '2016-08-26 05:39:56'),
(2636, '2016-08-26 05:42:17'),
(2637, '2016-08-26 06:23:38'),
(2638, '2016-08-26 08:37:16'),
(2639, '2016-08-26 11:17:13'),
(2640, '2016-08-26 13:10:46'),
(2641, '2016-08-26 14:01:27'),
(2642, '2016-08-26 14:10:27'),
(2643, '2016-08-26 14:28:20'),
(2644, '2016-08-26 14:55:13'),
(2645, '2016-08-26 15:15:34'),
(2646, '2016-08-26 16:19:19'),
(2647, '2016-08-27 02:54:55'),
(2648, '2016-08-27 05:35:31'),
(2649, '2016-08-27 05:40:50'),
(2650, '2016-08-27 07:13:01'),
(2651, '2016-08-27 10:54:52'),
(2652, '2016-08-27 11:23:15'),
(2653, '2016-08-27 13:14:48'),
(2654, '2016-08-27 14:30:17'),
(2655, '2016-08-27 15:21:54'),
(2656, '2016-08-27 17:37:46'),
(2657, '2016-08-27 19:59:21'),
(2658, '2016-08-28 00:42:36'),
(2659, '2016-08-28 10:12:01'),
(2660, '2016-08-28 11:03:31'),
(2661, '2016-08-28 13:16:24'),
(2662, '2016-08-28 13:43:16'),
(2663, '2016-08-28 17:56:24'),
(2664, '2016-08-28 21:48:58'),
(2665, '2016-08-28 23:45:39'),
(2666, '2016-08-29 01:52:36'),
(2667, '2016-08-29 01:56:21'),
(2668, '2016-08-29 02:15:00'),
(2669, '2016-08-29 02:19:26'),
(2670, '2016-08-29 02:42:02'),
(2671, '2016-08-29 03:30:23'),
(2672, '2016-08-29 03:32:55'),
(2673, '2016-08-29 03:47:59'),
(2674, '2016-08-29 03:48:01'),
(2675, '2016-08-29 04:17:47'),
(2676, '2016-08-29 04:19:08'),
(2677, '2016-08-29 04:20:02'),
(2678, '2016-08-29 04:32:25'),
(2679, '2016-08-29 04:45:04'),
(2680, '2016-08-29 04:47:35'),
(2681, '2016-08-29 04:48:59'),
(2682, '2016-08-29 08:18:55'),
(2683, '2016-08-29 11:04:13'),
(2684, '2016-08-29 11:27:31'),
(2685, '2016-08-29 14:20:17'),
(2686, '2016-08-29 15:57:19'),
(2687, '2016-08-29 16:51:10'),
(2688, '2016-08-29 16:53:32'),
(2689, '2016-08-29 18:47:12'),
(2690, '2016-08-29 18:47:34'),
(2691, '2016-08-29 19:48:05'),
(2692, '2016-08-29 19:54:13'),
(2693, '2016-08-29 20:10:00'),
(2694, '2016-08-29 20:13:48'),
(2695, '2016-08-29 20:15:10'),
(2696, '2016-08-29 23:55:01'),
(2697, '2016-08-30 02:25:58'),
(2698, '2016-08-30 02:27:15'),
(2699, '2016-08-30 03:47:57'),
(2700, '2016-08-30 04:13:18'),
(2701, '2016-08-30 04:39:30'),
(2702, '2016-08-30 04:39:34'),
(2703, '2016-08-30 06:17:05'),
(2704, '2016-08-30 06:30:32'),
(2705, '2016-08-30 07:10:17'),
(2706, '2016-08-30 07:14:55'),
(2707, '2016-08-30 07:42:57'),
(2708, '2016-08-30 08:02:54'),
(2709, '2016-08-30 08:28:10'),
(2710, '2016-08-30 08:33:54'),
(2711, '2016-08-30 08:36:17'),
(2712, '2016-08-30 08:58:26'),
(2713, '2016-08-30 08:59:26'),
(2714, '2016-08-30 13:16:43'),
(2715, '2016-08-30 13:26:47'),
(2716, '2016-08-30 15:02:14'),
(2717, '2016-08-30 15:13:13'),
(2718, '2016-08-30 16:07:36'),
(2719, '2016-08-30 16:08:14'),
(2720, '2016-08-30 16:26:17'),
(2721, '2016-08-30 16:37:20'),
(2722, '2016-08-30 18:54:37'),
(2723, '2016-08-30 19:32:53'),
(2724, '2016-08-30 19:36:39'),
(2725, '2016-08-30 20:35:33'),
(2726, '2016-08-30 21:07:57'),
(2727, '2016-08-30 21:11:38'),
(2728, '2016-08-30 21:29:54'),
(2729, '2016-08-31 07:06:40'),
(2730, '2016-08-31 07:09:15'),
(2731, '2016-08-31 07:10:02'),
(2732, '2016-08-31 07:11:10'),
(2733, '2016-08-31 07:15:19'),
(2734, '2016-08-31 08:23:23'),
(2735, '2016-08-31 14:46:07'),
(2736, '2016-08-31 18:39:10'),
(2737, '2016-08-31 21:33:53'),
(2738, '2016-08-31 23:53:40'),
(2739, '2016-09-01 04:19:35'),
(2740, '2016-09-01 06:19:10'),
(2741, '2016-09-01 07:54:48'),
(2742, '2016-09-01 10:41:57'),
(2743, '2016-09-01 16:08:46'),
(2744, '2016-09-01 16:19:04'),
(2745, '2016-09-01 16:40:47'),
(2746, '2016-09-01 16:55:16'),
(2747, '2016-09-01 16:55:56'),
(2748, '2016-09-01 17:02:01'),
(2749, '2016-09-01 17:03:02'),
(2750, '2016-09-01 17:13:32'),
(2751, '2016-09-01 18:19:28'),
(2752, '2016-09-01 18:32:35'),
(2753, '2016-09-01 19:49:31'),
(2754, '2016-09-01 20:36:09'),
(2755, '2016-09-01 22:01:48'),
(2756, '2016-09-02 00:16:59'),
(2757, '2016-09-02 00:18:01'),
(2758, '2016-09-02 00:45:48'),
(2759, '2016-09-02 02:43:38'),
(2760, '2016-09-02 05:19:17'),
(2761, '2016-09-02 06:14:56'),
(2762, '2016-09-02 09:51:19'),
(2763, '2016-09-02 14:07:19'),
(2764, '2016-09-02 14:36:48'),
(2765, '2016-09-02 15:22:29'),
(2766, '2016-09-02 15:22:30'),
(2767, '2016-09-02 15:55:22'),
(2768, '2016-09-02 18:10:57'),
(2769, '2016-09-02 18:38:20'),
(2770, '2016-09-02 18:39:57'),
(2771, '2016-09-02 18:50:30'),
(2772, '2016-09-02 19:17:25'),
(2773, '2016-09-02 19:17:52'),
(2774, '2016-09-02 19:20:44'),
(2775, '2016-09-02 20:01:13'),
(2776, '2016-09-02 22:35:49'),
(2777, '2016-09-02 23:10:07'),
(2778, '2016-09-03 02:13:06'),
(2779, '2016-09-03 03:08:38'),
(2780, '2016-09-03 04:22:19'),
(2781, '2016-09-03 07:54:42'),
(2782, '2016-09-03 12:59:29'),
(2783, '2016-09-03 13:01:02'),
(2784, '2016-09-03 15:00:07'),
(2785, '2016-09-03 17:40:49'),
(2786, '2016-09-03 20:28:22'),
(2787, '2016-09-03 22:12:39'),
(2788, '2016-09-04 01:56:31'),
(2789, '2016-09-04 02:00:14'),
(2790, '2016-09-04 12:35:12'),
(2791, '2016-09-04 18:18:06'),
(2792, '2016-09-04 18:18:07'),
(2793, '2016-09-04 18:49:28'),
(2794, '2016-09-04 19:06:17'),
(2795, '2016-09-04 19:13:37'),
(2796, '2016-09-04 19:52:03'),
(2797, '2016-09-04 20:32:05'),
(2798, '2016-09-04 20:57:22'),
(2799, '2016-09-04 22:13:40'),
(2800, '2016-09-04 23:27:37'),
(2801, '2016-09-05 01:24:33'),
(2802, '2016-09-05 09:53:24'),
(2803, '2016-09-05 10:29:33'),
(2804, '2016-09-05 12:39:42'),
(2805, '2016-09-05 14:00:02'),
(2806, '2016-09-05 14:14:33'),
(2807, '2016-09-05 15:26:26'),
(2808, '2016-09-05 15:26:26'),
(2809, '2016-09-05 16:27:58'),
(2810, '2016-09-05 16:33:22'),
(2811, '2016-09-05 16:56:16'),
(2812, '2016-09-05 17:02:06'),
(2813, '2016-09-05 17:02:33'),
(2814, '2016-09-05 18:12:37'),
(2815, '2016-09-05 18:21:54'),
(2816, '2016-09-05 18:29:10'),
(2817, '2016-09-05 18:30:41'),
(2818, '2016-09-05 18:30:48'),
(2819, '2016-09-05 18:34:05'),
(2820, '2016-09-05 18:58:27'),
(2821, '2016-09-06 00:39:31'),
(2822, '2016-09-06 00:41:23'),
(2823, '2016-09-06 02:22:01'),
(2824, '2016-09-06 02:22:02'),
(2825, '2016-09-06 03:22:09'),
(2826, '2016-09-06 10:38:49'),
(2827, '2016-09-06 11:19:35'),
(2828, '2016-09-06 13:44:49'),
(2829, '2016-09-06 16:02:42'),
(2830, '2016-09-06 20:32:32'),
(2831, '2016-09-06 21:32:08'),
(2832, '2016-09-06 23:07:55'),
(2833, '2016-09-07 02:47:43'),
(2834, '2016-09-07 05:55:04'),
(2835, '2016-09-07 05:58:19'),
(2836, '2016-09-07 07:33:50'),
(2837, '2016-09-07 08:12:49'),
(2838, '2016-09-07 09:24:58'),
(2839, '2016-09-07 12:30:49'),
(2840, '2016-09-07 12:39:26'),
(2841, '2016-09-07 12:39:35'),
(2842, '2016-09-07 14:47:34'),
(2843, '2016-09-07 17:17:31'),
(2844, '2016-09-07 21:48:02'),
(2845, '2016-09-08 02:58:52'),
(2846, '2016-09-08 07:16:09'),
(2847, '2016-09-08 09:04:55'),
(2848, '2016-09-08 11:31:44'),
(2849, '2016-09-08 13:10:12'),
(2850, '2016-09-08 13:10:13'),
(2851, '2016-09-08 14:44:41'),
(2852, '2016-09-08 15:52:33'),
(2853, '2016-09-08 17:53:32'),
(2854, '2016-09-08 19:47:27'),
(2855, '2016-09-08 21:24:46'),
(2856, '2016-09-08 22:50:21'),
(2857, '2016-09-08 23:15:11'),
(2858, '2016-09-09 00:35:33'),
(2859, '2016-09-09 01:05:37'),
(2860, '2016-09-09 04:38:14'),
(2861, '2016-09-09 05:30:40'),
(2862, '2016-09-09 07:04:37'),
(2863, '2016-09-09 07:51:11'),
(2864, '2016-09-09 08:51:35'),
(2865, '2016-09-09 09:24:58'),
(2866, '2016-09-09 09:35:57'),
(2867, '2016-09-09 10:01:31'),
(2868, '2016-09-09 10:12:12'),
(2869, '2016-09-09 10:14:17'),
(2870, '2016-09-09 10:17:25'),
(2871, '2016-09-09 10:29:25'),
(2872, '2016-09-09 13:34:58'),
(2873, '2016-09-09 14:26:55'),
(2874, '2016-09-09 17:31:39'),
(2875, '2016-09-09 17:54:20'),
(2876, '2016-09-09 18:41:35'),
(2877, '2016-09-09 19:22:05'),
(2878, '2016-09-09 21:56:01'),
(2879, '2016-09-10 01:22:23'),
(2880, '2016-09-10 02:30:22'),
(2881, '2016-09-10 03:26:25'),
(2882, '2016-09-10 04:44:24'),
(2883, '2016-09-10 04:54:43'),
(2884, '2016-09-10 05:01:21'),
(2885, '2016-09-10 05:02:05'),
(2886, '2016-09-10 05:53:34'),
(2887, '2016-09-10 06:13:11'),
(2888, '2016-09-10 07:23:58'),
(2889, '2016-09-10 07:52:50'),
(2890, '2016-09-10 08:33:45'),
(2891, '2016-09-10 10:05:32'),
(2892, '2016-09-10 10:08:36'),
(2893, '2016-09-10 10:19:37'),
(2894, '2016-09-10 11:57:17'),
(2895, '2016-09-10 12:29:20'),
(2896, '2016-09-10 13:10:50'),
(2897, '2016-09-10 21:14:39'),
(2898, '2016-09-10 21:23:22'),
(2899, '2016-09-10 22:17:30'),
(2900, '2016-09-11 03:15:21'),
(2901, '2016-09-11 05:15:51'),
(2902, '2016-09-11 07:10:32'),
(2903, '2016-09-11 07:16:33'),
(2904, '2016-09-11 07:39:51'),
(2905, '2016-09-11 08:09:09'),
(2906, '2016-09-11 09:29:51'),
(2907, '2016-09-11 10:00:03'),
(2908, '2016-09-11 10:26:53'),
(2909, '2016-09-11 11:32:54'),
(2910, '2016-09-11 13:40:33'),
(2911, '2016-09-11 14:05:22'),
(2912, '2016-09-11 17:03:05'),
(2913, '2016-09-11 18:30:59'),
(2914, '2016-09-11 22:24:44'),
(2915, '2016-09-11 22:28:31'),
(2916, '2016-09-11 22:41:59'),
(2917, '2016-09-11 23:27:23'),
(2918, '2016-09-11 23:44:04'),
(2919, '2016-09-12 03:14:02'),
(2920, '2016-09-12 05:32:23'),
(2921, '2016-09-12 06:37:22'),
(2922, '2016-09-12 09:02:28'),
(2923, '2016-09-12 09:14:48'),
(2924, '2016-09-12 10:08:27'),
(2925, '2016-09-12 14:03:01'),
(2926, '2016-09-12 14:07:36'),
(2927, '2016-09-12 15:07:48'),
(2928, '2016-09-12 17:07:59'),
(2929, '2016-09-12 18:18:51'),
(2930, '2016-09-12 22:10:57'),
(2931, '2016-09-12 23:06:34'),
(2932, '2016-09-13 00:03:51'),
(2933, '2016-09-13 02:37:27'),
(2934, '2016-09-13 04:47:55'),
(2935, '2016-09-13 07:21:29'),
(2936, '2016-09-13 07:28:47'),
(2937, '2016-09-13 08:11:05'),
(2938, '2016-09-13 10:25:17'),
(2939, '2016-09-13 11:15:46'),
(2940, '2016-09-13 11:16:02'),
(2941, '2016-09-13 12:31:22'),
(2942, '2016-09-13 13:41:13'),
(2943, '2016-09-13 16:02:20'),
(2944, '2016-09-13 18:29:26'),
(2945, '2016-09-13 18:31:09'),
(2946, '2016-09-13 18:38:21'),
(2947, '2016-09-13 18:43:51'),
(2948, '2016-09-13 19:27:23'),
(2949, '2016-09-13 20:10:52'),
(2950, '2016-09-13 20:44:27'),
(2951, '2016-09-13 21:38:39'),
(2952, '2016-09-13 21:56:39'),
(2953, '2016-09-14 00:16:57'),
(2954, '2016-09-14 02:00:30'),
(2955, '2016-09-14 03:03:18'),
(2956, '2016-09-14 03:09:20'),
(2957, '2016-09-14 04:30:49'),
(2958, '2016-09-14 04:36:23'),
(2959, '2016-09-14 07:06:32'),
(2960, '2016-09-14 08:08:21'),
(2961, '2016-09-14 08:43:31'),
(2962, '2016-09-14 11:11:22'),
(2963, '2016-09-14 11:16:29'),
(2964, '2016-09-14 12:57:18'),
(2965, '2016-09-14 13:06:15'),
(2966, '2016-09-14 15:34:27'),
(2967, '2016-09-14 19:50:45'),
(2968, '2016-09-14 21:42:59'),
(2969, '2016-09-15 00:36:25'),
(2970, '2016-09-15 02:22:54'),
(2971, '2016-09-15 03:50:30'),
(2972, '2016-09-15 07:19:52'),
(2973, '2016-09-15 07:23:47'),
(2974, '2016-09-15 08:13:34'),
(2975, '2016-09-15 08:18:37'),
(2976, '2016-09-15 08:30:54'),
(2977, '2016-09-15 08:50:08'),
(2978, '2016-09-15 11:19:05'),
(2979, '2016-09-15 13:50:23'),
(2980, '2016-09-15 15:43:03'),
(2981, '2016-09-15 17:33:22'),
(2982, '2016-09-15 20:30:32'),
(2983, '2016-09-16 00:55:55'),
(2984, '2016-09-16 01:34:14'),
(2985, '2016-09-16 02:01:17'),
(2986, '2016-09-16 07:03:17'),
(2987, '2016-09-16 09:25:43'),
(2988, '2016-09-16 09:37:29'),
(2989, '2016-09-16 10:09:36'),
(2990, '2016-09-16 10:24:55'),
(2991, '2016-09-16 13:40:18'),
(2992, '2016-09-16 13:51:29'),
(2993, '2016-09-16 14:18:06'),
(2994, '2016-09-16 17:03:17'),
(2995, '2016-09-16 18:16:50'),
(2996, '2016-09-16 18:51:23'),
(2997, '2016-09-16 19:08:54'),
(2998, '2016-09-16 19:21:59'),
(2999, '2016-09-16 20:50:26'),
(3000, '2016-09-16 21:30:31'),
(3001, '2016-09-16 21:52:11'),
(3002, '2016-09-16 22:26:36'),
(3003, '2016-09-16 23:53:14'),
(3004, '2016-09-17 00:46:19'),
(3005, '2016-09-17 01:23:22'),
(3006, '2016-09-17 02:31:01'),
(3007, '2016-09-17 02:43:51'),
(3008, '2016-09-17 03:20:45'),
(3009, '2016-09-17 04:01:01'),
(3010, '2016-09-17 05:08:29'),
(3011, '2016-09-17 05:11:19'),
(3012, '2016-09-17 07:50:24'),
(3013, '2016-09-17 07:50:58'),
(3014, '2016-09-17 08:38:35'),
(3015, '2016-09-17 08:38:36'),
(3016, '2016-09-17 09:04:28'),
(3017, '2016-09-17 09:07:01'),
(3018, '2016-09-17 10:32:44'),
(3019, '2016-09-17 11:20:50'),
(3020, '2016-09-17 13:52:58'),
(3021, '2016-09-17 13:58:17'),
(3022, '2016-09-17 14:45:32'),
(3023, '2016-09-17 15:12:03'),
(3024, '2016-09-17 16:06:43'),
(3025, '2016-09-17 16:51:50'),
(3026, '2016-09-17 17:40:12'),
(3027, '2016-09-17 17:50:26'),
(3028, '2016-09-17 19:00:49'),
(3029, '2016-09-17 20:24:41'),
(3030, '2016-09-17 20:50:03'),
(3031, '2016-09-17 23:01:32'),
(3032, '2016-09-18 00:45:22'),
(3033, '2016-09-18 01:47:15'),
(3034, '2016-09-18 02:13:47'),
(3035, '2016-09-18 03:36:30'),
(3036, '2016-09-18 04:58:14'),
(3037, '2016-09-18 04:58:14'),
(3038, '2016-09-18 05:09:46'),
(3039, '2016-09-18 05:44:20'),
(3040, '2016-09-18 06:48:07'),
(3041, '2016-09-18 07:56:01'),
(3042, '2016-09-18 09:20:32'),
(3043, '2016-09-18 10:53:33'),
(3044, '2016-09-18 10:53:33'),
(3045, '2016-09-18 11:08:31'),
(3046, '2016-09-18 13:10:44'),
(3047, '2016-09-18 14:03:28'),
(3048, '2016-09-18 14:03:29'),
(3049, '2016-09-18 14:51:57'),
(3050, '2016-09-18 15:21:20'),
(3051, '2016-09-18 16:32:57'),
(3052, '2016-09-18 17:30:19'),
(3053, '2016-09-18 18:54:42'),
(3054, '2016-09-18 21:22:42'),
(3055, '2016-09-18 22:04:43'),
(3056, '2016-09-18 22:36:38'),
(3057, '2016-09-19 00:27:24'),
(3058, '2016-09-19 01:01:59'),
(3059, '2016-09-19 01:10:45'),
(3060, '2016-09-19 01:17:42'),
(3061, '2016-09-19 02:06:43'),
(3062, '2016-09-19 05:52:19'),
(3063, '2016-09-19 06:53:49'),
(3064, '2016-09-19 07:38:46'),
(3065, '2016-09-19 09:05:35'),
(3066, '2016-09-19 09:05:36'),
(3067, '2016-09-19 09:37:03'),
(3068, '2016-09-19 09:51:35'),
(3069, '2016-09-19 10:05:12'),
(3070, '2016-09-19 10:11:46'),
(3071, '2016-09-19 12:51:57'),
(3072, '2016-09-19 12:55:54'),
(3073, '2016-09-19 15:04:47'),
(3074, '2016-09-19 16:04:30'),
(3075, '2016-09-19 17:20:08'),
(3076, '2016-09-19 17:20:18'),
(3077, '2016-09-19 18:08:28'),
(3078, '2016-09-19 18:57:54'),
(3079, '2016-09-19 20:41:37'),
(3080, '2016-09-19 21:54:54'),
(3081, '2016-09-19 21:55:43'),
(3082, '2016-09-20 02:19:28'),
(3083, '2016-09-20 02:42:28'),
(3084, '2016-09-20 03:01:08'),
(3085, '2016-09-20 03:54:04'),
(3086, '2016-09-20 04:12:14'),
(3087, '2016-09-20 04:41:52'),
(3088, '2016-09-20 05:04:10'),
(3089, '2016-09-20 06:48:28'),
(3090, '2016-09-20 07:01:32'),
(3091, '2016-09-20 09:03:31'),
(3092, '2016-09-20 10:49:11'),
(3093, '2016-09-20 12:26:33'),
(3094, '2016-09-20 14:07:51'),
(3095, '2016-09-20 14:08:17'),
(3096, '2016-09-20 14:37:36'),
(3097, '2016-09-20 15:16:27'),
(3098, '2016-09-20 15:20:26'),
(3099, '2016-09-20 17:47:22'),
(3100, '2016-09-20 18:00:13'),
(3101, '2016-09-20 19:29:58'),
(3102, '2016-09-20 20:33:50'),
(3103, '2016-09-20 22:14:56'),
(3104, '2016-09-21 00:23:35'),
(3105, '2016-09-21 00:51:20'),
(3106, '2016-09-21 01:18:09'),
(3107, '2016-09-21 01:53:09'),
(3108, '2016-09-21 02:27:31'),
(3109, '2016-09-21 05:24:41'),
(3110, '2016-09-21 05:32:13'),
(3111, '2016-09-21 05:35:42'),
(3112, '2016-09-21 05:45:05'),
(3113, '2016-09-21 05:45:07'),
(3114, '2016-09-21 05:55:00'),
(3115, '2016-09-21 06:17:03'),
(3116, '2016-09-21 06:20:45'),
(3117, '2016-09-21 06:28:32'),
(3118, '2016-09-21 06:34:55'),
(3119, '2016-09-21 06:36:01'),
(3120, '2016-09-21 07:51:59'),
(3121, '2016-09-21 08:58:19'),
(3122, '2016-09-21 09:33:12'),
(3123, '2016-09-21 10:30:02'),
(3124, '2016-09-21 10:40:58'),
(3125, '2016-09-21 12:03:44'),
(3126, '2016-09-21 12:16:14'),
(3127, '2016-09-21 12:24:40'),
(3128, '2016-09-21 12:28:26'),
(3129, '2016-09-21 12:30:28'),
(3130, '2016-09-21 13:13:26'),
(3131, '2016-09-21 13:14:27'),
(3132, '2016-09-21 13:47:28'),
(3133, '2016-09-21 13:52:14'),
(3134, '2016-09-21 15:17:35'),
(3135, '2016-09-21 15:26:54'),
(3136, '2016-09-21 15:32:01'),
(3137, '2016-09-21 15:39:35'),
(3138, '2016-09-21 15:40:23'),
(3139, '2016-09-21 15:42:08'),
(3140, '2016-09-21 16:14:24'),
(3141, '2016-09-21 16:30:49'),
(3142, '2016-09-21 17:25:27'),
(3143, '2016-09-21 17:31:15'),
(3144, '2016-09-21 17:39:56'),
(3145, '2016-09-21 17:45:59'),
(3146, '2016-09-21 17:52:36'),
(3147, '2016-09-21 17:58:33'),
(3148, '2016-09-21 18:14:24'),
(3149, '2016-09-21 19:10:31'),
(3150, '2016-09-21 19:51:47'),
(3151, '2016-09-21 20:33:54'),
(3152, '2016-09-21 21:55:54'),
(3153, '2016-09-21 22:21:04'),
(3154, '2016-09-21 22:40:55'),
(3155, '2016-09-21 22:54:24'),
(3156, '2016-09-21 23:36:02'),
(3157, '2016-09-21 23:56:48'),
(3158, '2016-09-22 00:02:40'),
(3159, '2016-09-22 00:39:17'),
(3160, '2016-09-22 02:09:51'),
(3161, '2016-09-22 03:46:23'),
(3162, '2016-09-22 03:47:16'),
(3163, '2016-09-22 04:01:12'),
(3164, '2016-09-22 04:01:35'),
(3165, '2016-09-22 04:05:00'),
(3166, '2016-09-22 04:05:15'),
(3167, '2016-09-22 04:06:42'),
(3168, '2016-09-22 04:10:13'),
(3169, '2016-09-22 05:24:09'),
(3170, '2016-09-22 05:48:30'),
(3171, '2016-09-22 06:43:13'),
(3172, '2016-09-22 07:23:04'),
(3173, '2016-09-22 07:55:40'),
(3174, '2016-09-22 08:58:05'),
(3175, '2016-09-22 09:40:31'),
(3176, '2016-09-22 09:42:31'),
(3177, '2016-09-22 10:56:16'),
(3178, '2016-09-22 12:19:23'),
(3179, '2016-09-22 12:45:23'),
(3180, '2016-09-22 12:57:22'),
(3181, '2016-09-22 13:06:47'),
(3182, '2016-09-22 16:17:30'),
(3183, '2016-09-22 16:45:56'),
(3184, '2016-09-22 17:03:48'),
(3185, '2016-09-22 17:21:47'),
(3186, '2016-09-22 20:12:26'),
(3187, '2016-09-22 21:10:47'),
(3188, '2016-09-22 23:48:31'),
(3189, '2016-09-23 00:22:51'),
(3190, '2016-09-23 03:25:18'),
(3191, '2016-09-23 05:53:07'),
(3192, '2016-09-23 07:22:34'),
(3193, '2016-09-23 08:49:05'),
(3194, '2016-09-23 10:58:26'),
(3195, '2016-09-23 19:04:18'),
(3196, '2016-09-23 21:09:13'),
(3197, '2016-09-24 00:09:03'),
(3198, '2016-09-24 06:08:12'),
(3199, '2016-09-24 06:31:16'),
(3200, '2016-09-24 06:45:38'),
(3201, '2016-09-24 07:40:30'),
(3202, '2016-09-24 08:09:17'),
(3203, '2016-09-24 08:09:19'),
(3204, '2016-09-24 09:46:02'),
(3205, '2016-09-24 12:34:50'),
(3206, '2016-09-24 13:47:05'),
(3207, '2016-09-24 14:52:21'),
(3208, '2016-09-24 16:28:07'),
(3209, '2016-09-24 17:12:03'),
(3210, '2016-09-24 19:32:23'),
(3211, '2016-09-24 20:12:29'),
(3212, '2016-09-24 21:55:52'),
(3213, '2016-09-24 21:59:09'),
(3214, '2016-09-24 23:28:26'),
(3215, '2016-09-25 00:44:18'),
(3216, '2016-09-25 02:02:53'),
(3217, '2016-09-25 03:17:23'),
(3218, '2016-09-25 03:58:07'),
(3219, '2016-09-25 05:58:00'),
(3220, '2016-09-25 07:39:20'),
(3221, '2016-09-25 09:13:47'),
(3222, '2016-09-25 10:12:37'),
(3223, '2016-09-25 10:14:30'),
(3224, '2016-09-25 11:13:58'),
(3225, '2016-09-25 12:21:59'),
(3226, '2016-09-25 12:43:07'),
(3227, '2016-09-25 16:35:05'),
(3228, '2016-09-25 17:18:22'),
(3229, '2016-09-25 19:45:57'),
(3230, '2016-09-25 22:24:53'),
(3231, '2016-09-26 02:02:52'),
(3232, '2016-09-26 02:07:26'),
(3233, '2016-09-26 02:20:37'),
(3234, '2016-09-26 03:17:28'),
(3235, '2016-09-26 03:21:00'),
(3236, '2016-09-26 03:26:13'),
(3237, '2016-09-26 03:29:06'),
(3238, '2016-09-26 03:59:16'),
(3239, '2016-09-26 04:14:50'),
(3240, '2016-09-26 05:13:27'),
(3241, '2016-09-26 05:33:43'),
(3242, '2016-09-26 08:10:20'),
(3243, '2016-09-26 08:24:15'),
(3244, '2016-09-26 09:07:42'),
(3245, '2016-09-26 09:10:06'),
(3246, '2016-09-26 09:12:07'),
(3247, '2016-09-26 09:15:53'),
(3248, '2016-09-26 09:17:03'),
(3249, '2016-09-26 10:59:54'),
(3250, '2016-09-26 10:59:55'),
(3251, '2016-09-26 11:17:59'),
(3252, '2016-09-26 12:27:03'),
(3253, '2016-09-26 12:59:27'),
(3254, '2016-09-26 14:25:54'),
(3255, '2016-09-26 15:50:17'),
(3256, '2016-09-26 17:15:31'),
(3257, '2016-09-26 17:20:46'),
(3258, '2016-09-26 17:38:47'),
(3259, '2016-09-26 17:51:43'),
(3260, '2016-09-26 18:03:14'),
(3261, '2016-09-26 18:06:58'),
(3262, '2016-09-26 18:07:31'),
(3263, '2016-09-26 18:14:36'),
(3264, '2016-09-26 18:29:52'),
(3265, '2016-09-26 18:42:58'),
(3266, '2016-09-26 18:51:11'),
(3267, '2016-09-26 18:56:11'),
(3268, '2016-09-26 19:02:08'),
(3269, '2016-09-26 19:07:13'),
(3270, '2016-09-26 20:11:15'),
(3271, '2016-09-26 20:19:08'),
(3272, '2016-09-26 20:35:52'),
(3273, '2016-09-26 20:45:42'),
(3274, '2016-09-26 20:56:41'),
(3275, '2016-09-26 21:04:53'),
(3276, '2016-09-27 01:06:20'),
(3277, '2016-09-27 02:50:02'),
(3278, '2016-09-27 04:48:23'),
(3279, '2016-09-27 06:37:15'),
(3280, '2016-09-27 06:57:30'),
(3281, '2016-09-27 07:21:20'),
(3282, '2016-09-27 08:06:59'),
(3283, '2016-09-27 10:01:07'),
(3284, '2016-09-27 10:01:14'),
(3285, '2016-09-27 10:27:38'),
(3286, '2016-09-27 11:40:01'),
(3287, '2016-09-27 14:28:22'),
(3288, '2016-09-27 15:46:03'),
(3289, '2016-09-27 16:22:23'),
(3290, '2016-09-27 16:32:19'),
(3291, '2016-09-27 16:37:25'),
(3292, '2016-09-27 16:52:55'),
(3293, '2016-09-27 17:34:12'),
(3294, '2016-09-27 17:46:35'),
(3295, '2016-09-27 17:48:51'),
(3296, '2016-09-27 17:53:43'),
(3297, '2016-09-27 20:14:31'),
(3298, '2016-09-28 00:35:54'),
(3299, '2016-09-28 03:28:27'),
(3300, '2016-09-28 04:04:40'),
(3301, '2016-09-28 04:20:28'),
(3302, '2016-09-28 05:01:30'),
(3303, '2016-09-28 05:51:44'),
(3304, '2016-10-04 02:46:36'),
(3305, '2016-10-04 04:24:41');

-- --------------------------------------------------------

--
-- Table structure for table `user`
--

CREATE TABLE IF NOT EXISTS `user` (
  `username` varchar(25) NOT NULL,
  `pass` varchar(255) NOT NULL,
  `user_type` set('Admin','Member') NOT NULL DEFAULT 'Member',
  `email` varchar(200) NOT NULL,
  `voice` varchar(10) DEFAULT NULL,
  PRIMARY KEY (`username`),
  UNIQUE KEY `username` (`username`),
  UNIQUE KEY `email` (`email`,`voice`)
) ENGINE=InnoDB DEFAULT CHARSET=latin1;

--
-- Dumping data for table `user`
--

INSERT INTO `user` (`username`, `pass`, `user_type`, `email`, `voice`) VALUES
('indunil', '0cc175b9c0f1b6a831c399e269772661', 'Admin', 'indunil.tharanga.priyadarshana@gmail.com', NULL);

-- --------------------------------------------------------

--
-- Stand-in structure for view `userview`
--
CREATE TABLE IF NOT EXISTS `userview` (
`username` varchar(25)
,`pass` varchar(255)
,`user_type` set('Admin','Member')
,`email` varchar(200)
,`voice` varchar(10)
,`status` set('Blocked','Inactive','Activated')
,`activate_code` int(9)
,`activated_time_stamp` timestamp
,`registration` timestamp
,`last_login` timestamp
,`total_ads` int(11)
,`last_seen` timestamp
,`Chat` set('Online','Offline')
);
-- --------------------------------------------------------

--
-- Table structure for table `user_account_status`
--

CREATE TABLE IF NOT EXISTS `user_account_status` (
  `username` varchar(25) NOT NULL,
  `status` set('Blocked','Inactive','Activated') NOT NULL DEFAULT 'Inactive',
  `activate_code` int(9) DEFAULT NULL,
  `activated_time_stamp` timestamp NULL DEFAULT NULL,
  PRIMARY KEY (`username`),
  UNIQUE KEY `activate_code` (`activate_code`)
) ENGINE=InnoDB DEFAULT CHARSET=latin1;

--
-- Dumping data for table `user_account_status`
--

INSERT INTO `user_account_status` (`username`, `status`, `activate_code`, `activated_time_stamp`) VALUES
('indunil', 'Activated', NULL, '2016-08-16 11:19:55');

--
-- Triggers `user_account_status`
--
DROP TRIGGER IF EXISTS `Before_UAS_Update`;
DELIMITER //
CREATE TRIGGER `Before_UAS_Update` BEFORE UPDATE ON `user_account_status`
 FOR EACH ROW Begin

IF(new.status = "Activated" OR new.status = "Blocked") THEN 

set new.activate_code = null;

END IF;

End
//
DELIMITER ;

-- --------------------------------------------------------

--
-- Table structure for table `user_current_state`
--

CREATE TABLE IF NOT EXISTS `user_current_state` (
  `username` varchar(25) NOT NULL,
  `last_seen` timestamp NULL DEFAULT NULL,
  `Chat` set('Online','Offline') NOT NULL DEFAULT 'Online',
  PRIMARY KEY (`username`)
) ENGINE=InnoDB DEFAULT CHARSET=latin1;

--
-- Dumping data for table `user_current_state`
--

INSERT INTO `user_current_state` (`username`, `last_seen`, `Chat`) VALUES
('indunil', '2016-10-04 09:48:09', 'Online');

-- --------------------------------------------------------

--
-- Table structure for table `user_favorite`
--

CREATE TABLE IF NOT EXISTS `user_favorite` (
  `record_id` int(25) NOT NULL AUTO_INCREMENT,
  `favorite_of` varchar(25) NOT NULL,
  `item_number` int(25) NOT NULL,
  PRIMARY KEY (`record_id`),
  UNIQUE KEY `favorite_of` (`favorite_of`,`item_number`),
  KEY `favorite_of_2` (`favorite_of`),
  KEY `item_number` (`item_number`)
) ENGINE=InnoDB DEFAULT CHARSET=latin1 AUTO_INCREMENT=1 ;

-- --------------------------------------------------------

--
-- Table structure for table `user_info`
--

CREATE TABLE IF NOT EXISTS `user_info` (
  `username` varchar(25) NOT NULL,
  `registration` timestamp NULL DEFAULT NULL,
  `last_login` timestamp NULL DEFAULT NULL,
  `total_ads` int(11) NOT NULL DEFAULT '0',
  PRIMARY KEY (`username`)
) ENGINE=InnoDB DEFAULT CHARSET=latin1;

--
-- Dumping data for table `user_info`
--

INSERT INTO `user_info` (`username`, `registration`, `last_login`, `total_ads`) VALUES
('indunil', '2016-08-16 11:17:33', '2016-10-04 05:40:05', 1);

-- --------------------------------------------------------

--
-- Table structure for table `user_messages`
--

CREATE TABLE IF NOT EXISTS `user_messages` (
  `message_id` int(25) NOT NULL AUTO_INCREMENT,
  `msg_from` varchar(25) NOT NULL COMMENT 'sender',
  `msg_to` varchar(25) NOT NULL COMMENT 'receiver',
  `content` text NOT NULL,
  `time_stamp` timestamp NOT NULL DEFAULT CURRENT_TIMESTAMP,
  PRIMARY KEY (`message_id`),
  KEY `msg_to` (`msg_to`),
  KEY `msg_from` (`msg_from`)
) ENGINE=InnoDB DEFAULT CHARSET=latin1 AUTO_INCREMENT=1 ;

-- --------------------------------------------------------

--
-- Table structure for table `user_messages_inbox`
--

CREATE TABLE IF NOT EXISTS `user_messages_inbox` (
  `message_id` int(25) NOT NULL,
  `sender` varchar(25) NOT NULL,
  `read_state` tinyint(1) NOT NULL DEFAULT '0' COMMENT '1= read, 0=unread',
  PRIMARY KEY (`message_id`,`sender`),
  KEY `sender_of_message` (`sender`)
) ENGINE=InnoDB DEFAULT CHARSET=latin1;

-- --------------------------------------------------------

--
-- Table structure for table `user_messages_outbox`
--

CREATE TABLE IF NOT EXISTS `user_messages_outbox` (
  `message_id` int(25) NOT NULL,
  `receiver` varchar(25) NOT NULL,
  PRIMARY KEY (`message_id`,`receiver`),
  KEY `receiver_of_message` (`receiver`)
) ENGINE=InnoDB DEFAULT CHARSET=latin1;

-- --------------------------------------------------------

--
-- Structure for view `admin_reported_inquiryview`
--
DROP TABLE IF EXISTS `admin_reported_inquiryview`;

CREATE ALGORITHM=UNDEFINED DEFINER=`root`@`localhost` SQL SECURITY DEFINER VIEW `admin_reported_inquiryview` AS select `admin_reported_inquiries`.`inquiry_id` AS `inquiry_id`,`admin_reported_inquiries`.`time_stamp` AS `time_stamp`,`item_inquiry`.`item_number` AS `item_number`,`item_inquiry`.`message_to` AS `message_to`,`item_inquiry`.`message_from` AS `message_from`,`item_inquiry`.`inquiry_message` AS `inquiry_message`,`item_inquiry`.`inquiry_time_stamp` AS `inquiry_time_stamp`,`item_inquiry`.`inquiry_response` AS `inquiry_response`,`item_inquiry`.`response_time_stamp` AS `response_time_stamp`,`item_inquiry`.`inquiry_state` AS `inquiry_state` from (`admin_reported_inquiries` left join `item_inquiry` on((`admin_reported_inquiries`.`inquiry_id` = `item_inquiry`.`inquiry_id`)));

-- --------------------------------------------------------

--
-- Structure for view `admin_reported_itemview`
--
DROP TABLE IF EXISTS `admin_reported_itemview`;

CREATE ALGORITHM=UNDEFINED DEFINER=`root`@`localhost` SQL SECURITY DEFINER VIEW `admin_reported_itemview` AS select `admin_reported_items`.`item_number` AS `item_number`,`admin_reported_items`.`report_id` AS `report_id`,`admin_reported_items`.`reporter_email` AS `reporter_email`,`admin_reported_items`.`report_reason` AS `report_reason`,`admin_reported_items`.`reporter_message` AS `reporter_message`,`admin_reported_items`.`read_state` AS `read_state`,`itemview`.`username` AS `username`,`itemview`.`time_stamp` AS `time_stamp`,`itemview`.`category_main` AS `category_main`,`itemview`.`category_sub` AS `category_sub`,`itemview`.`district` AS `district`,`itemview`.`city` AS `city`,`itemview`.`ad_form` AS `ad_form`,`itemview`.`title` AS `title`,`itemview`.`content` AS `content`,`itemview`.`contact_number` AS `contact_number`,`itemview`.`negotiable` AS `negotiable`,`itemview`.`price` AS `price`,`itemview`.`view_count` AS `view_count`,`itemview`.`status` AS `status`,`itemview`.`reason` AS `reason` from (`admin_reported_items` left join `itemview` on((`admin_reported_items`.`item_number` = `itemview`.`item_number`)));

-- --------------------------------------------------------

--
-- Structure for view `favoriteview`
--
DROP TABLE IF EXISTS `favoriteview`;

CREATE ALGORITHM=UNDEFINED DEFINER=`root`@`localhost` SQL SECURITY DEFINER VIEW `favoriteview` AS select `user_favorite`.`record_id` AS `record_id`,`user_favorite`.`item_number` AS `item_number`,`user_favorite`.`favorite_of` AS `favorite_of`,`itemview`.`username` AS `seller`,`itemview`.`time_stamp` AS `time_stamp`,`itemview`.`category_main` AS `category_main`,`itemview`.`category_sub` AS `category_sub`,`itemview`.`district` AS `district`,`itemview`.`city` AS `city`,`itemview`.`ad_form` AS `ad_form`,`itemview`.`title` AS `title`,`itemview`.`content` AS `content`,`itemview`.`contact_number` AS `contact_number`,`itemview`.`negotiable` AS `negotiable`,`itemview`.`price` AS `price`,`itemview`.`view_count` AS `view_count`,`itemview`.`status` AS `status`,`itemview`.`reason` AS `reason` from (`user_favorite` left join `itemview` on((`user_favorite`.`item_number` = `itemview`.`item_number`)));

-- --------------------------------------------------------

--
-- Structure for view `itemview`
--
DROP TABLE IF EXISTS `itemview`;

CREATE ALGORITHM=UNDEFINED DEFINER=`root`@`localhost` SQL SECURITY DEFINER VIEW `itemview` AS select `item`.`item_number` AS `item_number`,`item`.`username` AS `username`,`item`.`time_stamp` AS `time_stamp`,`item`.`category_main` AS `category_main`,`item`.`category_sub` AS `category_sub`,`item`.`district` AS `district`,`item`.`city` AS `city`,`item`.`ad_form` AS `ad_form`,`item_info`.`title` AS `title`,`item_info`.`content` AS `content`,`item_info`.`contact_number` AS `contact_number`,`item_info`.`negotiable` AS `negotiable`,`item_info`.`price` AS `price`,`item_info`.`view_count` AS `view_count`,`item_approval`.`status` AS `status`,`item_approval`.`reason` AS `reason` from ((`item` left join `item_info` on((`item`.`item_number` = `item_info`.`item_number`))) left join `item_approval` on((`item`.`item_number` = `item_approval`.`item_number`)));

-- --------------------------------------------------------

--
-- Structure for view `messageview`
--
DROP TABLE IF EXISTS `messageview`;

CREATE ALGORITHM=UNDEFINED DEFINER=`root`@`localhost` SQL SECURITY DEFINER VIEW `messageview` AS select `user_messages`.`message_id` AS `message_id`,`user_messages`.`msg_to` AS `msg_to`,`user_messages`.`msg_from` AS `msg_from`,`user_messages`.`content` AS `content`,`user_messages`.`time_stamp` AS `time_stamp`,`user_messages_inbox`.`sender` AS `sender`,`user_messages_inbox`.`read_state` AS `read_state`,`user_messages_outbox`.`receiver` AS `receiver` from ((`user_messages` left join `user_messages_inbox` on((`user_messages`.`message_id` = `user_messages_inbox`.`message_id`))) left join `user_messages_outbox` on((`user_messages`.`message_id` = `user_messages_outbox`.`message_id`)));

-- --------------------------------------------------------

--
-- Structure for view `userview`
--
DROP TABLE IF EXISTS `userview`;

CREATE ALGORITHM=UNDEFINED DEFINER=`root`@`localhost` SQL SECURITY DEFINER VIEW `userview` AS select `user`.`username` AS `username`,`user`.`pass` AS `pass`,`user`.`user_type` AS `user_type`,`user`.`email` AS `email`,`user`.`voice` AS `voice`,`user_account_status`.`status` AS `status`,`user_account_status`.`activate_code` AS `activate_code`,`user_account_status`.`activated_time_stamp` AS `activated_time_stamp`,`user_info`.`registration` AS `registration`,`user_info`.`last_login` AS `last_login`,`user_info`.`total_ads` AS `total_ads`,`user_current_state`.`last_seen` AS `last_seen`,`user_current_state`.`Chat` AS `Chat` from (((`user` left join `user_account_status` on((`user`.`username` = `user_account_status`.`username`))) left join `user_info` on((`user`.`username` = `user_info`.`username`))) left join `user_current_state` on((`user`.`username` = `user_current_state`.`username`)));

--
-- Constraints for dumped tables
--

--
-- Constraints for table `admin_reported_inquiries`
--
ALTER TABLE `admin_reported_inquiries`
  ADD CONSTRAINT `reported_inquiry_id` FOREIGN KEY (`inquiry_id`) REFERENCES `item_inquiry` (`inquiry_id`) ON DELETE CASCADE ON UPDATE CASCADE;

--
-- Constraints for table `admin_reported_items`
--
ALTER TABLE `admin_reported_items`
  ADD CONSTRAINT `reported_item_number` FOREIGN KEY (`item_number`) REFERENCES `item` (`item_number`) ON DELETE CASCADE ON UPDATE CASCADE;

--
-- Constraints for table `admin_reported_messages`
--
ALTER TABLE `admin_reported_messages`
  ADD CONSTRAINT `message_reporter` FOREIGN KEY (`receiver`) REFERENCES `user` (`username`) ON DELETE CASCADE ON UPDATE CASCADE,
  ADD CONSTRAINT `message_sender` FOREIGN KEY (`sender`) REFERENCES `user` (`username`) ON DELETE CASCADE ON UPDATE CASCADE,
  ADD CONSTRAINT `reported_message_id` FOREIGN KEY (`message_id`) REFERENCES `user_messages` (`message_id`) ON DELETE CASCADE ON UPDATE CASCADE;

--
-- Constraints for table `category`
--
ALTER TABLE `category`
  ADD CONSTRAINT `category_main` FOREIGN KEY (`main`) REFERENCES `category_main` (`main_name`) ON DELETE CASCADE ON UPDATE CASCADE,
  ADD CONSTRAINT `category_sub` FOREIGN KEY (`sub`) REFERENCES `category_sub` (`sub_name`) ON DELETE CASCADE ON UPDATE CASCADE;

--
-- Constraints for table `item`
--
ALTER TABLE `item`
  ADD CONSTRAINT `item_category_main` FOREIGN KEY (`category_main`) REFERENCES `category_main` (`main_name`) ON DELETE CASCADE ON UPDATE CASCADE,
  ADD CONSTRAINT `item_category_sub` FOREIGN KEY (`category_sub`) REFERENCES `category_sub` (`sub_name`) ON DELETE CASCADE ON UPDATE CASCADE,
  ADD CONSTRAINT `item_city` FOREIGN KEY (`city`) REFERENCES `location_city` (`city_name`) ON DELETE CASCADE ON UPDATE CASCADE,
  ADD CONSTRAINT `item_district` FOREIGN KEY (`district`) REFERENCES `location_district` (`district_name`) ON DELETE CASCADE ON UPDATE CASCADE,
  ADD CONSTRAINT `item_seller` FOREIGN KEY (`username`) REFERENCES `user` (`username`) ON DELETE CASCADE ON UPDATE CASCADE;

--
-- Constraints for table `item_approval`
--
ALTER TABLE `item_approval`
  ADD CONSTRAINT `item_number_of_item_approval` FOREIGN KEY (`item_number`) REFERENCES `item` (`item_number`) ON DELETE CASCADE ON UPDATE CASCADE;

--
-- Constraints for table `item_info`
--
ALTER TABLE `item_info`
  ADD CONSTRAINT `item_info_item_number` FOREIGN KEY (`item_number`) REFERENCES `item` (`item_number`) ON DELETE CASCADE ON UPDATE CASCADE;

--
-- Constraints for table `item_inquiry`
--
ALTER TABLE `item_inquiry`
  ADD CONSTRAINT `item_inquiry_item_number` FOREIGN KEY (`item_number`) REFERENCES `item` (`item_number`) ON DELETE CASCADE ON UPDATE CASCADE,
  ADD CONSTRAINT `item_inquiry_receiver` FOREIGN KEY (`message_to`) REFERENCES `user` (`username`) ON DELETE CASCADE ON UPDATE CASCADE,
  ADD CONSTRAINT `item_inquiry_sender` FOREIGN KEY (`message_from`) REFERENCES `user` (`username`) ON DELETE CASCADE ON UPDATE CASCADE;

--
-- Constraints for table `location`
--
ALTER TABLE `location`
  ADD CONSTRAINT `location_city` FOREIGN KEY (`city`) REFERENCES `location_city` (`city_name`) ON DELETE CASCADE ON UPDATE CASCADE,
  ADD CONSTRAINT `location_district` FOREIGN KEY (`district`) REFERENCES `location_district` (`district_name`) ON DELETE CASCADE ON UPDATE CASCADE;

--
-- Constraints for table `reset_password`
--
ALTER TABLE `reset_password`
  ADD CONSTRAINT `user_reset_codes_username` FOREIGN KEY (`username`) REFERENCES `user` (`username`) ON DELETE CASCADE ON UPDATE CASCADE;

--
-- Constraints for table `user_account_status`
--
ALTER TABLE `user_account_status`
  ADD CONSTRAINT `user_account_status_username` FOREIGN KEY (`username`) REFERENCES `user` (`username`) ON DELETE CASCADE ON UPDATE CASCADE;

--
-- Constraints for table `user_current_state`
--
ALTER TABLE `user_current_state`
  ADD CONSTRAINT `username_of_user_state` FOREIGN KEY (`username`) REFERENCES `user` (`username`) ON DELETE CASCADE ON UPDATE CASCADE;

--
-- Constraints for table `user_favorite`
--
ALTER TABLE `user_favorite`
  ADD CONSTRAINT `favorite_item_item_number` FOREIGN KEY (`item_number`) REFERENCES `item` (`item_number`) ON DELETE CASCADE ON UPDATE CASCADE,
  ADD CONSTRAINT `favorite_item_username` FOREIGN KEY (`favorite_of`) REFERENCES `user` (`username`) ON DELETE CASCADE ON UPDATE CASCADE;

--
-- Constraints for table `user_info`
--
ALTER TABLE `user_info`
  ADD CONSTRAINT `user_info_username` FOREIGN KEY (`username`) REFERENCES `user` (`username`) ON DELETE CASCADE ON UPDATE CASCADE;

--
-- Constraints for table `user_messages`
--
ALTER TABLE `user_messages`
  ADD CONSTRAINT `message_from` FOREIGN KEY (`msg_from`) REFERENCES `user` (`username`) ON DELETE CASCADE ON UPDATE CASCADE,
  ADD CONSTRAINT `message_to` FOREIGN KEY (`msg_to`) REFERENCES `user` (`username`) ON DELETE CASCADE ON UPDATE CASCADE;

--
-- Constraints for table `user_messages_inbox`
--
ALTER TABLE `user_messages_inbox`
  ADD CONSTRAINT `message_id_of_inbox` FOREIGN KEY (`message_id`) REFERENCES `user_messages` (`message_id`) ON DELETE CASCADE ON UPDATE CASCADE,
  ADD CONSTRAINT `sender_of_message` FOREIGN KEY (`sender`) REFERENCES `user` (`username`) ON DELETE CASCADE ON UPDATE CASCADE;

--
-- Constraints for table `user_messages_outbox`
--
ALTER TABLE `user_messages_outbox`
  ADD CONSTRAINT `message_id_of_outbox` FOREIGN KEY (`message_id`) REFERENCES `user_messages` (`message_id`) ON DELETE CASCADE ON UPDATE CASCADE,
  ADD CONSTRAINT `receiver_of_message` FOREIGN KEY (`receiver`) REFERENCES `user` (`username`) ON DELETE CASCADE ON UPDATE CASCADE;

/*!40101 SET CHARACTER_SET_CLIENT=@OLD_CHARACTER_SET_CLIENT */;
/*!40101 SET CHARACTER_SET_RESULTS=@OLD_CHARACTER_SET_RESULTS */;
/*!40101 SET COLLATION_CONNECTION=@OLD_COLLATION_CONNECTION */;
